DEPTH = 16000;
WIDTH = 8;
ADDRESS_RADIX = HEX;
DATA_RADIX = HEX;
CONTENT BEGIN

	0   :   00;
	1   :   00;
	2   :   00;
	3   :   00;
	4   :   13;
	5   :   00;
	6   :   00;
	7   :   00;
	8   :   00;
	9   :   00;
	a   :   00;
	b   :   00;
	c   :   13;
	d   :   00;
	e   :   00;
	f   :   00;
	10   :   00;
	11   :   00;
	12   :   00;
	13   :   00;
	14   :   13;
	15   :   00;
	16   :   00;
	17   :   00;
	18   :   00;
	19   :   00;
	1a   :   00;
	1b   :   00;
	1c   :   13;
	1d   :   00;
	1e   :   00;
	1f   :   00;
	20   :   00;
	21   :   00;
	22   :   00;
	23   :   00;
	24   :   13;
	25   :   00;
	26   :   00;
	27   :   00;
	28   :   00;
	29   :   00;
	2a   :   00;
	2b   :   00;
	2c   :   13;
	2d   :   00;
	2e   :   00;
	2f   :   00;
	30   :   00;
	31   :   00;
	32   :   00;
	33   :   00;
	34   :   13;
	35   :   00;
	36   :   00;
	37   :   00;
	38   :   00;
	39   :   00;
	3a   :   00;
	3b   :   00;
	3c   :   13;
	3d   :   00;
	3e   :   00;
	3f   :   00;
	40   :   00;
	41   :   00;
	42   :   00;
	43   :   00;
	44   :   13;
	45   :   00;
	46   :   00;
	47   :   00;
	48   :   00;
	49   :   00;
	4a   :   00;
	4b   :   00;
	4c   :   13;
	4d   :   00;
	4e   :   00;
	4f   :   00;
	50   :   00;
	51   :   00;
	52   :   00;
	53   :   00;
	54   :   13;
	55   :   00;
	56   :   00;
	57   :   00;
	58   :   00;
	59   :   00;
	5a   :   00;
	5b   :   00;
	5c   :   13;
	5d   :   00;
	5e   :   00;
	5f   :   00;
	60   :   00;
	61   :   00;
	62   :   00;
	63   :   00;
	64   :   13;
	65   :   00;
	66   :   00;
	67   :   00;
	68   :   00;
	69   :   00;
	6a   :   00;
	6b   :   00;
	6c   :   13;
	6d   :   00;
	6e   :   00;
	6f   :   00;
	70   :   00;
	71   :   00;
	72   :   00;
	73   :   00;
	74   :   13;
	75   :   00;
	76   :   00;
	77   :   00;
	78   :   00;
	79   :   00;
	7a   :   00;
	7b   :   00;
	7c   :   13;
	7d   :   00;
	7e   :   00;
	7f   :   00;
	80   :   00;
	81   :   00;
	82   :   00;
	83   :   00;
	84   :   13;
	85   :   00;
	86   :   00;
	87   :   00;
	88   :   00;
	89   :   00;
	8a   :   00;
	8b   :   00;
	8c   :   13;
	8d   :   00;
	8e   :   00;
	8f   :   00;
	90   :   00;
	91   :   00;
	92   :   00;
	93   :   00;
	94   :   13;
	95   :   00;
	96   :   00;
	97   :   00;
	98   :   00;
	99   :   00;
	9a   :   00;
	9b   :   00;
	9c   :   13;
	9d   :   00;
	9e   :   00;
	9f   :   00;
	a0   :   00;
	a1   :   00;
	a2   :   00;
	a3   :   00;
	a4   :   13;
	a5   :   00;
	a6   :   00;
	a7   :   00;
	a8   :   00;
	a9   :   00;
	aa   :   00;
	ab   :   00;
	ac   :   13;
	ad   :   00;
	ae   :   00;
	af   :   00;
	b0   :   00;
	b1   :   00;
	b2   :   00;
	b3   :   00;
	b4   :   13;
	b5   :   00;
	b6   :   00;
	b7   :   00;
	b8   :   00;
	b9   :   00;
	ba   :   00;
	bb   :   00;
	bc   :   13;
	bd   :   00;
	be   :   00;
	bf   :   00;
	c0   :   00;
	c1   :   00;
	c2   :   00;
	c3   :   00;
	c4   :   13;
	c5   :   00;
	c6   :   00;
	c7   :   00;
	c8   :   00;
	c9   :   00;
	ca   :   00;
	cb   :   00;
	cc   :   13;
	cd   :   00;
	ce   :   00;
	cf   :   00;
	d0   :   00;
	d1   :   00;
	d2   :   00;
	d3   :   00;
	d4   :   13;
	d5   :   00;
	d6   :   00;
	d7   :   00;
	d8   :   00;
	d9   :   00;
	da   :   00;
	db   :   00;
	dc   :   13;
	dd   :   00;
	de   :   00;
	df   :   00;
	e0   :   00;
	e1   :   00;
	e2   :   00;
	e3   :   00;
	e4   :   13;
	e5   :   00;
	e6   :   00;
	e7   :   00;
	e8   :   00;
	e9   :   00;
	ea   :   00;
	eb   :   00;
	ec   :   13;
	ed   :   00;
	ee   :   00;
	ef   :   00;
	f0   :   00;
	f1   :   00;
	f2   :   00;
	f3   :   00;
	f4   :   13;
	f5   :   00;
	f6   :   00;
	f7   :   00;
	f8   :   00;
	f9   :   00;
	fa   :   00;
	fb   :   00;
	fc   :   13;
	fd   :   00;
	fe   :   00;
	ff   :   00;
	100   :   00;
	101   :   00;
	102   :   00;
	103   :   00;
	104   :   13;
	105   :   00;
	106   :   00;
	107   :   00;
	108   :   00;
	109   :   00;
	10a   :   00;
	10b   :   00;
	10c   :   13;
	10d   :   00;
	10e   :   00;
	10f   :   00;
	110   :   00;
	111   :   00;
	112   :   00;
	113   :   00;
	114   :   13;
	115   :   00;
	116   :   00;
	117   :   00;
	118   :   00;
	119   :   00;
	11a   :   00;
	11b   :   00;
	11c   :   13;
	11d   :   00;
	11e   :   00;
	11f   :   00;
	120   :   00;
	121   :   00;
	122   :   00;
	123   :   00;
	124   :   13;
	125   :   00;
	126   :   00;
	127   :   00;
	128   :   00;
	129   :   00;
	12a   :   00;
	12b   :   00;
	12c   :   13;
	12d   :   00;
	12e   :   00;
	12f   :   00;
	130   :   00;
	131   :   00;
	132   :   00;
	133   :   00;
	134   :   13;
	135   :   00;
	136   :   00;
	137   :   00;
	138   :   00;
	139   :   00;
	13a   :   00;
	13b   :   00;
	13c   :   13;
	13d   :   00;
	13e   :   00;
	13f   :   00;
	140   :   00;
	141   :   00;
	142   :   00;
	143   :   00;
	144   :   13;
	145   :   00;
	146   :   00;
	147   :   00;
	148   :   00;
	149   :   00;
	14a   :   00;
	14b   :   00;
	14c   :   13;
	14d   :   00;
	14e   :   00;
	14f   :   00;
	150   :   00;
	151   :   00;
	152   :   00;
	153   :   00;
	154   :   13;
	155   :   00;
	156   :   00;
	157   :   00;
	158   :   00;
	159   :   00;
	15a   :   00;
	15b   :   00;
	15c   :   13;
	15d   :   00;
	15e   :   00;
	15f   :   00;
	160   :   00;
	161   :   00;
	162   :   00;
	163   :   00;
	164   :   13;
	165   :   00;
	166   :   00;
	167   :   00;
	168   :   00;
	169   :   00;
	16a   :   00;
	16b   :   00;
	16c   :   13;
	16d   :   00;
	16e   :   00;
	16f   :   00;
	170   :   00;
	171   :   00;
	172   :   00;
	173   :   00;
	174   :   13;
	175   :   00;
	176   :   00;
	177   :   00;
	178   :   00;
	179   :   00;
	17a   :   00;
	17b   :   00;
	17c   :   13;
	17d   :   00;
	17e   :   00;
	17f   :   00;
	180   :   00;
	181   :   00;
	182   :   00;
	183   :   00;
	184   :   13;
	185   :   00;
	186   :   00;
	187   :   00;
	188   :   00;
	189   :   00;
	18a   :   00;
	18b   :   00;
	18c   :   13;
	18d   :   00;
	18e   :   00;
	18f   :   00;
	190   :   00;
	191   :   00;
	192   :   00;
	193   :   00;
	194   :   13;
	195   :   00;
	196   :   00;
	197   :   00;
	198   :   00;
	199   :   00;
	19a   :   00;
	19b   :   00;
	19c   :   13;
	19d   :   00;
	19e   :   00;
	19f   :   00;
	1a0   :   00;
	1a1   :   00;
	1a2   :   00;
	1a3   :   00;
	1a4   :   13;
	1a5   :   00;
	1a6   :   00;
	1a7   :   00;
	1a8   :   00;
	1a9   :   00;
	1aa   :   00;
	1ab   :   00;
	1ac   :   13;
	1ad   :   00;
	1ae   :   00;
	1af   :   00;
	1b0   :   00;
	1b1   :   00;
	1b2   :   00;
	1b3   :   00;
	1b4   :   13;
	1b5   :   00;
	1b6   :   00;
	1b7   :   00;
	1b8   :   00;
	1b9   :   00;
	1ba   :   00;
	1bb   :   00;
	1bc   :   13;
	1bd   :   00;
	1be   :   00;
	1bf   :   00;
	1c0   :   00;
	1c1   :   00;
	1c2   :   00;
	1c3   :   00;
	1c4   :   13;
	1c5   :   00;
	1c6   :   00;
	1c7   :   00;
	1c8   :   00;
	1c9   :   00;
	1ca   :   00;
	1cb   :   00;
	1cc   :   13;
	1cd   :   00;
	1ce   :   00;
	1cf   :   00;
	1d0   :   00;
	1d1   :   00;
	1d2   :   00;
	1d3   :   00;
	1d4   :   13;
	1d5   :   00;
	1d6   :   00;
	1d7   :   00;
	1d8   :   00;
	1d9   :   00;
	1da   :   00;
	1db   :   00;
	1dc   :   13;
	1dd   :   00;
	1de   :   00;
	1df   :   00;
	1e0   :   00;
	1e1   :   00;
	1e2   :   00;
	1e3   :   00;
	1e4   :   13;
	1e5   :   00;
	1e6   :   00;
	1e7   :   00;
	1e8   :   00;
	1e9   :   00;
	1ea   :   00;
	1eb   :   00;
	1ec   :   13;
	1ed   :   00;
	1ee   :   00;
	1ef   :   00;
	1f0   :   00;
	1f1   :   00;
	1f2   :   00;
	1f3   :   00;
	1f4   :   13;
	1f5   :   00;
	1f6   :   00;
	1f7   :   00;
	1f8   :   00;
	1f9   :   00;
	1fa   :   00;
	1fb   :   00;
	1fc   :   13;
	1fd   :   00;
	1fe   :   00;
	1ff   :   00;
	200   :   00;
	201   :   00;
	202   :   00;
	203   :   00;
	204   :   13;
	205   :   00;
	206   :   00;
	207   :   00;
	208   :   00;
	209   :   00;
	20a   :   00;
	20b   :   00;
	20c   :   13;
	20d   :   00;
	20e   :   00;
	20f   :   00;
	210   :   00;
	211   :   00;
	212   :   00;
	213   :   00;
	214   :   13;
	215   :   00;
	216   :   00;
	217   :   00;
	218   :   00;
	219   :   00;
	21a   :   00;
	21b   :   00;
	21c   :   13;
	21d   :   00;
	21e   :   00;
	21f   :   00;
	220   :   00;
	221   :   00;
	222   :   00;
	223   :   00;
	224   :   13;
	225   :   00;
	226   :   00;
	227   :   00;
	228   :   00;
	229   :   00;
	22a   :   00;
	22b   :   00;
	22c   :   13;
	22d   :   00;
	22e   :   00;
	22f   :   00;
	230   :   00;
	231   :   00;
	232   :   00;
	233   :   00;
	234   :   13;
	235   :   00;
	236   :   00;
	237   :   00;
	238   :   00;
	239   :   00;
	23a   :   00;
	23b   :   00;
	23c   :   13;
	23d   :   00;
	23e   :   00;
	23f   :   00;
	240   :   00;
	241   :   00;
	242   :   00;
	243   :   00;
	244   :   13;
	245   :   00;
	246   :   00;
	247   :   00;
	248   :   00;
	249   :   00;
	24a   :   00;
	24b   :   00;
	24c   :   13;
	24d   :   00;
	24e   :   00;
	24f   :   00;
	250   :   00;
	251   :   00;
	252   :   00;
	253   :   00;
	254   :   13;
	255   :   00;
	256   :   00;
	257   :   00;
	258   :   00;
	259   :   00;
	25a   :   00;
	25b   :   00;
	25c   :   13;
	25d   :   00;
	25e   :   00;
	25f   :   00;
	260   :   00;
	261   :   00;
	262   :   00;
	263   :   00;
	264   :   13;
	265   :   00;
	266   :   00;
	267   :   00;
	268   :   00;
	269   :   00;
	26a   :   00;
	26b   :   00;
	26c   :   13;
	26d   :   00;
	26e   :   00;
	26f   :   00;
	270   :   00;
	271   :   00;
	272   :   00;
	273   :   00;
	274   :   13;
	275   :   00;
	276   :   00;
	277   :   00;
	278   :   00;
	279   :   00;
	27a   :   00;
	27b   :   00;
	27c   :   13;
	27d   :   00;
	27e   :   00;
	27f   :   00;
	280   :   00;
	281   :   00;
	282   :   00;
	283   :   00;
	284   :   13;
	285   :   00;
	286   :   00;
	287   :   00;
	288   :   00;
	289   :   00;
	28a   :   00;
	28b   :   00;
	28c   :   13;
	28d   :   00;
	28e   :   00;
	28f   :   00;
	290   :   00;
	291   :   00;
	292   :   00;
	293   :   00;
	294   :   13;
	295   :   00;
	296   :   00;
	297   :   00;
	298   :   00;
	299   :   00;
	29a   :   00;
	29b   :   00;
	29c   :   13;
	29d   :   00;
	29e   :   00;
	29f   :   00;
	2a0   :   00;
	2a1   :   00;
	2a2   :   00;
	2a3   :   00;
	2a4   :   13;
	2a5   :   00;
	2a6   :   00;
	2a7   :   00;
	2a8   :   00;
	2a9   :   09;
	2aa   :   51;
	2ab   :   49;
	2ac   :   13;
	2ad   :   00;
	2ae   :   00;
	2af   :   00;
	2b0   :   48;
	2b1   :   50;
	2b2   :   51;
	2b3   :   51;
	2b4   :   13;
	2b5   :   00;
	2b6   :   00;
	2b7   :   00;
	2b8   :   51;
	2b9   :   51;
	2ba   :   51;
	2bb   :   51;
	2bc   :   13;
	2bd   :   00;
	2be   :   00;
	2bf   :   00;
	2c0   :   51;
	2c1   :   51;
	2c2   :   51;
	2c3   :   51;
	2c4   :   13;
	2c5   :   00;
	2c6   :   00;
	2c7   :   00;
	2c8   :   51;
	2c9   :   51;
	2ca   :   51;
	2cb   :   51;
	2cc   :   13;
	2cd   :   00;
	2ce   :   00;
	2cf   :   00;
	2d0   :   51;
	2d1   :   51;
	2d2   :   51;
	2d3   :   49;
	2d4   :   13;
	2d5   :   00;
	2d6   :   00;
	2d7   :   00;
	2d8   :   00;
	2d9   :   00;
	2da   :   00;
	2db   :   00;
	2dc   :   13;
	2dd   :   00;
	2de   :   00;
	2df   :   00;
	2e0   :   00;
	2e1   :   00;
	2e2   :   00;
	2e3   :   00;
	2e4   :   13;
	2e5   :   00;
	2e6   :   00;
	2e7   :   00;
	2e8   :   00;
	2e9   :   00;
	2ea   :   00;
	2eb   :   49;
	2ec   :   13;
	2ed   :   00;
	2ee   :   00;
	2ef   :   00;
	2f0   :   51;
	2f1   :   51;
	2f2   :   51;
	2f3   :   51;
	2f4   :   13;
	2f5   :   00;
	2f6   :   00;
	2f7   :   00;
	2f8   :   51;
	2f9   :   51;
	2fa   :   51;
	2fb   :   51;
	2fc   :   13;
	2fd   :   00;
	2fe   :   00;
	2ff   :   00;
	300   :   51;
	301   :   51;
	302   :   51;
	303   :   51;
	304   :   13;
	305   :   00;
	306   :   00;
	307   :   00;
	308   :   51;
	309   :   51;
	30a   :   51;
	30b   :   09;
	30c   :   13;
	30d   :   00;
	30e   :   00;
	30f   :   00;
	310   :   00;
	311   :   00;
	312   :   00;
	313   :   00;
	314   :   13;
	315   :   00;
	316   :   00;
	317   :   00;
	318   :   00;
	319   :   00;
	31a   :   00;
	31b   :   00;
	31c   :   13;
	31d   :   00;
	31e   :   00;
	31f   :   00;
	320   :   00;
	321   :   49;
	322   :   51;
	323   :   51;
	324   :   13;
	325   :   00;
	326   :   00;
	327   :   00;
	328   :   51;
	329   :   51;
	32a   :   51;
	32b   :   51;
	32c   :   13;
	32d   :   00;
	32e   :   00;
	32f   :   00;
	330   :   51;
	331   :   51;
	332   :   51;
	333   :   51;
	334   :   13;
	335   :   00;
	336   :   00;
	337   :   00;
	338   :   51;
	339   :   51;
	33a   :   51;
	33b   :   51;
	33c   :   13;
	33d   :   00;
	33e   :   00;
	33f   :   00;
	340   :   51;
	341   :   51;
	342   :   00;
	343   :   00;
	344   :   13;
	345   :   00;
	346   :   00;
	347   :   00;
	348   :   00;
	349   :   00;
	34a   :   01;
	34b   :   49;
	34c   :   13;
	34d   :   00;
	34e   :   00;
	34f   :   00;
	350   :   49;
	351   :   50;
	352   :   50;
	353   :   51;
	354   :   13;
	355   :   00;
	356   :   00;
	357   :   00;
	358   :   51;
	359   :   51;
	35a   :   51;
	35b   :   51;
	35c   :   13;
	35d   :   00;
	35e   :   00;
	35f   :   00;
	360   :   51;
	361   :   51;
	362   :   51;
	363   :   51;
	364   :   13;
	365   :   00;
	366   :   00;
	367   :   00;
	368   :   09;
	369   :   00;
	36a   :   00;
	36b   :   00;
	36c   :   13;
	36d   :   00;
	36e   :   00;
	36f   :   00;
	370   :   00;
	371   :   00;
	372   :   09;
	373   :   51;
	374   :   13;
	375   :   00;
	376   :   00;
	377   :   00;
	378   :   51;
	379   :   51;
	37a   :   51;
	37b   :   51;
	37c   :   13;
	37d   :   00;
	37e   :   00;
	37f   :   00;
	380   :   51;
	381   :   51;
	382   :   51;
	383   :   51;
	384   :   13;
	385   :   00;
	386   :   00;
	387   :   00;
	388   :   51;
	389   :   51;
	38a   :   51;
	38b   :   51;
	38c   :   13;
	38d   :   00;
	38e   :   00;
	38f   :   00;
	390   :   09;
	391   :   00;
	392   :   00;
	393   :   00;
	394   :   13;
	395   :   00;
	396   :   00;
	397   :   00;
	398   :   00;
	399   :   00;
	39a   :   00;
	39b   :   00;
	39c   :   13;
	39d   :   00;
	39e   :   00;
	39f   :   00;
	3a0   :   00;
	3a1   :   00;
	3a2   :   00;
	3a3   :   00;
	3a4   :   13;
	3a5   :   00;
	3a6   :   00;
	3a7   :   00;
	3a8   :   00;
	3a9   :   00;
	3aa   :   00;
	3ab   :   00;
	3ac   :   13;
	3ad   :   00;
	3ae   :   00;
	3af   :   00;
	3b0   :   00;
	3b1   :   00;
	3b2   :   00;
	3b3   :   00;
	3b4   :   13;
	3b5   :   00;
	3b6   :   00;
	3b7   :   00;
	3b8   :   00;
	3b9   :   00;
	3ba   :   00;
	3bb   :   00;
	3bc   :   13;
	3bd   :   00;
	3be   :   00;
	3bf   :   00;
	3c0   :   00;
	3c1   :   00;
	3c2   :   00;
	3c3   :   00;
	3c4   :   13;
	3c5   :   00;
	3c6   :   00;
	3c7   :   00;
	3c8   :   00;
	3c9   :   00;
	3ca   :   00;
	3cb   :   00;
	3cc   :   13;
	3cd   :   00;
	3ce   :   00;
	3cf   :   00;
	3d0   :   00;
	3d1   :   00;
	3d2   :   00;
	3d3   :   00;
	3d4   :   13;
	3d5   :   00;
	3d6   :   00;
	3d7   :   00;
	3d8   :   00;
	3d9   :   00;
	3da   :   00;
	3db   :   00;
	3dc   :   13;
	3dd   :   00;
	3de   :   00;
	3df   :   00;
	3e0   :   00;
	3e1   :   00;
	3e2   :   00;
	3e3   :   00;
	3e4   :   13;
	3e5   :   00;
	3e6   :   00;
	3e7   :   00;
	3e8   :   00;
	3e9   :   01;
	3ea   :   51;
	3eb   :   e1;
	3ec   :   13;
	3ed   :   00;
	3ee   :   00;
	3ef   :   00;
	3f0   :   e2;
	3f1   :   99;
	3f2   :   a1;
	3f3   :   a1;
	3f4   :   13;
	3f5   :   00;
	3f6   :   00;
	3f7   :   00;
	3f8   :   a1;
	3f9   :   a2;
	3fa   :   99;
	3fb   :   a1;
	3fc   :   13;
	3fd   :   00;
	3fe   :   00;
	3ff   :   00;
	400   :   a1;
	401   :   a2;
	402   :   9a;
	403   :   99;
	404   :   13;
	405   :   00;
	406   :   00;
	407   :   00;
	408   :   a1;
	409   :   99;
	40a   :   a1;
	40b   :   a1;
	40c   :   13;
	40d   :   00;
	40e   :   00;
	40f   :   00;
	410   :   99;
	411   :   99;
	412   :   9a;
	413   :   9a;
	414   :   13;
	415   :   00;
	416   :   00;
	417   :   00;
	418   :   9a;
	419   :   52;
	41a   :   00;
	41b   :   00;
	41c   :   13;
	41d   :   00;
	41e   :   00;
	41f   :   00;
	420   :   00;
	421   :   00;
	422   :   00;
	423   :   00;
	424   :   13;
	425   :   00;
	426   :   00;
	427   :   00;
	428   :   00;
	429   :   52;
	42a   :   9a;
	42b   :   91;
	42c   :   13;
	42d   :   00;
	42e   :   00;
	42f   :   00;
	430   :   99;
	431   :   99;
	432   :   9a;
	433   :   9a;
	434   :   13;
	435   :   00;
	436   :   00;
	437   :   00;
	438   :   99;
	439   :   9a;
	43a   :   9a;
	43b   :   9a;
	43c   :   13;
	43d   :   00;
	43e   :   00;
	43f   :   00;
	440   :   9a;
	441   :   9a;
	442   :   9a;
	443   :   9a;
	444   :   13;
	445   :   00;
	446   :   00;
	447   :   00;
	448   :   9a;
	449   :   9a;
	44a   :   9a;
	44b   :   92;
	44c   :   13;
	44d   :   00;
	44e   :   00;
	44f   :   00;
	450   :   92;
	451   :   52;
	452   :   00;
	453   :   00;
	454   :   13;
	455   :   00;
	456   :   00;
	457   :   00;
	458   :   00;
	459   :   00;
	45a   :   00;
	45b   :   52;
	45c   :   13;
	45d   :   00;
	45e   :   00;
	45f   :   00;
	460   :   9b;
	461   :   99;
	462   :   99;
	463   :   99;
	464   :   13;
	465   :   00;
	466   :   00;
	467   :   00;
	468   :   9a;
	469   :   a2;
	46a   :   a2;
	46b   :   a2;
	46c   :   13;
	46d   :   00;
	46e   :   00;
	46f   :   00;
	470   :   a2;
	471   :   a2;
	472   :   a2;
	473   :   a2;
	474   :   13;
	475   :   00;
	476   :   00;
	477   :   00;
	478   :   9a;
	479   :   a2;
	47a   :   a2;
	47b   :   a2;
	47c   :   13;
	47d   :   00;
	47e   :   00;
	47f   :   00;
	480   :   9a;
	481   :   9a;
	482   :   9b;
	483   :   9a;
	484   :   13;
	485   :   00;
	486   :   00;
	487   :   00;
	488   :   09;
	489   :   51;
	48a   :   e1;
	48b   :   e1;
	48c   :   13;
	48d   :   00;
	48e   :   00;
	48f   :   00;
	490   :   e2;
	491   :   ea;
	492   :   a2;
	493   :   99;
	494   :   13;
	495   :   00;
	496   :   00;
	497   :   00;
	498   :   9a;
	499   :   9a;
	49a   :   9a;
	49b   :   9a;
	49c   :   13;
	49d   :   00;
	49e   :   00;
	49f   :   00;
	4a0   :   9a;
	4a1   :   99;
	4a2   :   99;
	4a3   :   a3;
	4a4   :   13;
	4a5   :   00;
	4a6   :   00;
	4a7   :   00;
	4a8   :   9c;
	4a9   :   01;
	4aa   :   00;
	4ab   :   00;
	4ac   :   13;
	4ad   :   00;
	4ae   :   00;
	4af   :   00;
	4b0   :   49;
	4b1   :   a3;
	4b2   :   a5;
	4b3   :   9a;
	4b4   :   13;
	4b5   :   00;
	4b6   :   00;
	4b7   :   00;
	4b8   :   9a;
	4b9   :   9a;
	4ba   :   9a;
	4bb   :   9a;
	4bc   :   13;
	4bd   :   00;
	4be   :   00;
	4bf   :   00;
	4c0   :   9a;
	4c1   :   a2;
	4c2   :   9a;
	4c3   :   9a;
	4c4   :   13;
	4c5   :   00;
	4c6   :   00;
	4c7   :   00;
	4c8   :   a3;
	4c9   :   e2;
	4ca   :   e1;
	4cb   :   51;
	4cc   :   13;
	4cd   :   00;
	4ce   :   00;
	4cf   :   00;
	4d0   :   00;
	4d1   :   00;
	4d2   :   00;
	4d3   :   00;
	4d4   :   13;
	4d5   :   00;
	4d6   :   00;
	4d7   :   00;
	4d8   :   00;
	4d9   :   00;
	4da   :   00;
	4db   :   00;
	4dc   :   13;
	4dd   :   00;
	4de   :   00;
	4df   :   00;
	4e0   :   00;
	4e1   :   00;
	4e2   :   00;
	4e3   :   00;
	4e4   :   13;
	4e5   :   00;
	4e6   :   00;
	4e7   :   00;
	4e8   :   00;
	4e9   :   00;
	4ea   :   00;
	4eb   :   00;
	4ec   :   13;
	4ed   :   00;
	4ee   :   00;
	4ef   :   00;
	4f0   :   00;
	4f1   :   00;
	4f2   :   00;
	4f3   :   00;
	4f4   :   13;
	4f5   :   00;
	4f6   :   00;
	4f7   :   00;
	4f8   :   00;
	4f9   :   00;
	4fa   :   00;
	4fb   :   00;
	4fc   :   13;
	4fd   :   00;
	4fe   :   00;
	4ff   :   00;
	500   :   00;
	501   :   00;
	502   :   00;
	503   :   00;
	504   :   13;
	505   :   00;
	506   :   00;
	507   :   00;
	508   :   00;
	509   :   00;
	50a   :   00;
	50b   :   00;
	50c   :   13;
	50d   :   00;
	50e   :   00;
	50f   :   00;
	510   :   00;
	511   :   00;
	512   :   00;
	513   :   00;
	514   :   13;
	515   :   00;
	516   :   00;
	517   :   00;
	518   :   00;
	519   :   00;
	51a   :   00;
	51b   :   00;
	51c   :   13;
	51d   :   00;
	51e   :   00;
	51f   :   00;
	520   :   00;
	521   :   00;
	522   :   00;
	523   :   00;
	524   :   13;
	525   :   00;
	526   :   00;
	527   :   00;
	528   :   00;
	529   :   00;
	52a   :   00;
	52b   :   01;
	52c   :   13;
	52d   :   00;
	52e   :   00;
	52f   :   00;
	530   :   9f;
	531   :   53;
	532   :   40;
	533   :   48;
	534   :   13;
	535   :   00;
	536   :   00;
	537   :   00;
	538   :   49;
	539   :   09;
	53a   :   48;
	53b   :   40;
	53c   :   13;
	53d   :   00;
	53e   :   00;
	53f   :   00;
	540   :   48;
	541   :   48;
	542   :   40;
	543   :   48;
	544   :   13;
	545   :   00;
	546   :   00;
	547   :   00;
	548   :   48;
	549   :   48;
	54a   :   48;
	54b   :   08;
	54c   :   13;
	54d   :   00;
	54e   :   00;
	54f   :   00;
	550   :   48;
	551   :   48;
	552   :   48;
	553   :   48;
	554   :   13;
	555   :   00;
	556   :   00;
	557   :   00;
	558   :   49;
	559   :   9a;
	55a   :   a2;
	55b   :   52;
	55c   :   13;
	55d   :   00;
	55e   :   00;
	55f   :   00;
	560   :   00;
	561   :   00;
	562   :   00;
	563   :   52;
	564   :   13;
	565   :   00;
	566   :   00;
	567   :   00;
	568   :   a3;
	569   :   93;
	56a   :   49;
	56b   :   48;
	56c   :   13;
	56d   :   00;
	56e   :   00;
	56f   :   00;
	570   :   48;
	571   :   48;
	572   :   48;
	573   :   48;
	574   :   13;
	575   :   00;
	576   :   00;
	577   :   00;
	578   :   48;
	579   :   48;
	57a   :   48;
	57b   :   48;
	57c   :   13;
	57d   :   00;
	57e   :   00;
	57f   :   00;
	580   :   48;
	581   :   48;
	582   :   50;
	583   :   48;
	584   :   13;
	585   :   00;
	586   :   00;
	587   :   00;
	588   :   48;
	589   :   48;
	58a   :   48;
	58b   :   48;
	58c   :   13;
	58d   :   00;
	58e   :   00;
	58f   :   00;
	590   :   49;
	591   :   9b;
	592   :   a4;
	593   :   52;
	594   :   13;
	595   :   00;
	596   :   00;
	597   :   00;
	598   :   00;
	599   :   52;
	59a   :   a3;
	59b   :   9a;
	59c   :   13;
	59d   :   00;
	59e   :   00;
	59f   :   00;
	5a0   :   51;
	5a1   :   48;
	5a2   :   01;
	5a3   :   49;
	5a4   :   13;
	5a5   :   00;
	5a6   :   00;
	5a7   :   00;
	5a8   :   48;
	5a9   :   48;
	5aa   :   48;
	5ab   :   48;
	5ac   :   13;
	5ad   :   00;
	5ae   :   00;
	5af   :   00;
	5b0   :   48;
	5b1   :   48;
	5b2   :   48;
	5b3   :   08;
	5b4   :   13;
	5b5   :   00;
	5b6   :   00;
	5b7   :   00;
	5b8   :   00;
	5b9   :   48;
	5ba   :   48;
	5bb   :   48;
	5bc   :   13;
	5bd   :   00;
	5be   :   00;
	5bf   :   00;
	5c0   :   48;
	5c1   :   48;
	5c2   :   49;
	5c3   :   9a;
	5c4   :   13;
	5c5   :   00;
	5c6   :   00;
	5c7   :   00;
	5c8   :   e3;
	5c9   :   eb;
	5ca   :   a2;
	5cb   :   98;
	5cc   :   13;
	5cd   :   00;
	5ce   :   00;
	5cf   :   00;
	5d0   :   5b;
	5d1   :   9f;
	5d2   :   55;
	5d3   :   48;
	5d4   :   13;
	5d5   :   00;
	5d6   :   00;
	5d7   :   00;
	5d8   :   48;
	5d9   :   48;
	5da   :   08;
	5db   :   48;
	5dc   :   13;
	5dd   :   00;
	5de   :   00;
	5df   :   00;
	5e0   :   48;
	5e1   :   48;
	5e2   :   48;
	5e3   :   00;
	5e4   :   13;
	5e5   :   00;
	5e6   :   00;
	5e7   :   00;
	5e8   :   9c;
	5e9   :   52;
	5ea   :   08;
	5eb   :   a2;
	5ec   :   13;
	5ed   :   00;
	5ee   :   00;
	5ef   :   00;
	5f0   :   f1;
	5f1   :   ec;
	5f2   :   9c;
	5f3   :   49;
	5f4   :   13;
	5f5   :   00;
	5f6   :   00;
	5f7   :   00;
	5f8   :   48;
	5f9   :   48;
	5fa   :   48;
	5fb   :   51;
	5fc   :   13;
	5fd   :   00;
	5fe   :   00;
	5ff   :   00;
	600   :   48;
	601   :   48;
	602   :   09;
	603   :   48;
	604   :   13;
	605   :   00;
	606   :   00;
	607   :   00;
	608   :   54;
	609   :   9f;
	60a   :   0a;
	60b   :   00;
	60c   :   13;
	60d   :   00;
	60e   :   00;
	60f   :   00;
	610   :   00;
	611   :   00;
	612   :   00;
	613   :   00;
	614   :   13;
	615   :   00;
	616   :   00;
	617   :   00;
	618   :   00;
	619   :   00;
	61a   :   00;
	61b   :   00;
	61c   :   13;
	61d   :   00;
	61e   :   00;
	61f   :   00;
	620   :   00;
	621   :   00;
	622   :   00;
	623   :   00;
	624   :   13;
	625   :   00;
	626   :   00;
	627   :   00;
	628   :   00;
	629   :   00;
	62a   :   00;
	62b   :   00;
	62c   :   13;
	62d   :   00;
	62e   :   00;
	62f   :   00;
	630   :   00;
	631   :   00;
	632   :   00;
	633   :   00;
	634   :   13;
	635   :   00;
	636   :   00;
	637   :   00;
	638   :   00;
	639   :   00;
	63a   :   00;
	63b   :   00;
	63c   :   13;
	63d   :   00;
	63e   :   00;
	63f   :   00;
	640   :   00;
	641   :   00;
	642   :   00;
	643   :   00;
	644   :   13;
	645   :   00;
	646   :   00;
	647   :   00;
	648   :   00;
	649   :   00;
	64a   :   00;
	64b   :   00;
	64c   :   13;
	64d   :   00;
	64e   :   00;
	64f   :   00;
	650   :   00;
	651   :   00;
	652   :   00;
	653   :   00;
	654   :   13;
	655   :   00;
	656   :   00;
	657   :   00;
	658   :   00;
	659   :   00;
	65a   :   00;
	65b   :   00;
	65c   :   13;
	65d   :   00;
	65e   :   00;
	65f   :   00;
	660   :   00;
	661   :   01;
	662   :   01;
	663   :   00;
	664   :   13;
	665   :   00;
	666   :   00;
	667   :   00;
	668   :   00;
	669   :   00;
	66a   :   00;
	66b   :   01;
	66c   :   13;
	66d   :   00;
	66e   :   00;
	66f   :   00;
	670   :   5f;
	671   :   5b;
	672   :   48;
	673   :   91;
	674   :   13;
	675   :   00;
	676   :   00;
	677   :   00;
	678   :   51;
	679   :   51;
	67a   :   48;
	67b   :   48;
	67c   :   13;
	67d   :   00;
	67e   :   00;
	67f   :   00;
	680   :   48;
	681   :   50;
	682   :   50;
	683   :   48;
	684   :   13;
	685   :   00;
	686   :   00;
	687   :   00;
	688   :   50;
	689   :   50;
	68a   :   48;
	68b   :   50;
	68c   :   13;
	68d   :   00;
	68e   :   00;
	68f   :   00;
	690   :   49;
	691   :   49;
	692   :   50;
	693   :   51;
	694   :   13;
	695   :   00;
	696   :   00;
	697   :   00;
	698   :   50;
	699   :   48;
	69a   :   5b;
	69b   :   a7;
	69c   :   13;
	69d   :   00;
	69e   :   00;
	69f   :   00;
	6a0   :   55;
	6a1   :   0a;
	6a2   :   09;
	6a3   :   9f;
	6a4   :   13;
	6a5   :   00;
	6a6   :   00;
	6a7   :   00;
	6a8   :   53;
	6a9   :   48;
	6aa   :   50;
	6ab   :   50;
	6ac   :   13;
	6ad   :   00;
	6ae   :   00;
	6af   :   00;
	6b0   :   50;
	6b1   :   48;
	6b2   :   50;
	6b3   :   50;
	6b4   :   13;
	6b5   :   00;
	6b6   :   00;
	6b7   :   00;
	6b8   :   50;
	6b9   :   48;
	6ba   :   50;
	6bb   :   50;
	6bc   :   13;
	6bd   :   00;
	6be   :   00;
	6bf   :   00;
	6c0   :   50;
	6c1   :   50;
	6c2   :   50;
	6c3   :   50;
	6c4   :   13;
	6c5   :   00;
	6c6   :   00;
	6c7   :   00;
	6c8   :   90;
	6c9   :   50;
	6ca   :   51;
	6cb   :   50;
	6cc   :   13;
	6cd   :   00;
	6ce   :   00;
	6cf   :   00;
	6d0   :   50;
	6d1   :   08;
	6d2   :   5e;
	6d3   :   a7;
	6d4   :   13;
	6d5   :   00;
	6d6   :   00;
	6d7   :   00;
	6d8   :   4a;
	6d9   :   9e;
	6da   :   57;
	6db   :   48;
	6dc   :   13;
	6dd   :   00;
	6de   :   00;
	6df   :   00;
	6e0   :   48;
	6e1   :   51;
	6e2   :   51;
	6e3   :   51;
	6e4   :   13;
	6e5   :   00;
	6e6   :   00;
	6e7   :   00;
	6e8   :   50;
	6e9   :   50;
	6ea   :   50;
	6eb   :   50;
	6ec   :   13;
	6ed   :   00;
	6ee   :   00;
	6ef   :   00;
	6f0   :   48;
	6f1   :   50;
	6f2   :   51;
	6f3   :   50;
	6f4   :   13;
	6f5   :   00;
	6f6   :   00;
	6f7   :   00;
	6f8   :   51;
	6f9   :   51;
	6fa   :   90;
	6fb   :   90;
	6fc   :   13;
	6fd   :   00;
	6fe   :   00;
	6ff   :   00;
	700   :   50;
	701   :   50;
	702   :   48;
	703   :   48;
	704   :   13;
	705   :   00;
	706   :   00;
	707   :   00;
	708   :   49;
	709   :   5f;
	70a   :   5e;
	70b   :   0a;
	70c   :   13;
	70d   :   00;
	70e   :   00;
	70f   :   00;
	710   :   0b;
	711   :   9f;
	712   :   55;
	713   :   50;
	714   :   13;
	715   :   00;
	716   :   00;
	717   :   00;
	718   :   50;
	719   :   50;
	71a   :   48;
	71b   :   48;
	71c   :   13;
	71d   :   00;
	71e   :   00;
	71f   :   00;
	720   :   51;
	721   :   50;
	722   :   90;
	723   :   48;
	724   :   13;
	725   :   00;
	726   :   00;
	727   :   00;
	728   :   53;
	729   :   9b;
	72a   :   ea;
	72b   :   e8;
	72c   :   13;
	72d   :   00;
	72e   :   00;
	72f   :   00;
	730   :   e9;
	731   :   a5;
	732   :   9a;
	733   :   50;
	734   :   13;
	735   :   00;
	736   :   00;
	737   :   00;
	738   :   51;
	739   :   51;
	73a   :   51;
	73b   :   90;
	73c   :   13;
	73d   :   00;
	73e   :   00;
	73f   :   00;
	740   :   51;
	741   :   51;
	742   :   51;
	743   :   50;
	744   :   13;
	745   :   00;
	746   :   00;
	747   :   00;
	748   :   5c;
	749   :   a7;
	74a   :   0a;
	74b   :   00;
	74c   :   13;
	74d   :   00;
	74e   :   00;
	74f   :   00;
	750   :   00;
	751   :   00;
	752   :   00;
	753   :   00;
	754   :   13;
	755   :   00;
	756   :   00;
	757   :   00;
	758   :   00;
	759   :   00;
	75a   :   00;
	75b   :   00;
	75c   :   13;
	75d   :   00;
	75e   :   00;
	75f   :   00;
	760   :   00;
	761   :   00;
	762   :   00;
	763   :   00;
	764   :   13;
	765   :   00;
	766   :   00;
	767   :   00;
	768   :   00;
	769   :   00;
	76a   :   00;
	76b   :   00;
	76c   :   13;
	76d   :   00;
	76e   :   00;
	76f   :   00;
	770   :   00;
	771   :   00;
	772   :   00;
	773   :   00;
	774   :   13;
	775   :   00;
	776   :   00;
	777   :   00;
	778   :   00;
	779   :   00;
	77a   :   00;
	77b   :   00;
	77c   :   13;
	77d   :   00;
	77e   :   00;
	77f   :   00;
	780   :   00;
	781   :   00;
	782   :   00;
	783   :   00;
	784   :   13;
	785   :   00;
	786   :   00;
	787   :   00;
	788   :   00;
	789   :   00;
	78a   :   00;
	78b   :   00;
	78c   :   13;
	78d   :   00;
	78e   :   00;
	78f   :   00;
	790   :   00;
	791   :   00;
	792   :   00;
	793   :   00;
	794   :   13;
	795   :   00;
	796   :   00;
	797   :   00;
	798   :   00;
	799   :   00;
	79a   :   00;
	79b   :   00;
	79c   :   13;
	79d   :   00;
	79e   :   00;
	79f   :   00;
	7a0   :   00;
	7a1   :   00;
	7a2   :   01;
	7a3   :   00;
	7a4   :   13;
	7a5   :   00;
	7a6   :   00;
	7a7   :   00;
	7a8   :   00;
	7a9   :   00;
	7aa   :   00;
	7ab   :   01;
	7ac   :   13;
	7ad   :   00;
	7ae   :   00;
	7af   :   00;
	7b0   :   5f;
	7b1   :   9c;
	7b2   :   50;
	7b3   :   59;
	7b4   :   13;
	7b5   :   00;
	7b6   :   00;
	7b7   :   00;
	7b8   :   50;
	7b9   :   51;
	7ba   :   50;
	7bb   :   50;
	7bc   :   13;
	7bd   :   00;
	7be   :   00;
	7bf   :   00;
	7c0   :   50;
	7c1   :   50;
	7c2   :   48;
	7c3   :   48;
	7c4   :   13;
	7c5   :   00;
	7c6   :   00;
	7c7   :   00;
	7c8   :   50;
	7c9   :   50;
	7ca   :   51;
	7cb   :   90;
	7cc   :   13;
	7cd   :   00;
	7ce   :   00;
	7cf   :   00;
	7d0   :   51;
	7d1   :   50;
	7d2   :   50;
	7d3   :   50;
	7d4   :   13;
	7d5   :   00;
	7d6   :   00;
	7d7   :   00;
	7d8   :   50;
	7d9   :   50;
	7da   :   54;
	7db   :   57;
	7dc   :   13;
	7dd   :   00;
	7de   :   00;
	7df   :   00;
	7e0   :   55;
	7e1   :   0b;
	7e2   :   54;
	7e3   :   5f;
	7e4   :   13;
	7e5   :   00;
	7e6   :   00;
	7e7   :   00;
	7e8   :   5b;
	7e9   :   50;
	7ea   :   50;
	7eb   :   50;
	7ec   :   13;
	7ed   :   00;
	7ee   :   00;
	7ef   :   00;
	7f0   :   50;
	7f1   :   50;
	7f2   :   50;
	7f3   :   48;
	7f4   :   13;
	7f5   :   00;
	7f6   :   00;
	7f7   :   00;
	7f8   :   50;
	7f9   :   51;
	7fa   :   51;
	7fb   :   50;
	7fc   :   13;
	7fd   :   00;
	7fe   :   00;
	7ff   :   00;
	800   :   50;
	801   :   50;
	802   :   50;
	803   :   50;
	804   :   13;
	805   :   00;
	806   :   00;
	807   :   00;
	808   :   99;
	809   :   50;
	80a   :   50;
	80b   :   50;
	80c   :   13;
	80d   :   00;
	80e   :   00;
	80f   :   00;
	810   :   50;
	811   :   90;
	812   :   5e;
	813   :   5e;
	814   :   13;
	815   :   00;
	816   :   00;
	817   :   00;
	818   :   4b;
	819   :   9e;
	81a   :   57;
	81b   :   51;
	81c   :   13;
	81d   :   00;
	81e   :   00;
	81f   :   00;
	820   :   50;
	821   :   50;
	822   :   48;
	823   :   08;
	824   :   13;
	825   :   00;
	826   :   00;
	827   :   00;
	828   :   50;
	829   :   98;
	82a   :   50;
	82b   :   50;
	82c   :   13;
	82d   :   00;
	82e   :   00;
	82f   :   00;
	830   :   50;
	831   :   50;
	832   :   50;
	833   :   99;
	834   :   13;
	835   :   00;
	836   :   00;
	837   :   00;
	838   :   51;
	839   :   50;
	83a   :   50;
	83b   :   50;
	83c   :   13;
	83d   :   00;
	83e   :   00;
	83f   :   00;
	840   :   50;
	841   :   50;
	842   :   50;
	843   :   50;
	844   :   13;
	845   :   00;
	846   :   00;
	847   :   00;
	848   :   51;
	849   :   57;
	84a   :   56;
	84b   :   03;
	84c   :   13;
	84d   :   00;
	84e   :   00;
	84f   :   00;
	850   :   14;
	851   :   5f;
	852   :   55;
	853   :   50;
	854   :   13;
	855   :   00;
	856   :   00;
	857   :   00;
	858   :   50;
	859   :   50;
	85a   :   50;
	85b   :   50;
	85c   :   13;
	85d   :   00;
	85e   :   00;
	85f   :   00;
	860   :   90;
	861   :   50;
	862   :   50;
	863   :   48;
	864   :   13;
	865   :   00;
	866   :   00;
	867   :   00;
	868   :   49;
	869   :   9d;
	86a   :   a2;
	86b   :   e8;
	86c   :   13;
	86d   :   00;
	86e   :   00;
	86f   :   00;
	870   :   a3;
	871   :   a5;
	872   :   51;
	873   :   50;
	874   :   13;
	875   :   00;
	876   :   00;
	877   :   00;
	878   :   51;
	879   :   51;
	87a   :   50;
	87b   :   50;
	87c   :   13;
	87d   :   00;
	87e   :   00;
	87f   :   00;
	880   :   50;
	881   :   58;
	882   :   50;
	883   :   50;
	884   :   13;
	885   :   00;
	886   :   00;
	887   :   00;
	888   :   5c;
	889   :   a7;
	88a   :   0a;
	88b   :   00;
	88c   :   13;
	88d   :   00;
	88e   :   00;
	88f   :   00;
	890   :   01;
	891   :   01;
	892   :   01;
	893   :   00;
	894   :   13;
	895   :   00;
	896   :   00;
	897   :   00;
	898   :   00;
	899   :   00;
	89a   :   00;
	89b   :   00;
	89c   :   13;
	89d   :   00;
	89e   :   00;
	89f   :   00;
	8a0   :   00;
	8a1   :   00;
	8a2   :   00;
	8a3   :   00;
	8a4   :   13;
	8a5   :   00;
	8a6   :   00;
	8a7   :   00;
	8a8   :   00;
	8a9   :   00;
	8aa   :   00;
	8ab   :   00;
	8ac   :   13;
	8ad   :   00;
	8ae   :   00;
	8af   :   00;
	8b0   :   00;
	8b1   :   00;
	8b2   :   00;
	8b3   :   00;
	8b4   :   13;
	8b5   :   00;
	8b6   :   00;
	8b7   :   00;
	8b8   :   00;
	8b9   :   00;
	8ba   :   00;
	8bb   :   00;
	8bc   :   13;
	8bd   :   00;
	8be   :   00;
	8bf   :   00;
	8c0   :   00;
	8c1   :   00;
	8c2   :   00;
	8c3   :   00;
	8c4   :   13;
	8c5   :   00;
	8c6   :   00;
	8c7   :   00;
	8c8   :   00;
	8c9   :   00;
	8ca   :   00;
	8cb   :   00;
	8cc   :   13;
	8cd   :   00;
	8ce   :   00;
	8cf   :   00;
	8d0   :   00;
	8d1   :   00;
	8d2   :   00;
	8d3   :   00;
	8d4   :   13;
	8d5   :   00;
	8d6   :   00;
	8d7   :   00;
	8d8   :   00;
	8d9   :   00;
	8da   :   00;
	8db   :   00;
	8dc   :   13;
	8dd   :   00;
	8de   :   00;
	8df   :   00;
	8e0   :   00;
	8e1   :   00;
	8e2   :   00;
	8e3   :   00;
	8e4   :   13;
	8e5   :   00;
	8e6   :   00;
	8e7   :   00;
	8e8   :   00;
	8e9   :   00;
	8ea   :   00;
	8eb   :   01;
	8ec   :   13;
	8ed   :   00;
	8ee   :   00;
	8ef   :   00;
	8f0   :   5f;
	8f1   :   5c;
	8f2   :   50;
	8f3   :   51;
	8f4   :   13;
	8f5   :   00;
	8f6   :   00;
	8f7   :   00;
	8f8   :   50;
	8f9   :   50;
	8fa   :   50;
	8fb   :   50;
	8fc   :   13;
	8fd   :   00;
	8fe   :   00;
	8ff   :   00;
	900   :   50;
	901   :   50;
	902   :   50;
	903   :   50;
	904   :   13;
	905   :   00;
	906   :   00;
	907   :   00;
	908   :   50;
	909   :   98;
	90a   :   90;
	90b   :   48;
	90c   :   13;
	90d   :   00;
	90e   :   00;
	90f   :   00;
	910   :   50;
	911   :   50;
	912   :   90;
	913   :   50;
	914   :   13;
	915   :   00;
	916   :   00;
	917   :   00;
	918   :   50;
	919   :   50;
	91a   :   5c;
	91b   :   5f;
	91c   :   13;
	91d   :   00;
	91e   :   00;
	91f   :   00;
	920   :   5e;
	921   :   0b;
	922   :   54;
	923   :   5f;
	924   :   13;
	925   :   00;
	926   :   00;
	927   :   00;
	928   :   5b;
	929   :   50;
	92a   :   50;
	92b   :   50;
	92c   :   13;
	92d   :   00;
	92e   :   00;
	92f   :   00;
	930   :   50;
	931   :   50;
	932   :   50;
	933   :   50;
	934   :   13;
	935   :   00;
	936   :   00;
	937   :   00;
	938   :   50;
	939   :   48;
	93a   :   50;
	93b   :   50;
	93c   :   13;
	93d   :   00;
	93e   :   00;
	93f   :   00;
	940   :   50;
	941   :   58;
	942   :   98;
	943   :   50;
	944   :   13;
	945   :   00;
	946   :   00;
	947   :   00;
	948   :   50;
	949   :   48;
	94a   :   50;
	94b   :   50;
	94c   :   13;
	94d   :   00;
	94e   :   00;
	94f   :   00;
	950   :   50;
	951   :   98;
	952   :   5e;
	953   :   5e;
	954   :   13;
	955   :   00;
	956   :   00;
	957   :   00;
	958   :   4b;
	959   :   9e;
	95a   :   57;
	95b   :   51;
	95c   :   13;
	95d   :   00;
	95e   :   00;
	95f   :   00;
	960   :   50;
	961   :   50;
	962   :   50;
	963   :   50;
	964   :   13;
	965   :   00;
	966   :   00;
	967   :   00;
	968   :   50;
	969   :   99;
	96a   :   50;
	96b   :   50;
	96c   :   13;
	96d   :   00;
	96e   :   00;
	96f   :   00;
	970   :   50;
	971   :   50;
	972   :   50;
	973   :   50;
	974   :   13;
	975   :   00;
	976   :   00;
	977   :   00;
	978   :   50;
	979   :   50;
	97a   :   51;
	97b   :   51;
	97c   :   13;
	97d   :   00;
	97e   :   00;
	97f   :   00;
	980   :   51;
	981   :   50;
	982   :   51;
	983   :   50;
	984   :   13;
	985   :   00;
	986   :   00;
	987   :   00;
	988   :   51;
	989   :   57;
	98a   :   5e;
	98b   :   03;
	98c   :   13;
	98d   :   00;
	98e   :   00;
	98f   :   00;
	990   :   0d;
	991   :   5f;
	992   :   56;
	993   :   50;
	994   :   13;
	995   :   00;
	996   :   00;
	997   :   00;
	998   :   50;
	999   :   51;
	99a   :   51;
	99b   :   51;
	99c   :   13;
	99d   :   00;
	99e   :   00;
	99f   :   00;
	9a0   :   51;
	9a1   :   50;
	9a2   :   51;
	9a3   :   50;
	9a4   :   13;
	9a5   :   00;
	9a6   :   00;
	9a7   :   00;
	9a8   :   48;
	9a9   :   54;
	9aa   :   9d;
	9ab   :   a0;
	9ac   :   13;
	9ad   :   00;
	9ae   :   00;
	9af   :   00;
	9b0   :   a5;
	9b1   :   5d;
	9b2   :   50;
	9b3   :   51;
	9b4   :   13;
	9b5   :   00;
	9b6   :   00;
	9b7   :   00;
	9b8   :   51;
	9b9   :   51;
	9ba   :   90;
	9bb   :   90;
	9bc   :   13;
	9bd   :   00;
	9be   :   00;
	9bf   :   00;
	9c0   :   50;
	9c1   :   50;
	9c2   :   50;
	9c3   :   98;
	9c4   :   13;
	9c5   :   00;
	9c6   :   00;
	9c7   :   00;
	9c8   :   5c;
	9c9   :   a7;
	9ca   :   0a;
	9cb   :   00;
	9cc   :   13;
	9cd   :   00;
	9ce   :   00;
	9cf   :   00;
	9d0   :   01;
	9d1   :   01;
	9d2   :   00;
	9d3   :   00;
	9d4   :   13;
	9d5   :   00;
	9d6   :   00;
	9d7   :   00;
	9d8   :   00;
	9d9   :   00;
	9da   :   00;
	9db   :   00;
	9dc   :   13;
	9dd   :   00;
	9de   :   00;
	9df   :   00;
	9e0   :   00;
	9e1   :   00;
	9e2   :   00;
	9e3   :   00;
	9e4   :   13;
	9e5   :   00;
	9e6   :   00;
	9e7   :   00;
	9e8   :   00;
	9e9   :   00;
	9ea   :   00;
	9eb   :   00;
	9ec   :   13;
	9ed   :   00;
	9ee   :   00;
	9ef   :   00;
	9f0   :   00;
	9f1   :   00;
	9f2   :   00;
	9f3   :   00;
	9f4   :   13;
	9f5   :   00;
	9f6   :   00;
	9f7   :   00;
	9f8   :   00;
	9f9   :   00;
	9fa   :   00;
	9fb   :   00;
	9fc   :   13;
	9fd   :   00;
	9fe   :   00;
	9ff   :   00;
	a00   :   00;
	a01   :   00;
	a02   :   00;
	a03   :   00;
	a04   :   13;
	a05   :   00;
	a06   :   00;
	a07   :   00;
	a08   :   00;
	a09   :   00;
	a0a   :   00;
	a0b   :   00;
	a0c   :   13;
	a0d   :   00;
	a0e   :   00;
	a0f   :   00;
	a10   :   00;
	a11   :   00;
	a12   :   00;
	a13   :   00;
	a14   :   13;
	a15   :   00;
	a16   :   00;
	a17   :   00;
	a18   :   00;
	a19   :   00;
	a1a   :   00;
	a1b   :   00;
	a1c   :   13;
	a1d   :   00;
	a1e   :   00;
	a1f   :   00;
	a20   :   00;
	a21   :   00;
	a22   :   00;
	a23   :   00;
	a24   :   13;
	a25   :   00;
	a26   :   00;
	a27   :   00;
	a28   :   00;
	a29   :   00;
	a2a   :   00;
	a2b   :   01;
	a2c   :   13;
	a2d   :   00;
	a2e   :   00;
	a2f   :   00;
	a30   :   57;
	a31   :   5c;
	a32   :   50;
	a33   :   98;
	a34   :   13;
	a35   :   00;
	a36   :   00;
	a37   :   00;
	a38   :   98;
	a39   :   50;
	a3a   :   50;
	a3b   :   98;
	a3c   :   13;
	a3d   :   00;
	a3e   :   00;
	a3f   :   00;
	a40   :   5c;
	a41   :   5d;
	a42   :   5d;
	a43   :   5d;
	a44   :   13;
	a45   :   00;
	a46   :   00;
	a47   :   00;
	a48   :   5d;
	a49   :   5d;
	a4a   :   5d;
	a4b   :   53;
	a4c   :   13;
	a4d   :   00;
	a4e   :   00;
	a4f   :   00;
	a50   :   58;
	a51   :   58;
	a52   :   98;
	a53   :   99;
	a54   :   13;
	a55   :   00;
	a56   :   00;
	a57   :   00;
	a58   :   50;
	a59   :   50;
	a5a   :   5c;
	a5b   :   5f;
	a5c   :   13;
	a5d   :   00;
	a5e   :   00;
	a5f   :   00;
	a60   :   5e;
	a61   :   14;
	a62   :   55;
	a63   :   5f;
	a64   :   13;
	a65   :   00;
	a66   :   00;
	a67   :   00;
	a68   :   5b;
	a69   :   50;
	a6a   :   50;
	a6b   :   50;
	a6c   :   13;
	a6d   :   00;
	a6e   :   00;
	a6f   :   00;
	a70   :   50;
	a71   :   51;
	a72   :   50;
	a73   :   52;
	a74   :   13;
	a75   :   00;
	a76   :   00;
	a77   :   00;
	a78   :   5d;
	a79   :   5d;
	a7a   :   5e;
	a7b   :   5d;
	a7c   :   13;
	a7d   :   00;
	a7e   :   00;
	a7f   :   00;
	a80   :   5e;
	a81   :   5d;
	a82   :   5e;
	a83   :   5a;
	a84   :   13;
	a85   :   00;
	a86   :   00;
	a87   :   00;
	a88   :   50;
	a89   :   50;
	a8a   :   50;
	a8b   :   51;
	a8c   :   13;
	a8d   :   00;
	a8e   :   00;
	a8f   :   00;
	a90   :   51;
	a91   :   98;
	a92   :   5e;
	a93   :   5f;
	a94   :   13;
	a95   :   00;
	a96   :   00;
	a97   :   00;
	a98   :   4b;
	a99   :   9e;
	a9a   :   5f;
	a9b   :   51;
	a9c   :   13;
	a9d   :   00;
	a9e   :   00;
	a9f   :   00;
	aa0   :   58;
	aa1   :   50;
	aa2   :   98;
	aa3   :   50;
	aa4   :   13;
	aa5   :   00;
	aa6   :   00;
	aa7   :   00;
	aa8   :   50;
	aa9   :   98;
	aaa   :   5d;
	aab   :   5e;
	aac   :   13;
	aad   :   00;
	aae   :   00;
	aaf   :   00;
	ab0   :   5d;
	ab1   :   5e;
	ab2   :   5e;
	ab3   :   5e;
	ab4   :   13;
	ab5   :   00;
	ab6   :   00;
	ab7   :   00;
	ab8   :   5e;
	ab9   :   5b;
	aba   :   90;
	abb   :   59;
	abc   :   13;
	abd   :   00;
	abe   :   00;
	abf   :   00;
	ac0   :   50;
	ac1   :   51;
	ac2   :   50;
	ac3   :   50;
	ac4   :   13;
	ac5   :   00;
	ac6   :   00;
	ac7   :   00;
	ac8   :   51;
	ac9   :   5f;
	aca   :   5e;
	acb   :   0c;
	acc   :   13;
	acd   :   00;
	ace   :   00;
	acf   :   00;
	ad0   :   0d;
	ad1   :   5f;
	ad2   :   55;
	ad3   :   50;
	ad4   :   13;
	ad5   :   00;
	ad6   :   00;
	ad7   :   00;
	ad8   :   51;
	ad9   :   51;
	ada   :   50;
	adb   :   51;
	adc   :   13;
	add   :   00;
	ade   :   00;
	adf   :   00;
	ae0   :   50;
	ae1   :   50;
	ae2   :   51;
	ae3   :   08;
	ae4   :   13;
	ae5   :   00;
	ae6   :   00;
	ae7   :   00;
	ae8   :   50;
	ae9   :   52;
	aea   :   57;
	aeb   :   9b;
	aec   :   13;
	aed   :   00;
	aee   :   00;
	aef   :   00;
	af0   :   5f;
	af1   :   5b;
	af2   :   50;
	af3   :   51;
	af4   :   13;
	af5   :   00;
	af6   :   00;
	af7   :   00;
	af8   :   50;
	af9   :   50;
	afa   :   50;
	afb   :   99;
	afc   :   13;
	afd   :   00;
	afe   :   00;
	aff   :   00;
	b00   :   51;
	b01   :   51;
	b02   :   51;
	b03   :   99;
	b04   :   13;
	b05   :   00;
	b06   :   00;
	b07   :   00;
	b08   :   5c;
	b09   :   5f;
	b0a   :   0a;
	b0b   :   00;
	b0c   :   13;
	b0d   :   00;
	b0e   :   00;
	b0f   :   00;
	b10   :   01;
	b11   :   01;
	b12   :   00;
	b13   :   00;
	b14   :   13;
	b15   :   00;
	b16   :   00;
	b17   :   00;
	b18   :   00;
	b19   :   00;
	b1a   :   00;
	b1b   :   00;
	b1c   :   13;
	b1d   :   00;
	b1e   :   00;
	b1f   :   00;
	b20   :   00;
	b21   :   00;
	b22   :   00;
	b23   :   00;
	b24   :   13;
	b25   :   00;
	b26   :   00;
	b27   :   00;
	b28   :   00;
	b29   :   00;
	b2a   :   00;
	b2b   :   00;
	b2c   :   13;
	b2d   :   00;
	b2e   :   00;
	b2f   :   00;
	b30   :   00;
	b31   :   00;
	b32   :   00;
	b33   :   00;
	b34   :   13;
	b35   :   00;
	b36   :   00;
	b37   :   00;
	b38   :   00;
	b39   :   00;
	b3a   :   00;
	b3b   :   00;
	b3c   :   13;
	b3d   :   00;
	b3e   :   00;
	b3f   :   00;
	b40   :   00;
	b41   :   00;
	b42   :   00;
	b43   :   00;
	b44   :   13;
	b45   :   00;
	b46   :   00;
	b47   :   00;
	b48   :   00;
	b49   :   00;
	b4a   :   00;
	b4b   :   00;
	b4c   :   13;
	b4d   :   00;
	b4e   :   00;
	b4f   :   00;
	b50   :   00;
	b51   :   00;
	b52   :   00;
	b53   :   00;
	b54   :   13;
	b55   :   00;
	b56   :   00;
	b57   :   00;
	b58   :   00;
	b59   :   00;
	b5a   :   00;
	b5b   :   00;
	b5c   :   13;
	b5d   :   00;
	b5e   :   00;
	b5f   :   00;
	b60   :   00;
	b61   :   00;
	b62   :   00;
	b63   :   00;
	b64   :   13;
	b65   :   00;
	b66   :   00;
	b67   :   00;
	b68   :   00;
	b69   :   00;
	b6a   :   00;
	b6b   :   01;
	b6c   :   13;
	b6d   :   00;
	b6e   :   00;
	b6f   :   00;
	b70   :   57;
	b71   :   5c;
	b72   :   58;
	b73   :   58;
	b74   :   13;
	b75   :   00;
	b76   :   00;
	b77   :   00;
	b78   :   98;
	b79   :   50;
	b7a   :   50;
	b7b   :   58;
	b7c   :   13;
	b7d   :   00;
	b7e   :   00;
	b7f   :   00;
	b80   :   5e;
	b81   :   56;
	b82   :   0c;
	b83   :   0d;
	b84   :   13;
	b85   :   00;
	b86   :   00;
	b87   :   00;
	b88   :   0d;
	b89   :   0d;
	b8a   :   5f;
	b8b   :   5c;
	b8c   :   13;
	b8d   :   00;
	b8e   :   00;
	b8f   :   00;
	b90   :   98;
	b91   :   59;
	b92   :   50;
	b93   :   50;
	b94   :   13;
	b95   :   00;
	b96   :   00;
	b97   :   00;
	b98   :   51;
	b99   :   51;
	b9a   :   5d;
	b9b   :   5f;
	b9c   :   13;
	b9d   :   00;
	b9e   :   00;
	b9f   :   00;
	ba0   :   5e;
	ba1   :   14;
	ba2   :   5d;
	ba3   :   67;
	ba4   :   13;
	ba5   :   00;
	ba6   :   00;
	ba7   :   00;
	ba8   :   5b;
	ba9   :   50;
	baa   :   51;
	bab   :   50;
	bac   :   13;
	bad   :   00;
	bae   :   00;
	baf   :   00;
	bb0   :   99;
	bb1   :   50;
	bb2   :   50;
	bb3   :   5b;
	bb4   :   13;
	bb5   :   00;
	bb6   :   00;
	bb7   :   00;
	bb8   :   5f;
	bb9   :   0d;
	bba   :   0d;
	bbb   :   0e;
	bbc   :   13;
	bbd   :   00;
	bbe   :   00;
	bbf   :   00;
	bc0   :   0e;
	bc1   :   16;
	bc2   :   5f;
	bc3   :   5c;
	bc4   :   13;
	bc5   :   00;
	bc6   :   00;
	bc7   :   00;
	bc8   :   98;
	bc9   :   59;
	bca   :   90;
	bcb   :   51;
	bcc   :   13;
	bcd   :   00;
	bce   :   00;
	bcf   :   00;
	bd0   :   51;
	bd1   :   98;
	bd2   :   66;
	bd3   :   5f;
	bd4   :   13;
	bd5   :   00;
	bd6   :   00;
	bd7   :   00;
	bd8   :   4c;
	bd9   :   66;
	bda   :   1f;
	bdb   :   51;
	bdc   :   13;
	bdd   :   00;
	bde   :   00;
	bdf   :   00;
	be0   :   50;
	be1   :   50;
	be2   :   59;
	be3   :   50;
	be4   :   13;
	be5   :   00;
	be6   :   00;
	be7   :   00;
	be8   :   58;
	be9   :   99;
	bea   :   5f;
	beb   :   5f;
	bec   :   13;
	bed   :   00;
	bee   :   00;
	bef   :   00;
	bf0   :   0e;
	bf1   :   16;
	bf2   :   16;
	bf3   :   0c;
	bf4   :   13;
	bf5   :   00;
	bf6   :   00;
	bf7   :   00;
	bf8   :   56;
	bf9   :   5c;
	bfa   :   50;
	bfb   :   59;
	bfc   :   13;
	bfd   :   00;
	bfe   :   00;
	bff   :   00;
	c00   :   50;
	c01   :   50;
	c02   :   50;
	c03   :   98;
	c04   :   13;
	c05   :   00;
	c06   :   00;
	c07   :   00;
	c08   :   51;
	c09   :   5f;
	c0a   :   5e;
	c0b   :   0c;
	c0c   :   13;
	c0d   :   00;
	c0e   :   00;
	c0f   :   00;
	c10   :   15;
	c11   :   5f;
	c12   :   56;
	c13   :   90;
	c14   :   13;
	c15   :   00;
	c16   :   00;
	c17   :   00;
	c18   :   59;
	c19   :   51;
	c1a   :   50;
	c1b   :   50;
	c1c   :   13;
	c1d   :   00;
	c1e   :   00;
	c1f   :   00;
	c20   :   50;
	c21   :   50;
	c22   :   50;
	c23   :   50;
	c24   :   13;
	c25   :   00;
	c26   :   00;
	c27   :   00;
	c28   :   50;
	c29   :   50;
	c2a   :   16;
	c2b   :   5f;
	c2c   :   13;
	c2d   :   00;
	c2e   :   00;
	c2f   :   00;
	c30   :   5e;
	c31   :   98;
	c32   :   51;
	c33   :   50;
	c34   :   13;
	c35   :   00;
	c36   :   00;
	c37   :   00;
	c38   :   51;
	c39   :   50;
	c3a   :   50;
	c3b   :   99;
	c3c   :   13;
	c3d   :   00;
	c3e   :   00;
	c3f   :   00;
	c40   :   50;
	c41   :   59;
	c42   :   59;
	c43   :   59;
	c44   :   13;
	c45   :   00;
	c46   :   00;
	c47   :   00;
	c48   :   5c;
	c49   :   5f;
	c4a   :   0a;
	c4b   :   00;
	c4c   :   13;
	c4d   :   00;
	c4e   :   00;
	c4f   :   00;
	c50   :   01;
	c51   :   01;
	c52   :   01;
	c53   :   00;
	c54   :   13;
	c55   :   00;
	c56   :   00;
	c57   :   00;
	c58   :   00;
	c59   :   00;
	c5a   :   00;
	c5b   :   00;
	c5c   :   13;
	c5d   :   00;
	c5e   :   00;
	c5f   :   00;
	c60   :   00;
	c61   :   00;
	c62   :   00;
	c63   :   00;
	c64   :   13;
	c65   :   00;
	c66   :   00;
	c67   :   00;
	c68   :   00;
	c69   :   00;
	c6a   :   00;
	c6b   :   01;
	c6c   :   13;
	c6d   :   00;
	c6e   :   00;
	c6f   :   00;
	c70   :   00;
	c71   :   00;
	c72   :   00;
	c73   :   00;
	c74   :   13;
	c75   :   00;
	c76   :   00;
	c77   :   00;
	c78   :   00;
	c79   :   00;
	c7a   :   00;
	c7b   :   00;
	c7c   :   13;
	c7d   :   00;
	c7e   :   00;
	c7f   :   00;
	c80   :   00;
	c81   :   00;
	c82   :   00;
	c83   :   00;
	c84   :   13;
	c85   :   00;
	c86   :   00;
	c87   :   00;
	c88   :   00;
	c89   :   00;
	c8a   :   00;
	c8b   :   00;
	c8c   :   13;
	c8d   :   00;
	c8e   :   00;
	c8f   :   00;
	c90   :   00;
	c91   :   00;
	c92   :   00;
	c93   :   00;
	c94   :   13;
	c95   :   00;
	c96   :   00;
	c97   :   00;
	c98   :   00;
	c99   :   00;
	c9a   :   00;
	c9b   :   00;
	c9c   :   13;
	c9d   :   00;
	c9e   :   00;
	c9f   :   00;
	ca0   :   00;
	ca1   :   00;
	ca2   :   00;
	ca3   :   00;
	ca4   :   13;
	ca5   :   00;
	ca6   :   00;
	ca7   :   00;
	ca8   :   00;
	ca9   :   00;
	caa   :   00;
	cab   :   01;
	cac   :   13;
	cad   :   00;
	cae   :   00;
	caf   :   00;
	cb0   :   17;
	cb1   :   5c;
	cb2   :   50;
	cb3   :   50;
	cb4   :   13;
	cb5   :   00;
	cb6   :   00;
	cb7   :   00;
	cb8   :   98;
	cb9   :   50;
	cba   :   59;
	cbb   :   51;
	cbc   :   13;
	cbd   :   00;
	cbe   :   00;
	cbf   :   00;
	cc0   :   66;
	cc1   :   16;
	cc2   :   03;
	cc3   :   02;
	cc4   :   13;
	cc5   :   00;
	cc6   :   00;
	cc7   :   00;
	cc8   :   03;
	cc9   :   0b;
	cca   :   5f;
	ccb   :   54;
	ccc   :   13;
	ccd   :   00;
	cce   :   00;
	ccf   :   00;
	cd0   :   51;
	cd1   :   59;
	cd2   :   50;
	cd3   :   99;
	cd4   :   13;
	cd5   :   00;
	cd6   :   00;
	cd7   :   00;
	cd8   :   59;
	cd9   :   58;
	cda   :   5c;
	cdb   :   5f;
	cdc   :   13;
	cdd   :   00;
	cde   :   00;
	cdf   :   00;
	ce0   :   5e;
	ce1   :   14;
	ce2   :   5d;
	ce3   :   67;
	ce4   :   13;
	ce5   :   00;
	ce6   :   00;
	ce7   :   00;
	ce8   :   5b;
	ce9   :   58;
	cea   :   50;
	ceb   :   59;
	cec   :   13;
	ced   :   00;
	cee   :   00;
	cef   :   00;
	cf0   :   98;
	cf1   :   99;
	cf2   :   58;
	cf3   :   5a;
	cf4   :   13;
	cf5   :   00;
	cf6   :   00;
	cf7   :   00;
	cf8   :   5f;
	cf9   :   0b;
	cfa   :   02;
	cfb   :   0b;
	cfc   :   13;
	cfd   :   00;
	cfe   :   00;
	cff   :   00;
	d00   :   0c;
	d01   :   15;
	d02   :   5f;
	d03   :   5b;
	d04   :   13;
	d05   :   00;
	d06   :   00;
	d07   :   00;
	d08   :   51;
	d09   :   58;
	d0a   :   90;
	d0b   :   51;
	d0c   :   13;
	d0d   :   00;
	d0e   :   00;
	d0f   :   00;
	d10   :   51;
	d11   :   98;
	d12   :   66;
	d13   :   67;
	d14   :   13;
	d15   :   00;
	d16   :   00;
	d17   :   00;
	d18   :   4c;
	d19   :   66;
	d1a   :   1f;
	d1b   :   59;
	d1c   :   13;
	d1d   :   00;
	d1e   :   00;
	d1f   :   00;
	d20   :   98;
	d21   :   98;
	d22   :   99;
	d23   :   50;
	d24   :   13;
	d25   :   00;
	d26   :   00;
	d27   :   00;
	d28   :   98;
	d29   :   99;
	d2a   :   5f;
	d2b   :   5e;
	d2c   :   13;
	d2d   :   00;
	d2e   :   00;
	d2f   :   00;
	d30   :   0c;
	d31   :   0b;
	d32   :   01;
	d33   :   02;
	d34   :   13;
	d35   :   00;
	d36   :   00;
	d37   :   00;
	d38   :   5e;
	d39   :   5c;
	d3a   :   50;
	d3b   :   51;
	d3c   :   13;
	d3d   :   00;
	d3e   :   00;
	d3f   :   00;
	d40   :   50;
	d41   :   98;
	d42   :   99;
	d43   :   50;
	d44   :   13;
	d45   :   00;
	d46   :   00;
	d47   :   00;
	d48   :   51;
	d49   :   5f;
	d4a   :   5e;
	d4b   :   04;
	d4c   :   13;
	d4d   :   00;
	d4e   :   00;
	d4f   :   00;
	d50   :   15;
	d51   :   5f;
	d52   :   55;
	d53   :   99;
	d54   :   13;
	d55   :   00;
	d56   :   00;
	d57   :   00;
	d58   :   59;
	d59   :   50;
	d5a   :   59;
	d5b   :   98;
	d5c   :   13;
	d5d   :   00;
	d5e   :   00;
	d5f   :   00;
	d60   :   59;
	d61   :   51;
	d62   :   59;
	d63   :   99;
	d64   :   13;
	d65   :   00;
	d66   :   00;
	d67   :   00;
	d68   :   99;
	d69   :   58;
	d6a   :   54;
	d6b   :   5f;
	d6c   :   13;
	d6d   :   00;
	d6e   :   00;
	d6f   :   00;
	d70   :   5c;
	d71   :   98;
	d72   :   99;
	d73   :   99;
	d74   :   13;
	d75   :   00;
	d76   :   00;
	d77   :   00;
	d78   :   99;
	d79   :   50;
	d7a   :   50;
	d7b   :   98;
	d7c   :   13;
	d7d   :   00;
	d7e   :   00;
	d7f   :   00;
	d80   :   50;
	d81   :   99;
	d82   :   99;
	d83   :   99;
	d84   :   13;
	d85   :   00;
	d86   :   00;
	d87   :   00;
	d88   :   5c;
	d89   :   5f;
	d8a   :   0a;
	d8b   :   00;
	d8c   :   13;
	d8d   :   00;
	d8e   :   00;
	d8f   :   00;
	d90   :   01;
	d91   :   01;
	d92   :   00;
	d93   :   00;
	d94   :   13;
	d95   :   00;
	d96   :   00;
	d97   :   00;
	d98   :   00;
	d99   :   00;
	d9a   :   00;
	d9b   :   00;
	d9c   :   13;
	d9d   :   00;
	d9e   :   00;
	d9f   :   00;
	da0   :   00;
	da1   :   00;
	da2   :   00;
	da3   :   00;
	da4   :   13;
	da5   :   00;
	da6   :   00;
	da7   :   00;
	da8   :   00;
	da9   :   00;
	daa   :   00;
	dab   :   4c;
	dac   :   13;
	dad   :   00;
	dae   :   00;
	daf   :   00;
	db0   :   0a;
	db1   :   00;
	db2   :   00;
	db3   :   00;
	db4   :   13;
	db5   :   00;
	db6   :   00;
	db7   :   00;
	db8   :   00;
	db9   :   00;
	dba   :   00;
	dbb   :   00;
	dbc   :   13;
	dbd   :   00;
	dbe   :   00;
	dbf   :   00;
	dc0   :   00;
	dc1   :   00;
	dc2   :   00;
	dc3   :   00;
	dc4   :   13;
	dc5   :   00;
	dc6   :   00;
	dc7   :   00;
	dc8   :   00;
	dc9   :   00;
	dca   :   00;
	dcb   :   00;
	dcc   :   13;
	dcd   :   00;
	dce   :   00;
	dcf   :   00;
	dd0   :   00;
	dd1   :   00;
	dd2   :   00;
	dd3   :   00;
	dd4   :   13;
	dd5   :   00;
	dd6   :   00;
	dd7   :   00;
	dd8   :   00;
	dd9   :   00;
	dda   :   00;
	ddb   :   00;
	ddc   :   13;
	ddd   :   00;
	dde   :   00;
	ddf   :   00;
	de0   :   00;
	de1   :   00;
	de2   :   00;
	de3   :   00;
	de4   :   13;
	de5   :   00;
	de6   :   00;
	de7   :   00;
	de8   :   00;
	de9   :   01;
	dea   :   00;
	deb   :   01;
	dec   :   13;
	ded   :   00;
	dee   :   00;
	def   :   00;
	df0   :   17;
	df1   :   5c;
	df2   :   58;
	df3   :   99;
	df4   :   13;
	df5   :   00;
	df6   :   00;
	df7   :   00;
	df8   :   98;
	df9   :   50;
	dfa   :   50;
	dfb   :   58;
	dfc   :   13;
	dfd   :   00;
	dfe   :   00;
	dff   :   00;
	e00   :   66;
	e01   :   56;
	e02   :   0c;
	e03   :   0b;
	e04   :   13;
	e05   :   00;
	e06   :   00;
	e07   :   00;
	e08   :   02;
	e09   :   02;
	e0a   :   5f;
	e0b   :   5c;
	e0c   :   13;
	e0d   :   00;
	e0e   :   00;
	e0f   :   00;
	e10   :   51;
	e11   :   59;
	e12   :   98;
	e13   :   99;
	e14   :   13;
	e15   :   00;
	e16   :   00;
	e17   :   00;
	e18   :   59;
	e19   :   58;
	e1a   :   5c;
	e1b   :   5f;
	e1c   :   13;
	e1d   :   00;
	e1e   :   00;
	e1f   :   00;
	e20   :   5e;
	e21   :   14;
	e22   :   5d;
	e23   :   67;
	e24   :   13;
	e25   :   00;
	e26   :   00;
	e27   :   00;
	e28   :   5b;
	e29   :   50;
	e2a   :   99;
	e2b   :   99;
	e2c   :   13;
	e2d   :   00;
	e2e   :   00;
	e2f   :   00;
	e30   :   98;
	e31   :   59;
	e32   :   58;
	e33   :   5a;
	e34   :   13;
	e35   :   00;
	e36   :   00;
	e37   :   00;
	e38   :   5f;
	e39   :   0d;
	e3a   :   0c;
	e3b   :   0a;
	e3c   :   13;
	e3d   :   00;
	e3e   :   00;
	e3f   :   00;
	e40   :   02;
	e41   :   0c;
	e42   :   67;
	e43   :   5c;
	e44   :   13;
	e45   :   00;
	e46   :   00;
	e47   :   00;
	e48   :   51;
	e49   :   58;
	e4a   :   50;
	e4b   :   58;
	e4c   :   13;
	e4d   :   00;
	e4e   :   00;
	e4f   :   00;
	e50   :   59;
	e51   :   98;
	e52   :   66;
	e53   :   67;
	e54   :   13;
	e55   :   00;
	e56   :   00;
	e57   :   00;
	e58   :   4c;
	e59   :   66;
	e5a   :   1f;
	e5b   :   51;
	e5c   :   13;
	e5d   :   00;
	e5e   :   00;
	e5f   :   00;
	e60   :   98;
	e61   :   98;
	e62   :   99;
	e63   :   50;
	e64   :   13;
	e65   :   00;
	e66   :   00;
	e67   :   00;
	e68   :   98;
	e69   :   59;
	e6a   :   5f;
	e6b   :   5e;
	e6c   :   13;
	e6d   :   00;
	e6e   :   00;
	e6f   :   00;
	e70   :   02;
	e71   :   0a;
	e72   :   0b;
	e73   :   0c;
	e74   :   13;
	e75   :   00;
	e76   :   00;
	e77   :   00;
	e78   :   5f;
	e79   :   5c;
	e7a   :   98;
	e7b   :   98;
	e7c   :   13;
	e7d   :   00;
	e7e   :   00;
	e7f   :   00;
	e80   :   50;
	e81   :   99;
	e82   :   98;
	e83   :   99;
	e84   :   13;
	e85   :   00;
	e86   :   00;
	e87   :   00;
	e88   :   59;
	e89   :   1f;
	e8a   :   5e;
	e8b   :   0d;
	e8c   :   13;
	e8d   :   00;
	e8e   :   00;
	e8f   :   00;
	e90   :   15;
	e91   :   67;
	e92   :   55;
	e93   :   51;
	e94   :   13;
	e95   :   00;
	e96   :   00;
	e97   :   00;
	e98   :   59;
	e99   :   99;
	e9a   :   51;
	e9b   :   59;
	e9c   :   13;
	e9d   :   00;
	e9e   :   00;
	e9f   :   00;
	ea0   :   5a;
	ea1   :   5a;
	ea2   :   59;
	ea3   :   59;
	ea4   :   13;
	ea5   :   00;
	ea6   :   00;
	ea7   :   00;
	ea8   :   59;
	ea9   :   99;
	eaa   :   51;
	eab   :   5f;
	eac   :   13;
	ead   :   00;
	eae   :   00;
	eaf   :   00;
	eb0   :   9a;
	eb1   :   59;
	eb2   :   50;
	eb3   :   50;
	eb4   :   13;
	eb5   :   00;
	eb6   :   00;
	eb7   :   00;
	eb8   :   98;
	eb9   :   58;
	eba   :   99;
	ebb   :   a1;
	ebc   :   13;
	ebd   :   00;
	ebe   :   00;
	ebf   :   00;
	ec0   :   99;
	ec1   :   99;
	ec2   :   99;
	ec3   :   99;
	ec4   :   13;
	ec5   :   00;
	ec6   :   00;
	ec7   :   00;
	ec8   :   5c;
	ec9   :   5f;
	eca   :   0a;
	ecb   :   00;
	ecc   :   13;
	ecd   :   00;
	ece   :   00;
	ecf   :   00;
	ed0   :   01;
	ed1   :   01;
	ed2   :   00;
	ed3   :   00;
	ed4   :   13;
	ed5   :   00;
	ed6   :   00;
	ed7   :   00;
	ed8   :   00;
	ed9   :   00;
	eda   :   00;
	edb   :   00;
	edc   :   13;
	edd   :   00;
	ede   :   00;
	edf   :   00;
	ee0   :   00;
	ee1   :   00;
	ee2   :   00;
	ee3   :   00;
	ee4   :   13;
	ee5   :   00;
	ee6   :   00;
	ee7   :   00;
	ee8   :   00;
	ee9   :   02;
	eea   :   4b;
	eeb   :   0c;
	eec   :   13;
	eed   :   00;
	eee   :   00;
	eef   :   00;
	ef0   :   0c;
	ef1   :   01;
	ef2   :   00;
	ef3   :   00;
	ef4   :   13;
	ef5   :   00;
	ef6   :   00;
	ef7   :   00;
	ef8   :   00;
	ef9   :   00;
	efa   :   00;
	efb   :   00;
	efc   :   13;
	efd   :   00;
	efe   :   00;
	eff   :   00;
	f00   :   00;
	f01   :   00;
	f02   :   00;
	f03   :   00;
	f04   :   13;
	f05   :   00;
	f06   :   00;
	f07   :   00;
	f08   :   00;
	f09   :   00;
	f0a   :   00;
	f0b   :   00;
	f0c   :   13;
	f0d   :   00;
	f0e   :   00;
	f0f   :   00;
	f10   :   00;
	f11   :   00;
	f12   :   00;
	f13   :   00;
	f14   :   13;
	f15   :   00;
	f16   :   00;
	f17   :   00;
	f18   :   00;
	f19   :   00;
	f1a   :   00;
	f1b   :   00;
	f1c   :   13;
	f1d   :   00;
	f1e   :   00;
	f1f   :   00;
	f20   :   00;
	f21   :   00;
	f22   :   00;
	f23   :   00;
	f24   :   13;
	f25   :   00;
	f26   :   00;
	f27   :   00;
	f28   :   00;
	f29   :   01;
	f2a   :   00;
	f2b   :   0a;
	f2c   :   13;
	f2d   :   00;
	f2e   :   00;
	f2f   :   00;
	f30   :   17;
	f31   :   5c;
	f32   :   59;
	f33   :   59;
	f34   :   13;
	f35   :   00;
	f36   :   00;
	f37   :   00;
	f38   :   98;
	f39   :   99;
	f3a   :   98;
	f3b   :   98;
	f3c   :   13;
	f3d   :   00;
	f3e   :   00;
	f3f   :   00;
	f40   :   66;
	f41   :   56;
	f42   :   0c;
	f43   :   0c;
	f44   :   13;
	f45   :   00;
	f46   :   00;
	f47   :   00;
	f48   :   0b;
	f49   :   0a;
	f4a   :   5e;
	f4b   :   5d;
	f4c   :   13;
	f4d   :   00;
	f4e   :   00;
	f4f   :   00;
	f50   :   50;
	f51   :   59;
	f52   :   99;
	f53   :   99;
	f54   :   13;
	f55   :   00;
	f56   :   00;
	f57   :   00;
	f58   :   59;
	f59   :   59;
	f5a   :   5c;
	f5b   :   1f;
	f5c   :   13;
	f5d   :   00;
	f5e   :   00;
	f5f   :   00;
	f60   :   5e;
	f61   :   5d;
	f62   :   5d;
	f63   :   67;
	f64   :   13;
	f65   :   00;
	f66   :   00;
	f67   :   00;
	f68   :   5c;
	f69   :   99;
	f6a   :   59;
	f6b   :   59;
	f6c   :   13;
	f6d   :   00;
	f6e   :   00;
	f6f   :   00;
	f70   :   99;
	f71   :   59;
	f72   :   58;
	f73   :   5a;
	f74   :   13;
	f75   :   00;
	f76   :   00;
	f77   :   00;
	f78   :   5f;
	f79   :   15;
	f7a   :   0c;
	f7b   :   0c;
	f7c   :   13;
	f7d   :   00;
	f7e   :   00;
	f7f   :   00;
	f80   :   0b;
	f81   :   13;
	f82   :   67;
	f83   :   5b;
	f84   :   13;
	f85   :   00;
	f86   :   00;
	f87   :   00;
	f88   :   58;
	f89   :   58;
	f8a   :   50;
	f8b   :   50;
	f8c   :   13;
	f8d   :   00;
	f8e   :   00;
	f8f   :   00;
	f90   :   98;
	f91   :   50;
	f92   :   66;
	f93   :   67;
	f94   :   13;
	f95   :   00;
	f96   :   00;
	f97   :   00;
	f98   :   54;
	f99   :   66;
	f9a   :   1f;
	f9b   :   59;
	f9c   :   13;
	f9d   :   00;
	f9e   :   00;
	f9f   :   00;
	fa0   :   59;
	fa1   :   99;
	fa2   :   99;
	fa3   :   99;
	fa4   :   13;
	fa5   :   00;
	fa6   :   00;
	fa7   :   00;
	fa8   :   98;
	fa9   :   59;
	faa   :   67;
	fab   :   5e;
	fac   :   13;
	fad   :   00;
	fae   :   00;
	faf   :   00;
	fb0   :   0a;
	fb1   :   0c;
	fb2   :   14;
	fb3   :   15;
	fb4   :   13;
	fb5   :   00;
	fb6   :   00;
	fb7   :   00;
	fb8   :   5f;
	fb9   :   5c;
	fba   :   a1;
	fbb   :   59;
	fbc   :   13;
	fbd   :   00;
	fbe   :   00;
	fbf   :   00;
	fc0   :   59;
	fc1   :   a1;
	fc2   :   99;
	fc3   :   99;
	fc4   :   13;
	fc5   :   00;
	fc6   :   00;
	fc7   :   00;
	fc8   :   5a;
	fc9   :   1f;
	fca   :   5e;
	fcb   :   0d;
	fcc   :   13;
	fcd   :   00;
	fce   :   00;
	fcf   :   00;
	fd0   :   16;
	fd1   :   67;
	fd2   :   5e;
	fd3   :   a1;
	fd4   :   13;
	fd5   :   00;
	fd6   :   00;
	fd7   :   00;
	fd8   :   99;
	fd9   :   59;
	fda   :   59;
	fdb   :   99;
	fdc   :   13;
	fdd   :   00;
	fde   :   00;
	fdf   :   00;
	fe0   :   a1;
	fe1   :   59;
	fe2   :   59;
	fe3   :   51;
	fe4   :   13;
	fe5   :   00;
	fe6   :   00;
	fe7   :   00;
	fe8   :   99;
	fe9   :   99;
	fea   :   9a;
	feb   :   5b;
	fec   :   13;
	fed   :   00;
	fee   :   00;
	fef   :   00;
	ff0   :   99;
	ff1   :   a1;
	ff2   :   59;
	ff3   :   99;
	ff4   :   13;
	ff5   :   00;
	ff6   :   00;
	ff7   :   00;
	ff8   :   58;
	ff9   :   50;
	ffa   :   99;
	ffb   :   a1;
	ffc   :   13;
	ffd   :   00;
	ffe   :   00;
	fff   :   00;
	1000   :   59;
	1001   :   99;
	1002   :   a2;
	1003   :   a1;
	1004   :   13;
	1005   :   00;
	1006   :   00;
	1007   :   00;
	1008   :   5c;
	1009   :   5f;
	100a   :   0a;
	100b   :   00;
	100c   :   13;
	100d   :   00;
	100e   :   00;
	100f   :   00;
	1010   :   01;
	1011   :   00;
	1012   :   00;
	1013   :   00;
	1014   :   13;
	1015   :   00;
	1016   :   00;
	1017   :   00;
	1018   :   00;
	1019   :   00;
	101a   :   00;
	101b   :   00;
	101c   :   13;
	101d   :   00;
	101e   :   00;
	101f   :   00;
	1020   :   00;
	1021   :   00;
	1022   :   00;
	1023   :   00;
	1024   :   13;
	1025   :   00;
	1026   :   00;
	1027   :   00;
	1028   :   01;
	1029   :   55;
	102a   :   0c;
	102b   :   04;
	102c   :   13;
	102d   :   00;
	102e   :   00;
	102f   :   00;
	1030   :   0c;
	1031   :   0c;
	1032   :   01;
	1033   :   00;
	1034   :   13;
	1035   :   00;
	1036   :   00;
	1037   :   00;
	1038   :   00;
	1039   :   00;
	103a   :   00;
	103b   :   00;
	103c   :   13;
	103d   :   00;
	103e   :   00;
	103f   :   00;
	1040   :   00;
	1041   :   00;
	1042   :   00;
	1043   :   00;
	1044   :   13;
	1045   :   00;
	1046   :   00;
	1047   :   00;
	1048   :   00;
	1049   :   00;
	104a   :   00;
	104b   :   00;
	104c   :   13;
	104d   :   00;
	104e   :   00;
	104f   :   00;
	1050   :   00;
	1051   :   00;
	1052   :   00;
	1053   :   00;
	1054   :   13;
	1055   :   00;
	1056   :   00;
	1057   :   00;
	1058   :   00;
	1059   :   00;
	105a   :   00;
	105b   :   00;
	105c   :   13;
	105d   :   00;
	105e   :   00;
	105f   :   00;
	1060   :   00;
	1061   :   00;
	1062   :   00;
	1063   :   00;
	1064   :   13;
	1065   :   00;
	1066   :   00;
	1067   :   00;
	1068   :   00;
	1069   :   01;
	106a   :   00;
	106b   :   0a;
	106c   :   13;
	106d   :   00;
	106e   :   00;
	106f   :   00;
	1070   :   17;
	1071   :   5c;
	1072   :   99;
	1073   :   5a;
	1074   :   13;
	1075   :   00;
	1076   :   00;
	1077   :   00;
	1078   :   50;
	1079   :   a1;
	107a   :   99;
	107b   :   59;
	107c   :   13;
	107d   :   00;
	107e   :   00;
	107f   :   00;
	1080   :   66;
	1081   :   5e;
	1082   :   15;
	1083   :   14;
	1084   :   13;
	1085   :   00;
	1086   :   00;
	1087   :   00;
	1088   :   14;
	1089   :   0b;
	108a   :   5f;
	108b   :   5d;
	108c   :   13;
	108d   :   00;
	108e   :   00;
	108f   :   00;
	1090   :   50;
	1091   :   99;
	1092   :   99;
	1093   :   99;
	1094   :   13;
	1095   :   00;
	1096   :   00;
	1097   :   00;
	1098   :   a1;
	1099   :   99;
	109a   :   65;
	109b   :   1f;
	109c   :   13;
	109d   :   00;
	109e   :   00;
	109f   :   00;
	10a0   :   5e;
	10a1   :   5d;
	10a2   :   65;
	10a3   :   67;
	10a4   :   13;
	10a5   :   00;
	10a6   :   00;
	10a7   :   00;
	10a8   :   a4;
	10a9   :   a2;
	10aa   :   a1;
	10ab   :   99;
	10ac   :   13;
	10ad   :   00;
	10ae   :   00;
	10af   :   00;
	10b0   :   59;
	10b1   :   99;
	10b2   :   99;
	10b3   :   5b;
	10b4   :   13;
	10b5   :   00;
	10b6   :   00;
	10b7   :   00;
	10b8   :   1f;
	10b9   :   15;
	10ba   :   15;
	10bb   :   0d;
	10bc   :   13;
	10bd   :   00;
	10be   :   00;
	10bf   :   00;
	10c0   :   0c;
	10c1   :   14;
	10c2   :   67;
	10c3   :   5b;
	10c4   :   13;
	10c5   :   00;
	10c6   :   00;
	10c7   :   00;
	10c8   :   50;
	10c9   :   50;
	10ca   :   50;
	10cb   :   50;
	10cc   :   13;
	10cd   :   00;
	10ce   :   00;
	10cf   :   00;
	10d0   :   50;
	10d1   :   98;
	10d2   :   66;
	10d3   :   67;
	10d4   :   13;
	10d5   :   00;
	10d6   :   00;
	10d7   :   00;
	10d8   :   14;
	10d9   :   66;
	10da   :   1f;
	10db   :   59;
	10dc   :   13;
	10dd   :   00;
	10de   :   00;
	10df   :   00;
	10e0   :   a2;
	10e1   :   51;
	10e2   :   59;
	10e3   :   59;
	10e4   :   13;
	10e5   :   00;
	10e6   :   00;
	10e7   :   00;
	10e8   :   59;
	10e9   :   99;
	10ea   :   67;
	10eb   :   5e;
	10ec   :   13;
	10ed   :   00;
	10ee   :   00;
	10ef   :   00;
	10f0   :   0c;
	10f1   :   0c;
	10f2   :   14;
	10f3   :   16;
	10f4   :   13;
	10f5   :   00;
	10f6   :   00;
	10f7   :   00;
	10f8   :   5f;
	10f9   :   5d;
	10fa   :   a1;
	10fb   :   9a;
	10fc   :   13;
	10fd   :   00;
	10fe   :   00;
	10ff   :   00;
	1100   :   a2;
	1101   :   a2;
	1102   :   5a;
	1103   :   a2;
	1104   :   13;
	1105   :   00;
	1106   :   00;
	1107   :   00;
	1108   :   5a;
	1109   :   1f;
	110a   :   5e;
	110b   :   0d;
	110c   :   13;
	110d   :   00;
	110e   :   00;
	110f   :   00;
	1110   :   16;
	1111   :   67;
	1112   :   5e;
	1113   :   a0;
	1114   :   13;
	1115   :   00;
	1116   :   00;
	1117   :   00;
	1118   :   a1;
	1119   :   a2;
	111a   :   99;
	111b   :   58;
	111c   :   13;
	111d   :   00;
	111e   :   00;
	111f   :   00;
	1120   :   5c;
	1121   :   5a;
	1122   :   98;
	1123   :   59;
	1124   :   13;
	1125   :   00;
	1126   :   00;
	1127   :   00;
	1128   :   a2;
	1129   :   a2;
	112a   :   9a;
	112b   :   99;
	112c   :   13;
	112d   :   00;
	112e   :   00;
	112f   :   00;
	1130   :   99;
	1131   :   51;
	1132   :   59;
	1133   :   a1;
	1134   :   13;
	1135   :   00;
	1136   :   00;
	1137   :   00;
	1138   :   59;
	1139   :   99;
	113a   :   99;
	113b   :   99;
	113c   :   13;
	113d   :   00;
	113e   :   00;
	113f   :   00;
	1140   :   59;
	1141   :   a1;
	1142   :   a2;
	1143   :   a2;
	1144   :   13;
	1145   :   00;
	1146   :   00;
	1147   :   00;
	1148   :   5c;
	1149   :   67;
	114a   :   0a;
	114b   :   00;
	114c   :   13;
	114d   :   00;
	114e   :   00;
	114f   :   00;
	1150   :   00;
	1151   :   00;
	1152   :   00;
	1153   :   00;
	1154   :   13;
	1155   :   00;
	1156   :   00;
	1157   :   00;
	1158   :   00;
	1159   :   00;
	115a   :   00;
	115b   :   00;
	115c   :   13;
	115d   :   00;
	115e   :   00;
	115f   :   00;
	1160   :   00;
	1161   :   00;
	1162   :   00;
	1163   :   00;
	1164   :   13;
	1165   :   00;
	1166   :   00;
	1167   :   00;
	1168   :   02;
	1169   :   0c;
	116a   :   04;
	116b   :   04;
	116c   :   13;
	116d   :   00;
	116e   :   00;
	116f   :   00;
	1170   :   04;
	1171   :   0d;
	1172   :   0d;
	1173   :   01;
	1174   :   13;
	1175   :   00;
	1176   :   00;
	1177   :   00;
	1178   :   00;
	1179   :   00;
	117a   :   0b;
	117b   :   02;
	117c   :   13;
	117d   :   00;
	117e   :   00;
	117f   :   00;
	1180   :   00;
	1181   :   00;
	1182   :   00;
	1183   :   00;
	1184   :   13;
	1185   :   00;
	1186   :   00;
	1187   :   00;
	1188   :   00;
	1189   :   00;
	118a   :   00;
	118b   :   00;
	118c   :   13;
	118d   :   00;
	118e   :   00;
	118f   :   00;
	1190   :   00;
	1191   :   00;
	1192   :   00;
	1193   :   00;
	1194   :   13;
	1195   :   00;
	1196   :   00;
	1197   :   00;
	1198   :   00;
	1199   :   00;
	119a   :   00;
	119b   :   00;
	119c   :   13;
	119d   :   00;
	119e   :   00;
	119f   :   00;
	11a0   :   00;
	11a1   :   00;
	11a2   :   00;
	11a3   :   00;
	11a4   :   13;
	11a5   :   00;
	11a6   :   00;
	11a7   :   00;
	11a8   :   00;
	11a9   :   01;
	11aa   :   00;
	11ab   :   0a;
	11ac   :   13;
	11ad   :   00;
	11ae   :   00;
	11af   :   00;
	11b0   :   1f;
	11b1   :   9c;
	11b2   :   a1;
	11b3   :   62;
	11b4   :   13;
	11b5   :   00;
	11b6   :   00;
	11b7   :   00;
	11b8   :   59;
	11b9   :   a2;
	11ba   :   a1;
	11bb   :   99;
	11bc   :   13;
	11bd   :   00;
	11be   :   00;
	11bf   :   00;
	11c0   :   66;
	11c1   :   5f;
	11c2   :   15;
	11c3   :   14;
	11c4   :   13;
	11c5   :   00;
	11c6   :   00;
	11c7   :   00;
	11c8   :   14;
	11c9   :   14;
	11ca   :   5f;
	11cb   :   5d;
	11cc   :   13;
	11cd   :   00;
	11ce   :   00;
	11cf   :   00;
	11d0   :   58;
	11d1   :   59;
	11d2   :   a1;
	11d3   :   a2;
	11d4   :   13;
	11d5   :   00;
	11d6   :   00;
	11d7   :   00;
	11d8   :   a2;
	11d9   :   a1;
	11da   :   5d;
	11db   :   1f;
	11dc   :   13;
	11dd   :   00;
	11de   :   00;
	11df   :   00;
	11e0   :   5e;
	11e1   :   1d;
	11e2   :   5d;
	11e3   :   67;
	11e4   :   13;
	11e5   :   00;
	11e6   :   00;
	11e7   :   00;
	11e8   :   64;
	11e9   :   a1;
	11ea   :   a1;
	11eb   :   a1;
	11ec   :   13;
	11ed   :   00;
	11ee   :   00;
	11ef   :   00;
	11f0   :   51;
	11f1   :   59;
	11f2   :   a1;
	11f3   :   a3;
	11f4   :   13;
	11f5   :   00;
	11f6   :   00;
	11f7   :   00;
	11f8   :   5f;
	11f9   :   16;
	11fa   :   15;
	11fb   :   15;
	11fc   :   13;
	11fd   :   00;
	11fe   :   00;
	11ff   :   00;
	1200   :   0c;
	1201   :   55;
	1202   :   67;
	1203   :   5b;
	1204   :   13;
	1205   :   00;
	1206   :   00;
	1207   :   00;
	1208   :   58;
	1209   :   99;
	120a   :   59;
	120b   :   a1;
	120c   :   13;
	120d   :   00;
	120e   :   00;
	120f   :   00;
	1210   :   58;
	1211   :   99;
	1212   :   66;
	1213   :   67;
	1214   :   13;
	1215   :   00;
	1216   :   00;
	1217   :   00;
	1218   :   55;
	1219   :   66;
	121a   :   1f;
	121b   :   51;
	121c   :   13;
	121d   :   00;
	121e   :   00;
	121f   :   00;
	1220   :   a1;
	1221   :   59;
	1222   :   98;
	1223   :   99;
	1224   :   13;
	1225   :   00;
	1226   :   00;
	1227   :   00;
	1228   :   59;
	1229   :   a1;
	122a   :   67;
	122b   :   5e;
	122c   :   13;
	122d   :   00;
	122e   :   00;
	122f   :   00;
	1230   :   0b;
	1231   :   14;
	1232   :   16;
	1233   :   15;
	1234   :   13;
	1235   :   00;
	1236   :   00;
	1237   :   00;
	1238   :   5f;
	1239   :   65;
	123a   :   a2;
	123b   :   5a;
	123c   :   13;
	123d   :   00;
	123e   :   00;
	123f   :   00;
	1240   :   a1;
	1241   :   a2;
	1242   :   a2;
	1243   :   9a;
	1244   :   13;
	1245   :   00;
	1246   :   00;
	1247   :   00;
	1248   :   0a;
	1249   :   1f;
	124a   :   5f;
	124b   :   16;
	124c   :   13;
	124d   :   00;
	124e   :   00;
	124f   :   00;
	1250   :   16;
	1251   :   67;
	1252   :   16;
	1253   :   51;
	1254   :   13;
	1255   :   00;
	1256   :   00;
	1257   :   00;
	1258   :   99;
	1259   :   a2;
	125a   :   5a;
	125b   :   59;
	125c   :   13;
	125d   :   00;
	125e   :   00;
	125f   :   00;
	1260   :   55;
	1261   :   5c;
	1262   :   59;
	1263   :   99;
	1264   :   13;
	1265   :   00;
	1266   :   00;
	1267   :   00;
	1268   :   5a;
	1269   :   59;
	126a   :   99;
	126b   :   99;
	126c   :   13;
	126d   :   00;
	126e   :   00;
	126f   :   00;
	1270   :   99;
	1271   :   59;
	1272   :   59;
	1273   :   99;
	1274   :   13;
	1275   :   00;
	1276   :   00;
	1277   :   00;
	1278   :   59;
	1279   :   59;
	127a   :   a1;
	127b   :   99;
	127c   :   13;
	127d   :   00;
	127e   :   00;
	127f   :   00;
	1280   :   99;
	1281   :   9a;
	1282   :   5a;
	1283   :   5a;
	1284   :   13;
	1285   :   00;
	1286   :   00;
	1287   :   00;
	1288   :   5c;
	1289   :   67;
	128a   :   0a;
	128b   :   00;
	128c   :   13;
	128d   :   00;
	128e   :   00;
	128f   :   00;
	1290   :   00;
	1291   :   00;
	1292   :   00;
	1293   :   00;
	1294   :   13;
	1295   :   00;
	1296   :   00;
	1297   :   00;
	1298   :   00;
	1299   :   00;
	129a   :   00;
	129b   :   00;
	129c   :   13;
	129d   :   00;
	129e   :   00;
	129f   :   00;
	12a0   :   00;
	12a1   :   01;
	12a2   :   01;
	12a3   :   00;
	12a4   :   13;
	12a5   :   00;
	12a6   :   00;
	12a7   :   00;
	12a8   :   0b;
	12a9   :   04;
	12aa   :   04;
	12ab   :   04;
	12ac   :   13;
	12ad   :   00;
	12ae   :   00;
	12af   :   00;
	12b0   :   05;
	12b1   :   05;
	12b2   :   0e;
	12b3   :   0b;
	12b4   :   13;
	12b5   :   00;
	12b6   :   00;
	12b7   :   00;
	12b8   :   00;
	12b9   :   02;
	12ba   :   0d;
	12bb   :   0e;
	12bc   :   13;
	12bd   :   00;
	12be   :   00;
	12bf   :   00;
	12c0   :   00;
	12c1   :   00;
	12c2   :   00;
	12c3   :   00;
	12c4   :   13;
	12c5   :   00;
	12c6   :   00;
	12c7   :   00;
	12c8   :   00;
	12c9   :   00;
	12ca   :   00;
	12cb   :   00;
	12cc   :   13;
	12cd   :   00;
	12ce   :   00;
	12cf   :   00;
	12d0   :   00;
	12d1   :   00;
	12d2   :   00;
	12d3   :   00;
	12d4   :   13;
	12d5   :   00;
	12d6   :   00;
	12d7   :   00;
	12d8   :   00;
	12d9   :   00;
	12da   :   00;
	12db   :   00;
	12dc   :   13;
	12dd   :   00;
	12de   :   00;
	12df   :   00;
	12e0   :   00;
	12e1   :   00;
	12e2   :   00;
	12e3   :   01;
	12e4   :   13;
	12e5   :   00;
	12e6   :   00;
	12e7   :   00;
	12e8   :   01;
	12e9   :   01;
	12ea   :   00;
	12eb   :   0a;
	12ec   :   13;
	12ed   :   00;
	12ee   :   00;
	12ef   :   00;
	12f0   :   1f;
	12f1   :   5c;
	12f2   :   99;
	12f3   :   62;
	12f4   :   13;
	12f5   :   00;
	12f6   :   00;
	12f7   :   00;
	12f8   :   59;
	12f9   :   9a;
	12fa   :   a1;
	12fb   :   99;
	12fc   :   13;
	12fd   :   00;
	12fe   :   00;
	12ff   :   00;
	1300   :   66;
	1301   :   5f;
	1302   :   1e;
	1303   :   15;
	1304   :   13;
	1305   :   00;
	1306   :   00;
	1307   :   00;
	1308   :   15;
	1309   :   14;
	130a   :   5f;
	130b   :   a5;
	130c   :   13;
	130d   :   00;
	130e   :   00;
	130f   :   00;
	1310   :   58;
	1311   :   5a;
	1312   :   a2;
	1313   :   5a;
	1314   :   13;
	1315   :   00;
	1316   :   00;
	1317   :   00;
	1318   :   5a;
	1319   :   13;
	131a   :   5e;
	131b   :   67;
	131c   :   13;
	131d   :   00;
	131e   :   00;
	131f   :   00;
	1320   :   66;
	1321   :   1d;
	1322   :   5d;
	1323   :   67;
	1324   :   13;
	1325   :   00;
	1326   :   00;
	1327   :   00;
	1328   :   5d;
	1329   :   0a;
	132a   :   51;
	132b   :   99;
	132c   :   13;
	132d   :   00;
	132e   :   00;
	132f   :   00;
	1330   :   a1;
	1331   :   a2;
	1332   :   99;
	1333   :   a3;
	1334   :   13;
	1335   :   00;
	1336   :   00;
	1337   :   00;
	1338   :   67;
	1339   :   1e;
	133a   :   15;
	133b   :   15;
	133c   :   13;
	133d   :   00;
	133e   :   00;
	133f   :   00;
	1340   :   0c;
	1341   :   15;
	1342   :   67;
	1343   :   5c;
	1344   :   13;
	1345   :   00;
	1346   :   00;
	1347   :   00;
	1348   :   59;
	1349   :   a2;
	134a   :   a2;
	134b   :   a1;
	134c   :   13;
	134d   :   00;
	134e   :   00;
	134f   :   00;
	1350   :   59;
	1351   :   99;
	1352   :   66;
	1353   :   67;
	1354   :   13;
	1355   :   00;
	1356   :   00;
	1357   :   00;
	1358   :   55;
	1359   :   67;
	135a   :   1f;
	135b   :   59;
	135c   :   13;
	135d   :   00;
	135e   :   00;
	135f   :   00;
	1360   :   a1;
	1361   :   59;
	1362   :   99;
	1363   :   a2;
	1364   :   13;
	1365   :   00;
	1366   :   00;
	1367   :   00;
	1368   :   59;
	1369   :   a2;
	136a   :   67;
	136b   :   5e;
	136c   :   13;
	136d   :   00;
	136e   :   00;
	136f   :   00;
	1370   :   14;
	1371   :   16;
	1372   :   15;
	1373   :   16;
	1374   :   13;
	1375   :   00;
	1376   :   00;
	1377   :   00;
	1378   :   67;
	1379   :   65;
	137a   :   a2;
	137b   :   9a;
	137c   :   13;
	137d   :   00;
	137e   :   00;
	137f   :   00;
	1380   :   a2;
	1381   :   a2;
	1382   :   52;
	1383   :   0a;
	1384   :   13;
	1385   :   00;
	1386   :   00;
	1387   :   00;
	1388   :   0c;
	1389   :   1f;
	138a   :   5f;
	138b   :   16;
	138c   :   13;
	138d   :   00;
	138e   :   00;
	138f   :   00;
	1390   :   1e;
	1391   :   67;
	1392   :   17;
	1393   :   0c;
	1394   :   13;
	1395   :   00;
	1396   :   00;
	1397   :   00;
	1398   :   0a;
	1399   :   52;
	139a   :   59;
	139b   :   99;
	139c   :   13;
	139d   :   00;
	139e   :   00;
	139f   :   00;
	13a0   :   5e;
	13a1   :   5e;
	13a2   :   5a;
	13a3   :   59;
	13a4   :   13;
	13a5   :   00;
	13a6   :   00;
	13a7   :   00;
	13a8   :   a1;
	13a9   :   a1;
	13aa   :   99;
	13ab   :   99;
	13ac   :   13;
	13ad   :   00;
	13ae   :   00;
	13af   :   00;
	13b0   :   a1;
	13b1   :   59;
	13b2   :   a1;
	13b3   :   99;
	13b4   :   13;
	13b5   :   00;
	13b6   :   00;
	13b7   :   00;
	13b8   :   59;
	13b9   :   59;
	13ba   :   99;
	13bb   :   99;
	13bc   :   13;
	13bd   :   00;
	13be   :   00;
	13bf   :   00;
	13c0   :   99;
	13c1   :   99;
	13c2   :   59;
	13c3   :   99;
	13c4   :   13;
	13c5   :   00;
	13c6   :   00;
	13c7   :   00;
	13c8   :   64;
	13c9   :   67;
	13ca   :   0a;
	13cb   :   00;
	13cc   :   13;
	13cd   :   00;
	13ce   :   00;
	13cf   :   00;
	13d0   :   01;
	13d1   :   00;
	13d2   :   00;
	13d3   :   01;
	13d4   :   13;
	13d5   :   00;
	13d6   :   00;
	13d7   :   00;
	13d8   :   01;
	13d9   :   01;
	13da   :   01;
	13db   :   01;
	13dc   :   13;
	13dd   :   00;
	13de   :   00;
	13df   :   00;
	13e0   :   01;
	13e1   :   01;
	13e2   :   01;
	13e3   :   01;
	13e4   :   13;
	13e5   :   00;
	13e6   :   00;
	13e7   :   00;
	13e8   :   0c;
	13e9   :   04;
	13ea   :   0d;
	13eb   :   05;
	13ec   :   13;
	13ed   :   00;
	13ee   :   00;
	13ef   :   00;
	13f0   :   0d;
	13f1   :   0d;
	13f2   :   0d;
	13f3   :   0d;
	13f4   :   13;
	13f5   :   00;
	13f6   :   00;
	13f7   :   00;
	13f8   :   03;
	13f9   :   04;
	13fa   :   04;
	13fb   :   0d;
	13fc   :   13;
	13fd   :   00;
	13fe   :   00;
	13ff   :   00;
	1400   :   00;
	1401   :   00;
	1402   :   00;
	1403   :   00;
	1404   :   13;
	1405   :   00;
	1406   :   00;
	1407   :   00;
	1408   :   00;
	1409   :   00;
	140a   :   00;
	140b   :   00;
	140c   :   13;
	140d   :   00;
	140e   :   00;
	140f   :   00;
	1410   :   00;
	1411   :   00;
	1412   :   00;
	1413   :   00;
	1414   :   13;
	1415   :   00;
	1416   :   00;
	1417   :   00;
	1418   :   00;
	1419   :   00;
	141a   :   00;
	141b   :   00;
	141c   :   13;
	141d   :   00;
	141e   :   00;
	141f   :   00;
	1420   :   01;
	1421   :   01;
	1422   :   01;
	1423   :   01;
	1424   :   13;
	1425   :   00;
	1426   :   00;
	1427   :   00;
	1428   :   01;
	1429   :   01;
	142a   :   00;
	142b   :   0a;
	142c   :   13;
	142d   :   00;
	142e   :   00;
	142f   :   00;
	1430   :   1f;
	1431   :   5c;
	1432   :   a2;
	1433   :   a2;
	1434   :   13;
	1435   :   00;
	1436   :   00;
	1437   :   00;
	1438   :   a2;
	1439   :   59;
	143a   :   99;
	143b   :   9a;
	143c   :   13;
	143d   :   00;
	143e   :   00;
	143f   :   00;
	1440   :   66;
	1441   :   5f;
	1442   :   1e;
	1443   :   16;
	1444   :   13;
	1445   :   00;
	1446   :   00;
	1447   :   00;
	1448   :   15;
	1449   :   14;
	144a   :   67;
	144b   :   5d;
	144c   :   13;
	144d   :   00;
	144e   :   00;
	144f   :   00;
	1450   :   a1;
	1451   :   a3;
	1452   :   0b;
	1453   :   0b;
	1454   :   13;
	1455   :   00;
	1456   :   00;
	1457   :   00;
	1458   :   0c;
	1459   :   0c;
	145a   :   5e;
	145b   :   67;
	145c   :   13;
	145d   :   00;
	145e   :   00;
	145f   :   00;
	1460   :   5f;
	1461   :   1e;
	1462   :   66;
	1463   :   67;
	1464   :   13;
	1465   :   00;
	1466   :   00;
	1467   :   00;
	1468   :   5e;
	1469   :   0c;
	146a   :   0c;
	146b   :   0b;
	146c   :   13;
	146d   :   00;
	146e   :   00;
	146f   :   00;
	1470   :   52;
	1471   :   9a;
	1472   :   59;
	1473   :   5b;
	1474   :   13;
	1475   :   00;
	1476   :   00;
	1477   :   00;
	1478   :   67;
	1479   :   16;
	147a   :   16;
	147b   :   16;
	147c   :   13;
	147d   :   00;
	147e   :   00;
	147f   :   00;
	1480   :   15;
	1481   :   55;
	1482   :   67;
	1483   :   64;
	1484   :   13;
	1485   :   00;
	1486   :   00;
	1487   :   00;
	1488   :   a1;
	1489   :   9a;
	148a   :   a2;
	148b   :   5a;
	148c   :   13;
	148d   :   00;
	148e   :   00;
	148f   :   00;
	1490   :   5a;
	1491   :   99;
	1492   :   67;
	1493   :   67;
	1494   :   13;
	1495   :   00;
	1496   :   00;
	1497   :   00;
	1498   :   55;
	1499   :   67;
	149a   :   1f;
	149b   :   59;
	149c   :   13;
	149d   :   00;
	149e   :   00;
	149f   :   00;
	14a0   :   a1;
	14a1   :   59;
	14a2   :   a2;
	14a3   :   a2;
	14a4   :   13;
	14a5   :   00;
	14a6   :   00;
	14a7   :   00;
	14a8   :   a2;
	14a9   :   a2;
	14aa   :   67;
	14ab   :   66;
	14ac   :   13;
	14ad   :   00;
	14ae   :   00;
	14af   :   00;
	14b0   :   15;
	14b1   :   16;
	14b2   :   16;
	14b3   :   1f;
	14b4   :   13;
	14b5   :   00;
	14b6   :   00;
	14b7   :   00;
	14b8   :   67;
	14b9   :   64;
	14ba   :   a1;
	14bb   :   5a;
	14bc   :   13;
	14bd   :   00;
	14be   :   00;
	14bf   :   00;
	14c0   :   52;
	14c1   :   0b;
	14c2   :   0c;
	14c3   :   0c;
	14c4   :   13;
	14c5   :   00;
	14c6   :   00;
	14c7   :   00;
	14c8   :   0d;
	14c9   :   1f;
	14ca   :   5f;
	14cb   :   16;
	14cc   :   13;
	14cd   :   00;
	14ce   :   00;
	14cf   :   00;
	14d0   :   1e;
	14d1   :   67;
	14d2   :   1f;
	14d3   :   14;
	14d4   :   13;
	14d5   :   00;
	14d6   :   00;
	14d7   :   00;
	14d8   :   0c;
	14d9   :   0b;
	14da   :   0b;
	14db   :   52;
	14dc   :   13;
	14dd   :   00;
	14de   :   00;
	14df   :   00;
	14e0   :   1d;
	14e1   :   1f;
	14e2   :   a2;
	14e3   :   5a;
	14e4   :   13;
	14e5   :   00;
	14e6   :   00;
	14e7   :   00;
	14e8   :   59;
	14e9   :   a2;
	14ea   :   99;
	14eb   :   99;
	14ec   :   13;
	14ed   :   00;
	14ee   :   00;
	14ef   :   00;
	14f0   :   59;
	14f1   :   99;
	14f2   :   a1;
	14f3   :   99;
	14f4   :   13;
	14f5   :   00;
	14f6   :   00;
	14f7   :   00;
	14f8   :   59;
	14f9   :   a1;
	14fa   :   a1;
	14fb   :   99;
	14fc   :   13;
	14fd   :   00;
	14fe   :   00;
	14ff   :   00;
	1500   :   52;
	1501   :   53;
	1502   :   99;
	1503   :   a1;
	1504   :   13;
	1505   :   00;
	1506   :   00;
	1507   :   00;
	1508   :   64;
	1509   :   67;
	150a   :   0a;
	150b   :   00;
	150c   :   13;
	150d   :   00;
	150e   :   00;
	150f   :   00;
	1510   :   01;
	1511   :   01;
	1512   :   01;
	1513   :   01;
	1514   :   13;
	1515   :   00;
	1516   :   00;
	1517   :   00;
	1518   :   01;
	1519   :   01;
	151a   :   01;
	151b   :   01;
	151c   :   13;
	151d   :   00;
	151e   :   00;
	151f   :   00;
	1520   :   01;
	1521   :   01;
	1522   :   00;
	1523   :   02;
	1524   :   13;
	1525   :   00;
	1526   :   00;
	1527   :   00;
	1528   :   0d;
	1529   :   05;
	152a   :   0d;
	152b   :   05;
	152c   :   13;
	152d   :   00;
	152e   :   00;
	152f   :   00;
	1530   :   0e;
	1531   :   0d;
	1532   :   0d;
	1533   :   0c;
	1534   :   13;
	1535   :   00;
	1536   :   00;
	1537   :   00;
	1538   :   03;
	1539   :   04;
	153a   :   05;
	153b   :   0d;
	153c   :   13;
	153d   :   00;
	153e   :   00;
	153f   :   00;
	1540   :   00;
	1541   :   00;
	1542   :   00;
	1543   :   00;
	1544   :   13;
	1545   :   00;
	1546   :   00;
	1547   :   00;
	1548   :   00;
	1549   :   00;
	154a   :   00;
	154b   :   00;
	154c   :   13;
	154d   :   00;
	154e   :   00;
	154f   :   00;
	1550   :   00;
	1551   :   00;
	1552   :   00;
	1553   :   00;
	1554   :   13;
	1555   :   00;
	1556   :   00;
	1557   :   00;
	1558   :   00;
	1559   :   00;
	155a   :   00;
	155b   :   01;
	155c   :   13;
	155d   :   00;
	155e   :   00;
	155f   :   00;
	1560   :   01;
	1561   :   01;
	1562   :   01;
	1563   :   01;
	1564   :   13;
	1565   :   00;
	1566   :   00;
	1567   :   00;
	1568   :   01;
	1569   :   01;
	156a   :   01;
	156b   :   0a;
	156c   :   13;
	156d   :   00;
	156e   :   00;
	156f   :   00;
	1570   :   1f;
	1571   :   5c;
	1572   :   99;
	1573   :   a2;
	1574   :   13;
	1575   :   00;
	1576   :   00;
	1577   :   00;
	1578   :   a2;
	1579   :   59;
	157a   :   99;
	157b   :   a2;
	157c   :   13;
	157d   :   00;
	157e   :   00;
	157f   :   00;
	1580   :   66;
	1581   :   1f;
	1582   :   1f;
	1583   :   1e;
	1584   :   13;
	1585   :   00;
	1586   :   00;
	1587   :   00;
	1588   :   1d;
	1589   :   15;
	158a   :   67;
	158b   :   5d;
	158c   :   13;
	158d   :   00;
	158e   :   00;
	158f   :   00;
	1590   :   51;
	1591   :   0b;
	1592   :   0c;
	1593   :   15;
	1594   :   13;
	1595   :   00;
	1596   :   00;
	1597   :   00;
	1598   :   15;
	1599   :   15;
	159a   :   5e;
	159b   :   67;
	159c   :   13;
	159d   :   00;
	159e   :   00;
	159f   :   00;
	15a0   :   67;
	15a1   :   1f;
	15a2   :   5f;
	15a3   :   6f;
	15a4   :   13;
	15a5   :   00;
	15a6   :   00;
	15a7   :   00;
	15a8   :   5e;
	15a9   :   0c;
	15aa   :   14;
	15ab   :   14;
	15ac   :   13;
	15ad   :   00;
	15ae   :   00;
	15af   :   00;
	15b0   :   0c;
	15b1   :   0a;
	15b2   :   51;
	15b3   :   5b;
	15b4   :   13;
	15b5   :   00;
	15b6   :   00;
	15b7   :   00;
	15b8   :   67;
	15b9   :   16;
	15ba   :   16;
	15bb   :   16;
	15bc   :   13;
	15bd   :   00;
	15be   :   00;
	15bf   :   00;
	15c0   :   16;
	15c1   :   5e;
	15c2   :   6f;
	15c3   :   a4;
	15c4   :   13;
	15c5   :   00;
	15c6   :   00;
	15c7   :   00;
	15c8   :   a2;
	15c9   :   99;
	15ca   :   99;
	15cb   :   59;
	15cc   :   13;
	15cd   :   00;
	15ce   :   00;
	15cf   :   00;
	15d0   :   9a;
	15d1   :   9a;
	15d2   :   66;
	15d3   :   6f;
	15d4   :   13;
	15d5   :   00;
	15d6   :   00;
	15d7   :   00;
	15d8   :   5e;
	15d9   :   66;
	15da   :   27;
	15db   :   59;
	15dc   :   13;
	15dd   :   00;
	15de   :   00;
	15df   :   00;
	15e0   :   99;
	15e1   :   a2;
	15e2   :   a2;
	15e3   :   5a;
	15e4   :   13;
	15e5   :   00;
	15e6   :   00;
	15e7   :   00;
	15e8   :   a2;
	15e9   :   a2;
	15ea   :   67;
	15eb   :   66;
	15ec   :   13;
	15ed   :   00;
	15ee   :   00;
	15ef   :   00;
	15f0   :   15;
	15f1   :   16;
	15f2   :   1f;
	15f3   :   1f;
	15f4   :   13;
	15f5   :   00;
	15f6   :   00;
	15f7   :   00;
	15f8   :   67;
	15f9   :   65;
	15fa   :   52;
	15fb   :   0b;
	15fc   :   13;
	15fd   :   00;
	15fe   :   00;
	15ff   :   00;
	1600   :   0c;
	1601   :   14;
	1602   :   15;
	1603   :   15;
	1604   :   13;
	1605   :   00;
	1606   :   00;
	1607   :   00;
	1608   :   15;
	1609   :   1f;
	160a   :   5e;
	160b   :   16;
	160c   :   13;
	160d   :   00;
	160e   :   00;
	160f   :   00;
	1610   :   1f;
	1611   :   67;
	1612   :   1f;
	1613   :   15;
	1614   :   13;
	1615   :   00;
	1616   :   00;
	1617   :   00;
	1618   :   14;
	1619   :   14;
	161a   :   14;
	161b   :   0c;
	161c   :   13;
	161d   :   00;
	161e   :   00;
	161f   :   00;
	1620   :   16;
	1621   :   27;
	1622   :   a4;
	1623   :   61;
	1624   :   13;
	1625   :   00;
	1626   :   00;
	1627   :   00;
	1628   :   59;
	1629   :   a2;
	162a   :   a2;
	162b   :   59;
	162c   :   13;
	162d   :   00;
	162e   :   00;
	162f   :   00;
	1630   :   59;
	1631   :   a2;
	1632   :   a2;
	1633   :   a2;
	1634   :   13;
	1635   :   00;
	1636   :   00;
	1637   :   00;
	1638   :   a1;
	1639   :   a2;
	163a   :   a2;
	163b   :   99;
	163c   :   13;
	163d   :   00;
	163e   :   00;
	163f   :   00;
	1640   :   5a;
	1641   :   5b;
	1642   :   a2;
	1643   :   a2;
	1644   :   13;
	1645   :   00;
	1646   :   00;
	1647   :   00;
	1648   :   a4;
	1649   :   67;
	164a   :   0a;
	164b   :   00;
	164c   :   13;
	164d   :   00;
	164e   :   00;
	164f   :   00;
	1650   :   01;
	1651   :   01;
	1652   :   01;
	1653   :   01;
	1654   :   13;
	1655   :   00;
	1656   :   00;
	1657   :   00;
	1658   :   01;
	1659   :   01;
	165a   :   01;
	165b   :   01;
	165c   :   13;
	165d   :   00;
	165e   :   00;
	165f   :   00;
	1660   :   01;
	1661   :   01;
	1662   :   00;
	1663   :   0b;
	1664   :   13;
	1665   :   00;
	1666   :   00;
	1667   :   00;
	1668   :   0d;
	1669   :   0d;
	166a   :   04;
	166b   :   0d;
	166c   :   13;
	166d   :   00;
	166e   :   00;
	166f   :   00;
	1670   :   0e;
	1671   :   0d;
	1672   :   0e;
	1673   :   03;
	1674   :   13;
	1675   :   00;
	1676   :   00;
	1677   :   00;
	1678   :   04;
	1679   :   05;
	167a   :   0e;
	167b   :   0d;
	167c   :   13;
	167d   :   00;
	167e   :   00;
	167f   :   00;
	1680   :   00;
	1681   :   00;
	1682   :   00;
	1683   :   00;
	1684   :   13;
	1685   :   00;
	1686   :   00;
	1687   :   00;
	1688   :   00;
	1689   :   00;
	168a   :   00;
	168b   :   00;
	168c   :   13;
	168d   :   00;
	168e   :   00;
	168f   :   00;
	1690   :   00;
	1691   :   00;
	1692   :   00;
	1693   :   00;
	1694   :   13;
	1695   :   00;
	1696   :   00;
	1697   :   00;
	1698   :   00;
	1699   :   00;
	169a   :   00;
	169b   :   01;
	169c   :   13;
	169d   :   00;
	169e   :   00;
	169f   :   00;
	16a0   :   01;
	16a1   :   01;
	16a2   :   01;
	16a3   :   01;
	16a4   :   13;
	16a5   :   00;
	16a6   :   00;
	16a7   :   00;
	16a8   :   01;
	16a9   :   01;
	16aa   :   01;
	16ab   :   0a;
	16ac   :   13;
	16ad   :   00;
	16ae   :   00;
	16af   :   00;
	16b0   :   27;
	16b1   :   64;
	16b2   :   99;
	16b3   :   a2;
	16b4   :   13;
	16b5   :   00;
	16b6   :   00;
	16b7   :   00;
	16b8   :   9a;
	16b9   :   a1;
	16ba   :   a1;
	16bb   :   a2;
	16bc   :   13;
	16bd   :   00;
	16be   :   00;
	16bf   :   00;
	16c0   :   66;
	16c1   :   67;
	16c2   :   1e;
	16c3   :   1e;
	16c4   :   13;
	16c5   :   00;
	16c6   :   00;
	16c7   :   00;
	16c8   :   1e;
	16c9   :   1d;
	16ca   :   67;
	16cb   :   1e;
	16cc   :   13;
	16cd   :   00;
	16ce   :   00;
	16cf   :   00;
	16d0   :   14;
	16d1   :   15;
	16d2   :   15;
	16d3   :   15;
	16d4   :   13;
	16d5   :   00;
	16d6   :   00;
	16d7   :   00;
	16d8   :   15;
	16d9   :   15;
	16da   :   5e;
	16db   :   6f;
	16dc   :   13;
	16dd   :   00;
	16de   :   00;
	16df   :   00;
	16e0   :   67;
	16e1   :   1e;
	16e2   :   1e;
	16e3   :   6f;
	16e4   :   13;
	16e5   :   00;
	16e6   :   00;
	16e7   :   00;
	16e8   :   66;
	16e9   :   15;
	16ea   :   15;
	16eb   :   15;
	16ec   :   13;
	16ed   :   00;
	16ee   :   00;
	16ef   :   00;
	16f0   :   14;
	16f1   :   0c;
	16f2   :   0b;
	16f3   :   14;
	16f4   :   13;
	16f5   :   00;
	16f6   :   00;
	16f7   :   00;
	16f8   :   6f;
	16f9   :   1f;
	16fa   :   1e;
	16fb   :   16;
	16fc   :   13;
	16fd   :   00;
	16fe   :   00;
	16ff   :   00;
	1700   :   15;
	1701   :   5d;
	1702   :   6f;
	1703   :   a4;
	1704   :   13;
	1705   :   00;
	1706   :   00;
	1707   :   00;
	1708   :   a2;
	1709   :   99;
	170a   :   59;
	170b   :   99;
	170c   :   13;
	170d   :   00;
	170e   :   00;
	170f   :   00;
	1710   :   a1;
	1711   :   a2;
	1712   :   6f;
	1713   :   6f;
	1714   :   13;
	1715   :   00;
	1716   :   00;
	1717   :   00;
	1718   :   16;
	1719   :   66;
	171a   :   27;
	171b   :   5a;
	171c   :   13;
	171d   :   00;
	171e   :   00;
	171f   :   00;
	1720   :   99;
	1721   :   a2;
	1722   :   a2;
	1723   :   5a;
	1724   :   13;
	1725   :   00;
	1726   :   00;
	1727   :   00;
	1728   :   aa;
	1729   :   a3;
	172a   :   6f;
	172b   :   67;
	172c   :   13;
	172d   :   00;
	172e   :   00;
	172f   :   00;
	1730   :   15;
	1731   :   1e;
	1732   :   1f;
	1733   :   27;
	1734   :   13;
	1735   :   00;
	1736   :   00;
	1737   :   00;
	1738   :   6f;
	1739   :   5e;
	173a   :   0c;
	173b   :   15;
	173c   :   13;
	173d   :   00;
	173e   :   00;
	173f   :   00;
	1740   :   15;
	1741   :   15;
	1742   :   15;
	1743   :   15;
	1744   :   13;
	1745   :   00;
	1746   :   00;
	1747   :   00;
	1748   :   15;
	1749   :   27;
	174a   :   67;
	174b   :   16;
	174c   :   13;
	174d   :   00;
	174e   :   00;
	174f   :   00;
	1750   :   1f;
	1751   :   67;
	1752   :   1f;
	1753   :   15;
	1754   :   13;
	1755   :   00;
	1756   :   00;
	1757   :   00;
	1758   :   15;
	1759   :   15;
	175a   :   15;
	175b   :   15;
	175c   :   13;
	175d   :   00;
	175e   :   00;
	175f   :   00;
	1760   :   1f;
	1761   :   27;
	1762   :   1e;
	1763   :   52;
	1764   :   13;
	1765   :   00;
	1766   :   00;
	1767   :   00;
	1768   :   99;
	1769   :   aa;
	176a   :   a3;
	176b   :   99;
	176c   :   13;
	176d   :   00;
	176e   :   00;
	176f   :   00;
	1770   :   59;
	1771   :   a1;
	1772   :   a2;
	1773   :   a2;
	1774   :   13;
	1775   :   00;
	1776   :   00;
	1777   :   00;
	1778   :   a2;
	1779   :   a2;
	177a   :   5a;
	177b   :   99;
	177c   :   13;
	177d   :   00;
	177e   :   00;
	177f   :   00;
	1780   :   a1;
	1781   :   aa;
	1782   :   a2;
	1783   :   a2;
	1784   :   13;
	1785   :   00;
	1786   :   00;
	1787   :   00;
	1788   :   a4;
	1789   :   67;
	178a   :   0a;
	178b   :   01;
	178c   :   13;
	178d   :   00;
	178e   :   00;
	178f   :   00;
	1790   :   01;
	1791   :   01;
	1792   :   01;
	1793   :   01;
	1794   :   13;
	1795   :   00;
	1796   :   00;
	1797   :   00;
	1798   :   01;
	1799   :   01;
	179a   :   01;
	179b   :   01;
	179c   :   13;
	179d   :   00;
	179e   :   00;
	179f   :   00;
	17a0   :   01;
	17a1   :   01;
	17a2   :   01;
	17a3   :   0c;
	17a4   :   13;
	17a5   :   00;
	17a6   :   00;
	17a7   :   00;
	17a8   :   05;
	17a9   :   04;
	17aa   :   0d;
	17ab   :   0e;
	17ac   :   13;
	17ad   :   00;
	17ae   :   00;
	17af   :   00;
	17b0   :   0e;
	17b1   :   0e;
	17b2   :   04;
	17b3   :   03;
	17b4   :   13;
	17b5   :   00;
	17b6   :   00;
	17b7   :   00;
	17b8   :   05;
	17b9   :   0e;
	17ba   :   0e;
	17bb   :   0d;
	17bc   :   13;
	17bd   :   00;
	17be   :   00;
	17bf   :   00;
	17c0   :   00;
	17c1   :   00;
	17c2   :   00;
	17c3   :   00;
	17c4   :   13;
	17c5   :   00;
	17c6   :   00;
	17c7   :   00;
	17c8   :   00;
	17c9   :   00;
	17ca   :   00;
	17cb   :   00;
	17cc   :   13;
	17cd   :   00;
	17ce   :   00;
	17cf   :   00;
	17d0   :   00;
	17d1   :   00;
	17d2   :   00;
	17d3   :   00;
	17d4   :   13;
	17d5   :   00;
	17d6   :   00;
	17d7   :   00;
	17d8   :   00;
	17d9   :   00;
	17da   :   01;
	17db   :   01;
	17dc   :   13;
	17dd   :   00;
	17de   :   00;
	17df   :   00;
	17e0   :   01;
	17e1   :   01;
	17e2   :   01;
	17e3   :   01;
	17e4   :   13;
	17e5   :   00;
	17e6   :   00;
	17e7   :   00;
	17e8   :   01;
	17e9   :   01;
	17ea   :   01;
	17eb   :   0a;
	17ec   :   13;
	17ed   :   00;
	17ee   :   00;
	17ef   :   00;
	17f0   :   27;
	17f1   :   65;
	17f2   :   99;
	17f3   :   a2;
	17f4   :   13;
	17f5   :   00;
	17f6   :   00;
	17f7   :   00;
	17f8   :   a2;
	17f9   :   a2;
	17fa   :   99;
	17fb   :   a2;
	17fc   :   13;
	17fd   :   00;
	17fe   :   00;
	17ff   :   00;
	1800   :   66;
	1801   :   67;
	1802   :   27;
	1803   :   27;
	1804   :   13;
	1805   :   00;
	1806   :   00;
	1807   :   00;
	1808   :   1f;
	1809   :   15;
	180a   :   67;
	180b   :   5e;
	180c   :   13;
	180d   :   00;
	180e   :   00;
	180f   :   00;
	1810   :   15;
	1811   :   15;
	1812   :   15;
	1813   :   15;
	1814   :   13;
	1815   :   00;
	1816   :   00;
	1817   :   00;
	1818   :   15;
	1819   :   15;
	181a   :   66;
	181b   :   6f;
	181c   :   13;
	181d   :   00;
	181e   :   00;
	181f   :   00;
	1820   :   5f;
	1821   :   1e;
	1822   :   5f;
	1823   :   6f;
	1824   :   13;
	1825   :   00;
	1826   :   00;
	1827   :   00;
	1828   :   66;
	1829   :   15;
	182a   :   15;
	182b   :   15;
	182c   :   13;
	182d   :   00;
	182e   :   00;
	182f   :   00;
	1830   :   15;
	1831   :   15;
	1832   :   15;
	1833   :   1d;
	1834   :   13;
	1835   :   00;
	1836   :   00;
	1837   :   00;
	1838   :   6f;
	1839   :   1e;
	183a   :   1f;
	183b   :   1f;
	183c   :   13;
	183d   :   00;
	183e   :   00;
	183f   :   00;
	1840   :   1d;
	1841   :   5d;
	1842   :   6f;
	1843   :   64;
	1844   :   13;
	1845   :   00;
	1846   :   00;
	1847   :   00;
	1848   :   aa;
	1849   :   99;
	184a   :   59;
	184b   :   a1;
	184c   :   13;
	184d   :   00;
	184e   :   00;
	184f   :   00;
	1850   :   a2;
	1851   :   a2;
	1852   :   6e;
	1853   :   6f;
	1854   :   13;
	1855   :   00;
	1856   :   00;
	1857   :   00;
	1858   :   16;
	1859   :   6f;
	185a   :   2f;
	185b   :   5a;
	185c   :   13;
	185d   :   00;
	185e   :   00;
	185f   :   00;
	1860   :   a2;
	1861   :   a3;
	1862   :   a2;
	1863   :   62;
	1864   :   13;
	1865   :   00;
	1866   :   00;
	1867   :   00;
	1868   :   ab;
	1869   :   a3;
	186a   :   6f;
	186b   :   67;
	186c   :   13;
	186d   :   00;
	186e   :   00;
	186f   :   00;
	1870   :   16;
	1871   :   26;
	1872   :   26;
	1873   :   27;
	1874   :   13;
	1875   :   00;
	1876   :   00;
	1877   :   00;
	1878   :   6f;
	1879   :   66;
	187a   :   0c;
	187b   :   15;
	187c   :   13;
	187d   :   00;
	187e   :   00;
	187f   :   00;
	1880   :   15;
	1881   :   15;
	1882   :   16;
	1883   :   15;
	1884   :   13;
	1885   :   00;
	1886   :   00;
	1887   :   00;
	1888   :   15;
	1889   :   27;
	188a   :   66;
	188b   :   1e;
	188c   :   13;
	188d   :   00;
	188e   :   00;
	188f   :   00;
	1890   :   1f;
	1891   :   6f;
	1892   :   27;
	1893   :   1e;
	1894   :   13;
	1895   :   00;
	1896   :   00;
	1897   :   00;
	1898   :   15;
	1899   :   1e;
	189a   :   16;
	189b   :   15;
	189c   :   13;
	189d   :   00;
	189e   :   00;
	189f   :   00;
	18a0   :   1f;
	18a1   :   6f;
	18a2   :   27;
	18a3   :   16;
	18a4   :   13;
	18a5   :   00;
	18a6   :   00;
	18a7   :   00;
	18a8   :   14;
	18a9   :   53;
	18aa   :   63;
	18ab   :   a2;
	18ac   :   13;
	18ad   :   00;
	18ae   :   00;
	18af   :   00;
	18b0   :   5a;
	18b1   :   5a;
	18b2   :   a2;
	18b3   :   a2;
	18b4   :   13;
	18b5   :   00;
	18b6   :   00;
	18b7   :   00;
	18b8   :   5a;
	18b9   :   64;
	18ba   :   5b;
	18bb   :   5a;
	18bc   :   13;
	18bd   :   00;
	18be   :   00;
	18bf   :   00;
	18c0   :   59;
	18c1   :   a2;
	18c2   :   5b;
	18c3   :   a1;
	18c4   :   13;
	18c5   :   00;
	18c6   :   00;
	18c7   :   00;
	18c8   :   a4;
	18c9   :   67;
	18ca   :   0a;
	18cb   :   01;
	18cc   :   13;
	18cd   :   00;
	18ce   :   00;
	18cf   :   00;
	18d0   :   01;
	18d1   :   01;
	18d2   :   01;
	18d3   :   01;
	18d4   :   13;
	18d5   :   00;
	18d6   :   00;
	18d7   :   00;
	18d8   :   01;
	18d9   :   01;
	18da   :   01;
	18db   :   01;
	18dc   :   13;
	18dd   :   00;
	18de   :   00;
	18df   :   00;
	18e0   :   01;
	18e1   :   01;
	18e2   :   01;
	18e3   :   0c;
	18e4   :   13;
	18e5   :   00;
	18e6   :   00;
	18e7   :   00;
	18e8   :   05;
	18e9   :   0d;
	18ea   :   0e;
	18eb   :   0e;
	18ec   :   13;
	18ed   :   00;
	18ee   :   00;
	18ef   :   00;
	18f0   :   0e;
	18f1   :   0d;
	18f2   :   03;
	18f3   :   05;
	18f4   :   13;
	18f5   :   00;
	18f6   :   00;
	18f7   :   00;
	18f8   :   0e;
	18f9   :   0e;
	18fa   :   0e;
	18fb   :   0d;
	18fc   :   13;
	18fd   :   00;
	18fe   :   00;
	18ff   :   00;
	1900   :   00;
	1901   :   00;
	1902   :   00;
	1903   :   00;
	1904   :   13;
	1905   :   00;
	1906   :   00;
	1907   :   00;
	1908   :   00;
	1909   :   00;
	190a   :   00;
	190b   :   00;
	190c   :   13;
	190d   :   00;
	190e   :   00;
	190f   :   00;
	1910   :   00;
	1911   :   00;
	1912   :   00;
	1913   :   00;
	1914   :   13;
	1915   :   00;
	1916   :   00;
	1917   :   00;
	1918   :   00;
	1919   :   00;
	191a   :   01;
	191b   :   01;
	191c   :   13;
	191d   :   00;
	191e   :   00;
	191f   :   00;
	1920   :   01;
	1921   :   01;
	1922   :   01;
	1923   :   01;
	1924   :   13;
	1925   :   00;
	1926   :   00;
	1927   :   00;
	1928   :   01;
	1929   :   01;
	192a   :   01;
	192b   :   0a;
	192c   :   13;
	192d   :   00;
	192e   :   00;
	192f   :   00;
	1930   :   27;
	1931   :   64;
	1932   :   59;
	1933   :   a1;
	1934   :   13;
	1935   :   00;
	1936   :   00;
	1937   :   00;
	1938   :   a2;
	1939   :   99;
	193a   :   59;
	193b   :   a2;
	193c   :   13;
	193d   :   00;
	193e   :   00;
	193f   :   00;
	1940   :   6e;
	1941   :   67;
	1942   :   6f;
	1943   :   26;
	1944   :   13;
	1945   :   00;
	1946   :   00;
	1947   :   00;
	1948   :   26;
	1949   :   16;
	194a   :   67;
	194b   :   5e;
	194c   :   13;
	194d   :   00;
	194e   :   00;
	194f   :   00;
	1950   :   15;
	1951   :   15;
	1952   :   1e;
	1953   :   15;
	1954   :   13;
	1955   :   00;
	1956   :   00;
	1957   :   00;
	1958   :   15;
	1959   :   15;
	195a   :   66;
	195b   :   6f;
	195c   :   13;
	195d   :   00;
	195e   :   00;
	195f   :   00;
	1960   :   67;
	1961   :   1f;
	1962   :   5f;
	1963   :   77;
	1964   :   13;
	1965   :   00;
	1966   :   00;
	1967   :   00;
	1968   :   66;
	1969   :   15;
	196a   :   16;
	196b   :   15;
	196c   :   13;
	196d   :   00;
	196e   :   00;
	196f   :   00;
	1970   :   16;
	1971   :   15;
	1972   :   15;
	1973   :   1d;
	1974   :   13;
	1975   :   00;
	1976   :   00;
	1977   :   00;
	1978   :   6f;
	1979   :   1f;
	197a   :   27;
	197b   :   1e;
	197c   :   13;
	197d   :   00;
	197e   :   00;
	197f   :   00;
	1980   :   1d;
	1981   :   5e;
	1982   :   77;
	1983   :   a4;
	1984   :   13;
	1985   :   00;
	1986   :   00;
	1987   :   00;
	1988   :   a2;
	1989   :   a1;
	198a   :   59;
	198b   :   9a;
	198c   :   13;
	198d   :   00;
	198e   :   00;
	198f   :   00;
	1990   :   a2;
	1991   :   a2;
	1992   :   6e;
	1993   :   77;
	1994   :   13;
	1995   :   00;
	1996   :   00;
	1997   :   00;
	1998   :   1e;
	1999   :   6f;
	199a   :   6f;
	199b   :   5a;
	199c   :   13;
	199d   :   00;
	199e   :   00;
	199f   :   00;
	19a0   :   a2;
	19a1   :   a4;
	19a2   :   a2;
	19a3   :   5a;
	19a4   :   13;
	19a5   :   00;
	19a6   :   00;
	19a7   :   00;
	19a8   :   a2;
	19a9   :   a3;
	19aa   :   6f;
	19ab   :   6e;
	19ac   :   13;
	19ad   :   00;
	19ae   :   00;
	19af   :   00;
	19b0   :   1e;
	19b1   :   27;
	19b2   :   27;
	19b3   :   26;
	19b4   :   13;
	19b5   :   00;
	19b6   :   00;
	19b7   :   00;
	19b8   :   6f;
	19b9   :   66;
	19ba   :   15;
	19bb   :   15;
	19bc   :   13;
	19bd   :   00;
	19be   :   00;
	19bf   :   00;
	19c0   :   1e;
	19c1   :   1d;
	19c2   :   1e;
	19c3   :   1e;
	19c4   :   13;
	19c5   :   00;
	19c6   :   00;
	19c7   :   00;
	19c8   :   1e;
	19c9   :   2f;
	19ca   :   67;
	19cb   :   1e;
	19cc   :   13;
	19cd   :   00;
	19ce   :   00;
	19cf   :   00;
	19d0   :   27;
	19d1   :   6f;
	19d2   :   27;
	19d3   :   15;
	19d4   :   13;
	19d5   :   00;
	19d6   :   00;
	19d7   :   00;
	19d8   :   15;
	19d9   :   1e;
	19da   :   1d;
	19db   :   15;
	19dc   :   13;
	19dd   :   00;
	19de   :   00;
	19df   :   00;
	19e0   :   27;
	19e1   :   6f;
	19e2   :   67;
	19e3   :   26;
	19e4   :   13;
	19e5   :   00;
	19e6   :   00;
	19e7   :   00;
	19e8   :   15;
	19e9   :   15;
	19ea   :   0c;
	19eb   :   53;
	19ec   :   13;
	19ed   :   00;
	19ee   :   00;
	19ef   :   00;
	19f0   :   5a;
	19f1   :   62;
	19f2   :   a2;
	19f3   :   a2;
	19f4   :   13;
	19f5   :   00;
	19f6   :   00;
	19f7   :   00;
	19f8   :   a2;
	19f9   :   66;
	19fa   :   64;
	19fb   :   a2;
	19fc   :   13;
	19fd   :   00;
	19fe   :   00;
	19ff   :   00;
	1a00   :   a2;
	1a01   :   a2;
	1a02   :   5b;
	1a03   :   a2;
	1a04   :   13;
	1a05   :   00;
	1a06   :   00;
	1a07   :   00;
	1a08   :   a5;
	1a09   :   6f;
	1a0a   :   0b;
	1a0b   :   01;
	1a0c   :   13;
	1a0d   :   00;
	1a0e   :   00;
	1a0f   :   00;
	1a10   :   01;
	1a11   :   01;
	1a12   :   01;
	1a13   :   01;
	1a14   :   13;
	1a15   :   00;
	1a16   :   00;
	1a17   :   00;
	1a18   :   01;
	1a19   :   01;
	1a1a   :   01;
	1a1b   :   01;
	1a1c   :   13;
	1a1d   :   00;
	1a1e   :   00;
	1a1f   :   00;
	1a20   :   01;
	1a21   :   00;
	1a22   :   0b;
	1a23   :   0e;
	1a24   :   13;
	1a25   :   00;
	1a26   :   00;
	1a27   :   00;
	1a28   :   0e;
	1a29   :   0d;
	1a2a   :   0e;
	1a2b   :   0e;
	1a2c   :   13;
	1a2d   :   00;
	1a2e   :   00;
	1a2f   :   00;
	1a30   :   0e;
	1a31   :   03;
	1a32   :   05;
	1a33   :   0e;
	1a34   :   13;
	1a35   :   00;
	1a36   :   00;
	1a37   :   00;
	1a38   :   0e;
	1a39   :   0e;
	1a3a   :   0d;
	1a3b   :   0d;
	1a3c   :   13;
	1a3d   :   00;
	1a3e   :   00;
	1a3f   :   00;
	1a40   :   00;
	1a41   :   00;
	1a42   :   00;
	1a43   :   00;
	1a44   :   13;
	1a45   :   00;
	1a46   :   00;
	1a47   :   00;
	1a48   :   00;
	1a49   :   00;
	1a4a   :   00;
	1a4b   :   00;
	1a4c   :   13;
	1a4d   :   00;
	1a4e   :   00;
	1a4f   :   00;
	1a50   :   00;
	1a51   :   00;
	1a52   :   00;
	1a53   :   00;
	1a54   :   13;
	1a55   :   00;
	1a56   :   00;
	1a57   :   00;
	1a58   :   00;
	1a59   :   01;
	1a5a   :   01;
	1a5b   :   01;
	1a5c   :   13;
	1a5d   :   00;
	1a5e   :   00;
	1a5f   :   00;
	1a60   :   01;
	1a61   :   01;
	1a62   :   01;
	1a63   :   01;
	1a64   :   13;
	1a65   :   00;
	1a66   :   00;
	1a67   :   00;
	1a68   :   01;
	1a69   :   01;
	1a6a   :   00;
	1a6b   :   0a;
	1a6c   :   13;
	1a6d   :   00;
	1a6e   :   00;
	1a6f   :   00;
	1a70   :   27;
	1a71   :   5c;
	1a72   :   61;
	1a73   :   99;
	1a74   :   13;
	1a75   :   00;
	1a76   :   00;
	1a77   :   00;
	1a78   :   eb;
	1a79   :   a2;
	1a7a   :   5a;
	1a7b   :   a2;
	1a7c   :   13;
	1a7d   :   00;
	1a7e   :   00;
	1a7f   :   00;
	1a80   :   6e;
	1a81   :   67;
	1a82   :   2f;
	1a83   :   27;
	1a84   :   13;
	1a85   :   00;
	1a86   :   00;
	1a87   :   00;
	1a88   :   26;
	1a89   :   1e;
	1a8a   :   6f;
	1a8b   :   26;
	1a8c   :   13;
	1a8d   :   00;
	1a8e   :   00;
	1a8f   :   00;
	1a90   :   15;
	1a91   :   15;
	1a92   :   15;
	1a93   :   15;
	1a94   :   13;
	1a95   :   00;
	1a96   :   00;
	1a97   :   00;
	1a98   :   15;
	1a99   :   1e;
	1a9a   :   66;
	1a9b   :   77;
	1a9c   :   13;
	1a9d   :   00;
	1a9e   :   00;
	1a9f   :   00;
	1aa0   :   67;
	1aa1   :   27;
	1aa2   :   1f;
	1aa3   :   77;
	1aa4   :   13;
	1aa5   :   00;
	1aa6   :   00;
	1aa7   :   00;
	1aa8   :   66;
	1aa9   :   15;
	1aaa   :   1e;
	1aab   :   1e;
	1aac   :   13;
	1aad   :   00;
	1aae   :   00;
	1aaf   :   00;
	1ab0   :   1e;
	1ab1   :   1d;
	1ab2   :   14;
	1ab3   :   1d;
	1ab4   :   13;
	1ab5   :   00;
	1ab6   :   00;
	1ab7   :   00;
	1ab8   :   77;
	1ab9   :   1e;
	1aba   :   1e;
	1abb   :   26;
	1abc   :   13;
	1abd   :   00;
	1abe   :   00;
	1abf   :   00;
	1ac0   :   1e;
	1ac1   :   1e;
	1ac2   :   77;
	1ac3   :   a4;
	1ac4   :   13;
	1ac5   :   00;
	1ac6   :   00;
	1ac7   :   00;
	1ac8   :   a2;
	1ac9   :   5a;
	1aca   :   5a;
	1acb   :   a3;
	1acc   :   13;
	1acd   :   00;
	1ace   :   00;
	1acf   :   00;
	1ad0   :   5a;
	1ad1   :   a2;
	1ad2   :   76;
	1ad3   :   77;
	1ad4   :   13;
	1ad5   :   00;
	1ad6   :   00;
	1ad7   :   00;
	1ad8   :   1e;
	1ad9   :   6f;
	1ada   :   77;
	1adb   :   9a;
	1adc   :   13;
	1add   :   00;
	1ade   :   00;
	1adf   :   00;
	1ae0   :   a2;
	1ae1   :   a3;
	1ae2   :   a2;
	1ae3   :   a2;
	1ae4   :   13;
	1ae5   :   00;
	1ae6   :   00;
	1ae7   :   00;
	1ae8   :   a2;
	1ae9   :   5b;
	1aea   :   6f;
	1aeb   :   6e;
	1aec   :   13;
	1aed   :   00;
	1aee   :   00;
	1aef   :   00;
	1af0   :   1d;
	1af1   :   27;
	1af2   :   2f;
	1af3   :   27;
	1af4   :   13;
	1af5   :   00;
	1af6   :   00;
	1af7   :   00;
	1af8   :   6f;
	1af9   :   67;
	1afa   :   1e;
	1afb   :   1e;
	1afc   :   13;
	1afd   :   00;
	1afe   :   00;
	1aff   :   00;
	1b00   :   1e;
	1b01   :   1e;
	1b02   :   1e;
	1b03   :   1e;
	1b04   :   13;
	1b05   :   00;
	1b06   :   00;
	1b07   :   00;
	1b08   :   1e;
	1b09   :   6f;
	1b0a   :   6f;
	1b0b   :   1f;
	1b0c   :   13;
	1b0d   :   00;
	1b0e   :   00;
	1b0f   :   00;
	1b10   :   26;
	1b11   :   77;
	1b12   :   27;
	1b13   :   15;
	1b14   :   13;
	1b15   :   00;
	1b16   :   00;
	1b17   :   00;
	1b18   :   1e;
	1b19   :   16;
	1b1a   :   15;
	1b1b   :   1e;
	1b1c   :   13;
	1b1d   :   00;
	1b1e   :   00;
	1b1f   :   00;
	1b20   :   27;
	1b21   :   6f;
	1b22   :   67;
	1b23   :   2f;
	1b24   :   13;
	1b25   :   00;
	1b26   :   00;
	1b27   :   00;
	1b28   :   16;
	1b29   :   1e;
	1b2a   :   15;
	1b2b   :   16;
	1b2c   :   13;
	1b2d   :   00;
	1b2e   :   00;
	1b2f   :   00;
	1b30   :   15;
	1b31   :   13;
	1b32   :   5a;
	1b33   :   ab;
	1b34   :   13;
	1b35   :   00;
	1b36   :   00;
	1b37   :   00;
	1b38   :   a4;
	1b39   :   27;
	1b3a   :   63;
	1b3b   :   a3;
	1b3c   :   13;
	1b3d   :   00;
	1b3e   :   00;
	1b3f   :   00;
	1b40   :   a2;
	1b41   :   a3;
	1b42   :   63;
	1b43   :   a2;
	1b44   :   13;
	1b45   :   00;
	1b46   :   00;
	1b47   :   00;
	1b48   :   65;
	1b49   :   6f;
	1b4a   :   0a;
	1b4b   :   01;
	1b4c   :   13;
	1b4d   :   00;
	1b4e   :   00;
	1b4f   :   00;
	1b50   :   01;
	1b51   :   01;
	1b52   :   01;
	1b53   :   01;
	1b54   :   13;
	1b55   :   00;
	1b56   :   00;
	1b57   :   00;
	1b58   :   01;
	1b59   :   01;
	1b5a   :   01;
	1b5b   :   01;
	1b5c   :   13;
	1b5d   :   00;
	1b5e   :   00;
	1b5f   :   00;
	1b60   :   01;
	1b61   :   01;
	1b62   :   0c;
	1b63   :   0e;
	1b64   :   13;
	1b65   :   00;
	1b66   :   00;
	1b67   :   00;
	1b68   :   0e;
	1b69   :   0e;
	1b6a   :   0e;
	1b6b   :   0e;
	1b6c   :   13;
	1b6d   :   00;
	1b6e   :   00;
	1b6f   :   00;
	1b70   :   0d;
	1b71   :   04;
	1b72   :   0e;
	1b73   :   0e;
	1b74   :   13;
	1b75   :   00;
	1b76   :   00;
	1b77   :   00;
	1b78   :   0e;
	1b79   :   0e;
	1b7a   :   0d;
	1b7b   :   0e;
	1b7c   :   13;
	1b7d   :   00;
	1b7e   :   00;
	1b7f   :   00;
	1b80   :   00;
	1b81   :   00;
	1b82   :   00;
	1b83   :   00;
	1b84   :   13;
	1b85   :   00;
	1b86   :   00;
	1b87   :   00;
	1b88   :   00;
	1b89   :   00;
	1b8a   :   00;
	1b8b   :   00;
	1b8c   :   13;
	1b8d   :   00;
	1b8e   :   00;
	1b8f   :   00;
	1b90   :   00;
	1b91   :   01;
	1b92   :   00;
	1b93   :   00;
	1b94   :   13;
	1b95   :   00;
	1b96   :   00;
	1b97   :   00;
	1b98   :   00;
	1b99   :   00;
	1b9a   :   01;
	1b9b   :   01;
	1b9c   :   13;
	1b9d   :   00;
	1b9e   :   00;
	1b9f   :   00;
	1ba0   :   01;
	1ba1   :   01;
	1ba2   :   01;
	1ba3   :   01;
	1ba4   :   13;
	1ba5   :   00;
	1ba6   :   00;
	1ba7   :   00;
	1ba8   :   01;
	1ba9   :   01;
	1baa   :   00;
	1bab   :   0a;
	1bac   :   13;
	1bad   :   00;
	1bae   :   00;
	1baf   :   00;
	1bb0   :   27;
	1bb1   :   64;
	1bb2   :   a2;
	1bb3   :   a2;
	1bb4   :   13;
	1bb5   :   00;
	1bb6   :   00;
	1bb7   :   00;
	1bb8   :   a2;
	1bb9   :   a2;
	1bba   :   5b;
	1bbb   :   14;
	1bbc   :   13;
	1bbd   :   00;
	1bbe   :   00;
	1bbf   :   00;
	1bc0   :   6f;
	1bc1   :   67;
	1bc2   :   2f;
	1bc3   :   27;
	1bc4   :   13;
	1bc5   :   00;
	1bc6   :   00;
	1bc7   :   00;
	1bc8   :   27;
	1bc9   :   1e;
	1bca   :   6f;
	1bcb   :   27;
	1bcc   :   13;
	1bcd   :   00;
	1bce   :   00;
	1bcf   :   00;
	1bd0   :   1d;
	1bd1   :   1e;
	1bd2   :   15;
	1bd3   :   14;
	1bd4   :   13;
	1bd5   :   00;
	1bd6   :   00;
	1bd7   :   00;
	1bd8   :   15;
	1bd9   :   1e;
	1bda   :   67;
	1bdb   :   77;
	1bdc   :   13;
	1bdd   :   00;
	1bde   :   00;
	1bdf   :   00;
	1be0   :   67;
	1be1   :   2f;
	1be2   :   67;
	1be3   :   77;
	1be4   :   13;
	1be5   :   00;
	1be6   :   00;
	1be7   :   00;
	1be8   :   6f;
	1be9   :   1e;
	1bea   :   1e;
	1beb   :   1e;
	1bec   :   13;
	1bed   :   00;
	1bee   :   00;
	1bef   :   00;
	1bf0   :   1e;
	1bf1   :   1e;
	1bf2   :   1e;
	1bf3   :   1e;
	1bf4   :   13;
	1bf5   :   00;
	1bf6   :   00;
	1bf7   :   00;
	1bf8   :   77;
	1bf9   :   2f;
	1bfa   :   26;
	1bfb   :   27;
	1bfc   :   13;
	1bfd   :   00;
	1bfe   :   00;
	1bff   :   00;
	1c00   :   26;
	1c01   :   5e;
	1c02   :   77;
	1c03   :   5d;
	1c04   :   13;
	1c05   :   00;
	1c06   :   00;
	1c07   :   00;
	1c08   :   53;
	1c09   :   5b;
	1c0a   :   a3;
	1c0b   :   ab;
	1c0c   :   13;
	1c0d   :   00;
	1c0e   :   00;
	1c0f   :   00;
	1c10   :   a2;
	1c11   :   a2;
	1c12   :   76;
	1c13   :   77;
	1c14   :   13;
	1c15   :   00;
	1c16   :   00;
	1c17   :   00;
	1c18   :   16;
	1c19   :   6f;
	1c1a   :   77;
	1c1b   :   a3;
	1c1c   :   13;
	1c1d   :   00;
	1c1e   :   00;
	1c1f   :   00;
	1c20   :   a2;
	1c21   :   a2;
	1c22   :   a3;
	1c23   :   5b;
	1c24   :   13;
	1c25   :   00;
	1c26   :   00;
	1c27   :   00;
	1c28   :   54;
	1c29   :   0c;
	1c2a   :   6f;
	1c2b   :   6f;
	1c2c   :   13;
	1c2d   :   00;
	1c2e   :   00;
	1c2f   :   00;
	1c30   :   1e;
	1c31   :   27;
	1c32   :   2f;
	1c33   :   2f;
	1c34   :   13;
	1c35   :   00;
	1c36   :   00;
	1c37   :   00;
	1c38   :   77;
	1c39   :   6f;
	1c3a   :   1f;
	1c3b   :   1e;
	1c3c   :   13;
	1c3d   :   00;
	1c3e   :   00;
	1c3f   :   00;
	1c40   :   1e;
	1c41   :   1e;
	1c42   :   1e;
	1c43   :   1e;
	1c44   :   13;
	1c45   :   00;
	1c46   :   00;
	1c47   :   00;
	1c48   :   1e;
	1c49   :   77;
	1c4a   :   6f;
	1c4b   :   1f;
	1c4c   :   13;
	1c4d   :   00;
	1c4e   :   00;
	1c4f   :   00;
	1c50   :   67;
	1c51   :   77;
	1c52   :   2f;
	1c53   :   1e;
	1c54   :   13;
	1c55   :   00;
	1c56   :   00;
	1c57   :   00;
	1c58   :   1e;
	1c59   :   1e;
	1c5a   :   1e;
	1c5b   :   1e;
	1c5c   :   13;
	1c5d   :   00;
	1c5e   :   00;
	1c5f   :   00;
	1c60   :   2f;
	1c61   :   6f;
	1c62   :   55;
	1c63   :   77;
	1c64   :   13;
	1c65   :   00;
	1c66   :   00;
	1c67   :   00;
	1c68   :   1e;
	1c69   :   1e;
	1c6a   :   1e;
	1c6b   :   1e;
	1c6c   :   13;
	1c6d   :   00;
	1c6e   :   00;
	1c6f   :   00;
	1c70   :   1e;
	1c71   :   15;
	1c72   :   0c;
	1c73   :   53;
	1c74   :   13;
	1c75   :   00;
	1c76   :   00;
	1c77   :   00;
	1c78   :   66;
	1c79   :   2f;
	1c7a   :   ac;
	1c7b   :   a3;
	1c7c   :   13;
	1c7d   :   00;
	1c7e   :   00;
	1c7f   :   00;
	1c80   :   5b;
	1c81   :   a3;
	1c82   :   a2;
	1c83   :   a2;
	1c84   :   13;
	1c85   :   00;
	1c86   :   00;
	1c87   :   00;
	1c88   :   65;
	1c89   :   6f;
	1c8a   :   0a;
	1c8b   :   01;
	1c8c   :   13;
	1c8d   :   00;
	1c8e   :   00;
	1c8f   :   00;
	1c90   :   01;
	1c91   :   01;
	1c92   :   01;
	1c93   :   01;
	1c94   :   13;
	1c95   :   00;
	1c96   :   00;
	1c97   :   00;
	1c98   :   01;
	1c99   :   01;
	1c9a   :   01;
	1c9b   :   01;
	1c9c   :   13;
	1c9d   :   00;
	1c9e   :   00;
	1c9f   :   00;
	1ca0   :   01;
	1ca1   :   01;
	1ca2   :   0d;
	1ca3   :   0e;
	1ca4   :   13;
	1ca5   :   00;
	1ca6   :   00;
	1ca7   :   00;
	1ca8   :   0e;
	1ca9   :   0f;
	1caa   :   0f;
	1cab   :   0d;
	1cac   :   13;
	1cad   :   00;
	1cae   :   00;
	1caf   :   00;
	1cb0   :   04;
	1cb1   :   0d;
	1cb2   :   0e;
	1cb3   :   0e;
	1cb4   :   13;
	1cb5   :   00;
	1cb6   :   00;
	1cb7   :   00;
	1cb8   :   0e;
	1cb9   :   0e;
	1cba   :   0e;
	1cbb   :   0e;
	1cbc   :   13;
	1cbd   :   00;
	1cbe   :   00;
	1cbf   :   00;
	1cc0   :   00;
	1cc1   :   00;
	1cc2   :   00;
	1cc3   :   00;
	1cc4   :   13;
	1cc5   :   00;
	1cc6   :   00;
	1cc7   :   00;
	1cc8   :   00;
	1cc9   :   00;
	1cca   :   00;
	1ccb   :   00;
	1ccc   :   13;
	1ccd   :   00;
	1cce   :   00;
	1ccf   :   00;
	1cd0   :   01;
	1cd1   :   01;
	1cd2   :   01;
	1cd3   :   01;
	1cd4   :   13;
	1cd5   :   00;
	1cd6   :   00;
	1cd7   :   00;
	1cd8   :   00;
	1cd9   :   01;
	1cda   :   01;
	1cdb   :   01;
	1cdc   :   13;
	1cdd   :   00;
	1cde   :   00;
	1cdf   :   00;
	1ce0   :   01;
	1ce1   :   01;
	1ce2   :   01;
	1ce3   :   01;
	1ce4   :   13;
	1ce5   :   00;
	1ce6   :   00;
	1ce7   :   00;
	1ce8   :   01;
	1ce9   :   01;
	1cea   :   00;
	1ceb   :   0a;
	1cec   :   13;
	1ced   :   00;
	1cee   :   00;
	1cef   :   00;
	1cf0   :   2f;
	1cf1   :   a5;
	1cf2   :   ab;
	1cf3   :   5a;
	1cf4   :   13;
	1cf5   :   00;
	1cf6   :   00;
	1cf7   :   00;
	1cf8   :   53;
	1cf9   :   15;
	1cfa   :   15;
	1cfb   :   15;
	1cfc   :   13;
	1cfd   :   00;
	1cfe   :   00;
	1cff   :   00;
	1d00   :   77;
	1d01   :   67;
	1d02   :   2f;
	1d03   :   27;
	1d04   :   13;
	1d05   :   00;
	1d06   :   00;
	1d07   :   00;
	1d08   :   1e;
	1d09   :   0c;
	1d0a   :   6f;
	1d0b   :   66;
	1d0c   :   13;
	1d0d   :   00;
	1d0e   :   00;
	1d0f   :   00;
	1d10   :   15;
	1d11   :   1d;
	1d12   :   1e;
	1d13   :   1e;
	1d14   :   13;
	1d15   :   00;
	1d16   :   00;
	1d17   :   00;
	1d18   :   1e;
	1d19   :   1e;
	1d1a   :   6f;
	1d1b   :   77;
	1d1c   :   13;
	1d1d   :   00;
	1d1e   :   00;
	1d1f   :   00;
	1d20   :   67;
	1d21   :   2f;
	1d22   :   67;
	1d23   :   7f;
	1d24   :   13;
	1d25   :   00;
	1d26   :   00;
	1d27   :   00;
	1d28   :   6f;
	1d29   :   1e;
	1d2a   :   1e;
	1d2b   :   1e;
	1d2c   :   13;
	1d2d   :   00;
	1d2e   :   00;
	1d2f   :   00;
	1d30   :   1e;
	1d31   :   1e;
	1d32   :   1e;
	1d33   :   1e;
	1d34   :   13;
	1d35   :   00;
	1d36   :   00;
	1d37   :   00;
	1d38   :   77;
	1d39   :   67;
	1d3a   :   2f;
	1d3b   :   2f;
	1d3c   :   13;
	1d3d   :   00;
	1d3e   :   00;
	1d3f   :   00;
	1d40   :   27;
	1d41   :   67;
	1d42   :   77;
	1d43   :   1e;
	1d44   :   13;
	1d45   :   00;
	1d46   :   00;
	1d47   :   00;
	1d48   :   15;
	1d49   :   14;
	1d4a   :   13;
	1d4b   :   5b;
	1d4c   :   13;
	1d4d   :   00;
	1d4e   :   00;
	1d4f   :   00;
	1d50   :   a3;
	1d51   :   a2;
	1d52   :   76;
	1d53   :   77;
	1d54   :   13;
	1d55   :   00;
	1d56   :   00;
	1d57   :   00;
	1d58   :   1e;
	1d59   :   6f;
	1d5a   :   77;
	1d5b   :   a3;
	1d5c   :   13;
	1d5d   :   00;
	1d5e   :   00;
	1d5f   :   00;
	1d60   :   e2;
	1d61   :   5b;
	1d62   :   13;
	1d63   :   15;
	1d64   :   13;
	1d65   :   00;
	1d66   :   00;
	1d67   :   00;
	1d68   :   15;
	1d69   :   15;
	1d6a   :   77;
	1d6b   :   6f;
	1d6c   :   13;
	1d6d   :   00;
	1d6e   :   00;
	1d6f   :   00;
	1d70   :   27;
	1d71   :   27;
	1d72   :   27;
	1d73   :   27;
	1d74   :   13;
	1d75   :   00;
	1d76   :   00;
	1d77   :   00;
	1d78   :   77;
	1d79   :   6f;
	1d7a   :   1f;
	1d7b   :   1e;
	1d7c   :   13;
	1d7d   :   00;
	1d7e   :   00;
	1d7f   :   00;
	1d80   :   26;
	1d81   :   26;
	1d82   :   27;
	1d83   :   1e;
	1d84   :   13;
	1d85   :   00;
	1d86   :   00;
	1d87   :   00;
	1d88   :   1e;
	1d89   :   77;
	1d8a   :   6f;
	1d8b   :   27;
	1d8c   :   13;
	1d8d   :   00;
	1d8e   :   00;
	1d8f   :   00;
	1d90   :   27;
	1d91   :   77;
	1d92   :   37;
	1d93   :   27;
	1d94   :   13;
	1d95   :   00;
	1d96   :   00;
	1d97   :   00;
	1d98   :   27;
	1d99   :   27;
	1d9a   :   27;
	1d9b   :   1e;
	1d9c   :   13;
	1d9d   :   00;
	1d9e   :   00;
	1d9f   :   00;
	1da0   :   2f;
	1da1   :   77;
	1da2   :   0d;
	1da3   :   6f;
	1da4   :   13;
	1da5   :   00;
	1da6   :   00;
	1da7   :   00;
	1da8   :   27;
	1da9   :   16;
	1daa   :   1e;
	1dab   :   1e;
	1dac   :   13;
	1dad   :   00;
	1dae   :   00;
	1daf   :   00;
	1db0   :   16;
	1db1   :   1e;
	1db2   :   16;
	1db3   :   16;
	1db4   :   13;
	1db5   :   00;
	1db6   :   00;
	1db7   :   00;
	1db8   :   2f;
	1db9   :   6f;
	1dba   :   a4;
	1dbb   :   a3;
	1dbc   :   13;
	1dbd   :   00;
	1dbe   :   00;
	1dbf   :   00;
	1dc0   :   ac;
	1dc1   :   ac;
	1dc2   :   ab;
	1dc3   :   a2;
	1dc4   :   13;
	1dc5   :   00;
	1dc6   :   00;
	1dc7   :   00;
	1dc8   :   ad;
	1dc9   :   77;
	1dca   :   0a;
	1dcb   :   00;
	1dcc   :   13;
	1dcd   :   00;
	1dce   :   00;
	1dcf   :   00;
	1dd0   :   01;
	1dd1   :   01;
	1dd2   :   01;
	1dd3   :   01;
	1dd4   :   13;
	1dd5   :   00;
	1dd6   :   00;
	1dd7   :   00;
	1dd8   :   01;
	1dd9   :   01;
	1dda   :   01;
	1ddb   :   01;
	1ddc   :   13;
	1ddd   :   00;
	1dde   :   00;
	1ddf   :   00;
	1de0   :   01;
	1de1   :   0b;
	1de2   :   0c;
	1de3   :   0d;
	1de4   :   13;
	1de5   :   00;
	1de6   :   00;
	1de7   :   00;
	1de8   :   0e;
	1de9   :   0e;
	1dea   :   0d;
	1deb   :   04;
	1dec   :   13;
	1ded   :   00;
	1dee   :   00;
	1def   :   00;
	1df0   :   0e;
	1df1   :   0e;
	1df2   :   0e;
	1df3   :   0d;
	1df4   :   13;
	1df5   :   00;
	1df6   :   00;
	1df7   :   00;
	1df8   :   05;
	1df9   :   0e;
	1dfa   :   0e;
	1dfb   :   0f;
	1dfc   :   13;
	1dfd   :   00;
	1dfe   :   00;
	1dff   :   00;
	1e00   :   00;
	1e01   :   00;
	1e02   :   00;
	1e03   :   00;
	1e04   :   13;
	1e05   :   00;
	1e06   :   00;
	1e07   :   00;
	1e08   :   00;
	1e09   :   00;
	1e0a   :   00;
	1e0b   :   00;
	1e0c   :   13;
	1e0d   :   00;
	1e0e   :   00;
	1e0f   :   00;
	1e10   :   00;
	1e11   :   01;
	1e12   :   01;
	1e13   :   01;
	1e14   :   13;
	1e15   :   00;
	1e16   :   00;
	1e17   :   00;
	1e18   :   01;
	1e19   :   01;
	1e1a   :   01;
	1e1b   :   01;
	1e1c   :   13;
	1e1d   :   00;
	1e1e   :   00;
	1e1f   :   00;
	1e20   :   01;
	1e21   :   01;
	1e22   :   01;
	1e23   :   01;
	1e24   :   13;
	1e25   :   00;
	1e26   :   00;
	1e27   :   00;
	1e28   :   01;
	1e29   :   01;
	1e2a   :   00;
	1e2b   :   0a;
	1e2c   :   13;
	1e2d   :   00;
	1e2e   :   00;
	1e2f   :   00;
	1e30   :   6f;
	1e31   :   65;
	1e32   :   54;
	1e33   :   14;
	1e34   :   13;
	1e35   :   00;
	1e36   :   00;
	1e37   :   00;
	1e38   :   15;
	1e39   :   1d;
	1e3a   :   1d;
	1e3b   :   1d;
	1e3c   :   13;
	1e3d   :   00;
	1e3e   :   00;
	1e3f   :   00;
	1e40   :   77;
	1e41   :   6f;
	1e42   :   2f;
	1e43   :   1e;
	1e44   :   13;
	1e45   :   00;
	1e46   :   00;
	1e47   :   00;
	1e48   :   15;
	1e49   :   66;
	1e4a   :   77;
	1e4b   :   1e;
	1e4c   :   13;
	1e4d   :   00;
	1e4e   :   00;
	1e4f   :   00;
	1e50   :   1e;
	1e51   :   1e;
	1e52   :   1e;
	1e53   :   1e;
	1e54   :   13;
	1e55   :   00;
	1e56   :   00;
	1e57   :   00;
	1e58   :   26;
	1e59   :   26;
	1e5a   :   6f;
	1e5b   :   7f;
	1e5c   :   13;
	1e5d   :   00;
	1e5e   :   00;
	1e5f   :   00;
	1e60   :   67;
	1e61   :   27;
	1e62   :   67;
	1e63   :   7f;
	1e64   :   13;
	1e65   :   00;
	1e66   :   00;
	1e67   :   00;
	1e68   :   6f;
	1e69   :   26;
	1e6a   :   26;
	1e6b   :   26;
	1e6c   :   13;
	1e6d   :   00;
	1e6e   :   00;
	1e6f   :   00;
	1e70   :   27;
	1e71   :   26;
	1e72   :   1e;
	1e73   :   1e;
	1e74   :   13;
	1e75   :   00;
	1e76   :   00;
	1e77   :   00;
	1e78   :   77;
	1e79   :   77;
	1e7a   :   66;
	1e7b   :   15;
	1e7c   :   13;
	1e7d   :   00;
	1e7e   :   00;
	1e7f   :   00;
	1e80   :   15;
	1e81   :   5e;
	1e82   :   7f;
	1e83   :   26;
	1e84   :   13;
	1e85   :   00;
	1e86   :   00;
	1e87   :   00;
	1e88   :   1d;
	1e89   :   1d;
	1e8a   :   15;
	1e8b   :   14;
	1e8c   :   13;
	1e8d   :   00;
	1e8e   :   00;
	1e8f   :   00;
	1e90   :   53;
	1e91   :   53;
	1e92   :   76;
	1e93   :   77;
	1e94   :   13;
	1e95   :   00;
	1e96   :   00;
	1e97   :   00;
	1e98   :   1d;
	1e99   :   6e;
	1e9a   :   77;
	1e9b   :   53;
	1e9c   :   13;
	1e9d   :   00;
	1e9e   :   00;
	1e9f   :   00;
	1ea0   :   14;
	1ea1   :   15;
	1ea2   :   15;
	1ea3   :   1e;
	1ea4   :   13;
	1ea5   :   00;
	1ea6   :   00;
	1ea7   :   00;
	1ea8   :   1e;
	1ea9   :   1e;
	1eaa   :   77;
	1eab   :   6e;
	1eac   :   13;
	1ead   :   00;
	1eae   :   00;
	1eaf   :   00;
	1eb0   :   14;
	1eb1   :   15;
	1eb2   :   15;
	1eb3   :   6e;
	1eb4   :   13;
	1eb5   :   00;
	1eb6   :   00;
	1eb7   :   00;
	1eb8   :   77;
	1eb9   :   6f;
	1eba   :   1e;
	1ebb   :   26;
	1ebc   :   13;
	1ebd   :   00;
	1ebe   :   00;
	1ebf   :   00;
	1ec0   :   27;
	1ec1   :   27;
	1ec2   :   27;
	1ec3   :   27;
	1ec4   :   13;
	1ec5   :   00;
	1ec6   :   00;
	1ec7   :   00;
	1ec8   :   27;
	1ec9   :   77;
	1eca   :   6f;
	1ecb   :   26;
	1ecc   :   13;
	1ecd   :   00;
	1ece   :   00;
	1ecf   :   00;
	1ed0   :   27;
	1ed1   :   77;
	1ed2   :   77;
	1ed3   :   27;
	1ed4   :   13;
	1ed5   :   00;
	1ed6   :   00;
	1ed7   :   00;
	1ed8   :   27;
	1ed9   :   27;
	1eda   :   1e;
	1edb   :   1e;
	1edc   :   13;
	1edd   :   00;
	1ede   :   00;
	1edf   :   00;
	1ee0   :   2f;
	1ee1   :   77;
	1ee2   :   0d;
	1ee3   :   66;
	1ee4   :   13;
	1ee5   :   00;
	1ee6   :   00;
	1ee7   :   00;
	1ee8   :   77;
	1ee9   :   1e;
	1eea   :   27;
	1eeb   :   1e;
	1eec   :   13;
	1eed   :   00;
	1eee   :   00;
	1eef   :   00;
	1ef0   :   1e;
	1ef1   :   1e;
	1ef2   :   1e;
	1ef3   :   27;
	1ef4   :   13;
	1ef5   :   00;
	1ef6   :   00;
	1ef7   :   00;
	1ef8   :   6f;
	1ef9   :   77;
	1efa   :   1e;
	1efb   :   54;
	1efc   :   13;
	1efd   :   00;
	1efe   :   00;
	1eff   :   00;
	1f00   :   a4;
	1f01   :   a3;
	1f02   :   ab;
	1f03   :   a3;
	1f04   :   13;
	1f05   :   00;
	1f06   :   00;
	1f07   :   00;
	1f08   :   65;
	1f09   :   77;
	1f0a   :   0a;
	1f0b   :   00;
	1f0c   :   13;
	1f0d   :   00;
	1f0e   :   00;
	1f0f   :   00;
	1f10   :   01;
	1f11   :   01;
	1f12   :   01;
	1f13   :   01;
	1f14   :   13;
	1f15   :   00;
	1f16   :   00;
	1f17   :   00;
	1f18   :   01;
	1f19   :   01;
	1f1a   :   01;
	1f1b   :   01;
	1f1c   :   13;
	1f1d   :   00;
	1f1e   :   00;
	1f1f   :   00;
	1f20   :   0b;
	1f21   :   0c;
	1f22   :   0e;
	1f23   :   0e;
	1f24   :   13;
	1f25   :   00;
	1f26   :   00;
	1f27   :   00;
	1f28   :   0e;
	1f29   :   0d;
	1f2a   :   0d;
	1f2b   :   0e;
	1f2c   :   13;
	1f2d   :   00;
	1f2e   :   00;
	1f2f   :   00;
	1f30   :   0e;
	1f31   :   0e;
	1f32   :   0d;
	1f33   :   04;
	1f34   :   13;
	1f35   :   00;
	1f36   :   00;
	1f37   :   00;
	1f38   :   0e;
	1f39   :   0e;
	1f3a   :   0e;
	1f3b   :   0f;
	1f3c   :   13;
	1f3d   :   00;
	1f3e   :   00;
	1f3f   :   00;
	1f40   :   00;
	1f41   :   00;
	1f42   :   00;
	1f43   :   00;
	1f44   :   13;
	1f45   :   00;
	1f46   :   00;
	1f47   :   00;
	1f48   :   00;
	1f49   :   00;
	1f4a   :   00;
	1f4b   :   00;
	1f4c   :   13;
	1f4d   :   00;
	1f4e   :   00;
	1f4f   :   00;
	1f50   :   00;
	1f51   :   01;
	1f52   :   01;
	1f53   :   01;
	1f54   :   13;
	1f55   :   00;
	1f56   :   00;
	1f57   :   00;
	1f58   :   01;
	1f59   :   01;
	1f5a   :   01;
	1f5b   :   01;
	1f5c   :   13;
	1f5d   :   00;
	1f5e   :   00;
	1f5f   :   00;
	1f60   :   01;
	1f61   :   01;
	1f62   :   01;
	1f63   :   01;
	1f64   :   13;
	1f65   :   00;
	1f66   :   00;
	1f67   :   00;
	1f68   :   01;
	1f69   :   01;
	1f6a   :   00;
	1f6b   :   0a;
	1f6c   :   13;
	1f6d   :   00;
	1f6e   :   00;
	1f6f   :   00;
	1f70   :   77;
	1f71   :   1e;
	1f72   :   15;
	1f73   :   1e;
	1f74   :   13;
	1f75   :   00;
	1f76   :   00;
	1f77   :   00;
	1f78   :   1d;
	1f79   :   1e;
	1f7a   :   1e;
	1f7b   :   15;
	1f7c   :   13;
	1f7d   :   00;
	1f7e   :   00;
	1f7f   :   00;
	1f80   :   77;
	1f81   :   6f;
	1f82   :   26;
	1f83   :   6e;
	1f84   :   13;
	1f85   :   00;
	1f86   :   00;
	1f87   :   00;
	1f88   :   77;
	1f89   :   6f;
	1f8a   :   1e;
	1f8b   :   1e;
	1f8c   :   13;
	1f8d   :   00;
	1f8e   :   00;
	1f8f   :   00;
	1f90   :   1e;
	1f91   :   27;
	1f92   :   1e;
	1f93   :   1e;
	1f94   :   13;
	1f95   :   00;
	1f96   :   00;
	1f97   :   00;
	1f98   :   27;
	1f99   :   27;
	1f9a   :   6f;
	1f9b   :   77;
	1f9c   :   13;
	1f9d   :   00;
	1f9e   :   00;
	1f9f   :   00;
	1fa0   :   67;
	1fa1   :   2f;
	1fa2   :   67;
	1fa3   :   7f;
	1fa4   :   13;
	1fa5   :   00;
	1fa6   :   00;
	1fa7   :   00;
	1fa8   :   6f;
	1fa9   :   27;
	1faa   :   27;
	1fab   :   27;
	1fac   :   13;
	1fad   :   00;
	1fae   :   00;
	1faf   :   00;
	1fb0   :   26;
	1fb1   :   27;
	1fb2   :   27;
	1fb3   :   27;
	1fb4   :   13;
	1fb5   :   00;
	1fb6   :   00;
	1fb7   :   00;
	1fb8   :   27;
	1fb9   :   6f;
	1fba   :   77;
	1fbb   :   af;
	1fbc   :   13;
	1fbd   :   00;
	1fbe   :   00;
	1fbf   :   00;
	1fc0   :   55;
	1fc1   :   15;
	1fc2   :   7f;
	1fc3   :   27;
	1fc4   :   13;
	1fc5   :   00;
	1fc6   :   00;
	1fc7   :   00;
	1fc8   :   1e;
	1fc9   :   1d;
	1fca   :   1d;
	1fcb   :   15;
	1fcc   :   13;
	1fcd   :   00;
	1fce   :   00;
	1fcf   :   00;
	1fd0   :   15;
	1fd1   :   15;
	1fd2   :   77;
	1fd3   :   bf;
	1fd4   :   13;
	1fd5   :   00;
	1fd6   :   00;
	1fd7   :   00;
	1fd8   :   1d;
	1fd9   :   6e;
	1fda   :   7f;
	1fdb   :   1e;
	1fdc   :   13;
	1fdd   :   00;
	1fde   :   00;
	1fdf   :   00;
	1fe0   :   1e;
	1fe1   :   1e;
	1fe2   :   1e;
	1fe3   :   1e;
	1fe4   :   13;
	1fe5   :   00;
	1fe6   :   00;
	1fe7   :   00;
	1fe8   :   26;
	1fe9   :   1e;
	1fea   :   77;
	1feb   :   66;
	1fec   :   13;
	1fed   :   00;
	1fee   :   00;
	1fef   :   00;
	1ff0   :   0c;
	1ff1   :   66;
	1ff2   :   77;
	1ff3   :   6f;
	1ff4   :   13;
	1ff5   :   00;
	1ff6   :   00;
	1ff7   :   00;
	1ff8   :   6f;
	1ff9   :   27;
	1ffa   :   27;
	1ffb   :   2f;
	1ffc   :   13;
	1ffd   :   00;
	1ffe   :   00;
	1fff   :   00;
	2000   :   27;
	2001   :   27;
	2002   :   26;
	2003   :   26;
	2004   :   13;
	2005   :   00;
	2006   :   00;
	2007   :   00;
	2008   :   27;
	2009   :   37;
	200a   :   6f;
	200b   :   27;
	200c   :   13;
	200d   :   00;
	200e   :   00;
	200f   :   00;
	2010   :   27;
	2011   :   77;
	2012   :   77;
	2013   :   27;
	2014   :   13;
	2015   :   00;
	2016   :   00;
	2017   :   00;
	2018   :   27;
	2019   :   27;
	201a   :   27;
	201b   :   1f;
	201c   :   13;
	201d   :   00;
	201e   :   00;
	201f   :   00;
	2020   :   2f;
	2021   :   77;
	2022   :   0d;
	2023   :   16;
	2024   :   13;
	2025   :   00;
	2026   :   00;
	2027   :   00;
	2028   :   77;
	2029   :   27;
	202a   :   1f;
	202b   :   1e;
	202c   :   13;
	202d   :   00;
	202e   :   00;
	202f   :   00;
	2030   :   27;
	2031   :   1e;
	2032   :   1e;
	2033   :   77;
	2034   :   13;
	2035   :   00;
	2036   :   00;
	2037   :   00;
	2038   :   66;
	2039   :   77;
	203a   :   26;
	203b   :   16;
	203c   :   13;
	203d   :   00;
	203e   :   00;
	203f   :   00;
	2040   :   15;
	2041   :   13;
	2042   :   63;
	2043   :   a3;
	2044   :   13;
	2045   :   00;
	2046   :   00;
	2047   :   00;
	2048   :   ae;
	2049   :   77;
	204a   :   0a;
	204b   :   01;
	204c   :   13;
	204d   :   00;
	204e   :   00;
	204f   :   00;
	2050   :   01;
	2051   :   01;
	2052   :   01;
	2053   :   01;
	2054   :   13;
	2055   :   00;
	2056   :   00;
	2057   :   00;
	2058   :   01;
	2059   :   01;
	205a   :   01;
	205b   :   0c;
	205c   :   13;
	205d   :   00;
	205e   :   00;
	205f   :   00;
	2060   :   0d;
	2061   :   0e;
	2062   :   0e;
	2063   :   0e;
	2064   :   13;
	2065   :   00;
	2066   :   00;
	2067   :   00;
	2068   :   0e;
	2069   :   0e;
	206a   :   0e;
	206b   :   0e;
	206c   :   13;
	206d   :   00;
	206e   :   00;
	206f   :   00;
	2070   :   0e;
	2071   :   0d;
	2072   :   05;
	2073   :   0d;
	2074   :   13;
	2075   :   00;
	2076   :   00;
	2077   :   00;
	2078   :   0e;
	2079   :   0e;
	207a   :   0f;
	207b   :   0e;
	207c   :   13;
	207d   :   00;
	207e   :   00;
	207f   :   00;
	2080   :   00;
	2081   :   00;
	2082   :   00;
	2083   :   00;
	2084   :   13;
	2085   :   00;
	2086   :   00;
	2087   :   00;
	2088   :   00;
	2089   :   00;
	208a   :   01;
	208b   :   01;
	208c   :   13;
	208d   :   00;
	208e   :   00;
	208f   :   00;
	2090   :   01;
	2091   :   01;
	2092   :   01;
	2093   :   01;
	2094   :   13;
	2095   :   00;
	2096   :   00;
	2097   :   00;
	2098   :   01;
	2099   :   01;
	209a   :   01;
	209b   :   01;
	209c   :   13;
	209d   :   00;
	209e   :   00;
	209f   :   00;
	20a0   :   01;
	20a1   :   01;
	20a2   :   01;
	20a3   :   01;
	20a4   :   13;
	20a5   :   00;
	20a6   :   00;
	20a7   :   00;
	20a8   :   01;
	20a9   :   01;
	20aa   :   00;
	20ab   :   0a;
	20ac   :   13;
	20ad   :   00;
	20ae   :   00;
	20af   :   00;
	20b0   :   77;
	20b1   :   66;
	20b2   :   1d;
	20b3   :   1e;
	20b4   :   13;
	20b5   :   00;
	20b6   :   00;
	20b7   :   00;
	20b8   :   1e;
	20b9   :   1e;
	20ba   :   1d;
	20bb   :   14;
	20bc   :   13;
	20bd   :   00;
	20be   :   00;
	20bf   :   00;
	20c0   :   77;
	20c1   :   77;
	20c2   :   77;
	20c3   :   6f;
	20c4   :   13;
	20c5   :   00;
	20c6   :   00;
	20c7   :   00;
	20c8   :   26;
	20c9   :   1e;
	20ca   :   26;
	20cb   :   26;
	20cc   :   13;
	20cd   :   00;
	20ce   :   00;
	20cf   :   00;
	20d0   :   26;
	20d1   :   27;
	20d2   :   27;
	20d3   :   26;
	20d4   :   13;
	20d5   :   00;
	20d6   :   00;
	20d7   :   00;
	20d8   :   2f;
	20d9   :   2f;
	20da   :   6f;
	20db   :   77;
	20dc   :   13;
	20dd   :   00;
	20de   :   00;
	20df   :   00;
	20e0   :   67;
	20e1   :   2f;
	20e2   :   67;
	20e3   :   7f;
	20e4   :   13;
	20e5   :   00;
	20e6   :   00;
	20e7   :   00;
	20e8   :   77;
	20e9   :   27;
	20ea   :   2f;
	20eb   :   2f;
	20ec   :   13;
	20ed   :   00;
	20ee   :   00;
	20ef   :   00;
	20f0   :   26;
	20f1   :   2f;
	20f2   :   2f;
	20f3   :   2f;
	20f4   :   13;
	20f5   :   00;
	20f6   :   00;
	20f7   :   00;
	20f8   :   27;
	20f9   :   1e;
	20fa   :   1e;
	20fb   :   77;
	20fc   :   13;
	20fd   :   00;
	20fe   :   00;
	20ff   :   00;
	2100   :   bf;
	2101   :   b6;
	2102   :   bf;
	2103   :   67;
	2104   :   13;
	2105   :   00;
	2106   :   00;
	2107   :   00;
	2108   :   26;
	2109   :   26;
	210a   :   26;
	210b   :   1e;
	210c   :   13;
	210d   :   00;
	210e   :   00;
	210f   :   00;
	2110   :   26;
	2111   :   26;
	2112   :   77;
	2113   :   b7;
	2114   :   13;
	2115   :   00;
	2116   :   00;
	2117   :   00;
	2118   :   1e;
	2119   :   6e;
	211a   :   7f;
	211b   :   27;
	211c   :   13;
	211d   :   00;
	211e   :   00;
	211f   :   00;
	2120   :   27;
	2121   :   27;
	2122   :   26;
	2123   :   26;
	2124   :   13;
	2125   :   00;
	2126   :   00;
	2127   :   00;
	2128   :   26;
	2129   :   27;
	212a   :   77;
	212b   :   77;
	212c   :   13;
	212d   :   00;
	212e   :   00;
	212f   :   00;
	2130   :   77;
	2131   :   77;
	2132   :   6f;
	2133   :   26;
	2134   :   13;
	2135   :   00;
	2136   :   00;
	2137   :   00;
	2138   :   2f;
	2139   :   6f;
	213a   :   6f;
	213b   :   2f;
	213c   :   13;
	213d   :   00;
	213e   :   00;
	213f   :   00;
	2140   :   27;
	2141   :   27;
	2142   :   27;
	2143   :   26;
	2144   :   13;
	2145   :   00;
	2146   :   00;
	2147   :   00;
	2148   :   27;
	2149   :   37;
	214a   :   6f;
	214b   :   27;
	214c   :   13;
	214d   :   00;
	214e   :   00;
	214f   :   00;
	2150   :   26;
	2151   :   77;
	2152   :   77;
	2153   :   2f;
	2154   :   13;
	2155   :   00;
	2156   :   00;
	2157   :   00;
	2158   :   2f;
	2159   :   27;
	215a   :   27;
	215b   :   27;
	215c   :   13;
	215d   :   00;
	215e   :   00;
	215f   :   00;
	2160   :   6f;
	2161   :   77;
	2162   :   16;
	2163   :   16;
	2164   :   13;
	2165   :   00;
	2166   :   00;
	2167   :   00;
	2168   :   77;
	2169   :   77;
	216a   :   27;
	216b   :   27;
	216c   :   13;
	216d   :   00;
	216e   :   00;
	216f   :   00;
	2170   :   27;
	2171   :   1e;
	2172   :   27;
	2173   :   77;
	2174   :   13;
	2175   :   00;
	2176   :   00;
	2177   :   00;
	2178   :   5d;
	2179   :   7f;
	217a   :   27;
	217b   :   1e;
	217c   :   13;
	217d   :   00;
	217e   :   00;
	217f   :   00;
	2180   :   1e;
	2181   :   1e;
	2182   :   15;
	2183   :   13;
	2184   :   13;
	2185   :   00;
	2186   :   00;
	2187   :   00;
	2188   :   65;
	2189   :   77;
	218a   :   0a;
	218b   :   01;
	218c   :   13;
	218d   :   00;
	218e   :   00;
	218f   :   00;
	2190   :   01;
	2191   :   01;
	2192   :   09;
	2193   :   0a;
	2194   :   13;
	2195   :   00;
	2196   :   00;
	2197   :   00;
	2198   :   0a;
	2199   :   01;
	219a   :   0b;
	219b   :   0e;
	219c   :   13;
	219d   :   00;
	219e   :   00;
	219f   :   00;
	21a0   :   0e;
	21a1   :   0f;
	21a2   :   0d;
	21a3   :   0e;
	21a4   :   13;
	21a5   :   00;
	21a6   :   00;
	21a7   :   00;
	21a8   :   0d;
	21a9   :   0e;
	21aa   :   0e;
	21ab   :   0e;
	21ac   :   13;
	21ad   :   00;
	21ae   :   00;
	21af   :   00;
	21b0   :   0d;
	21b1   :   0d;
	21b2   :   0d;
	21b3   :   0e;
	21b4   :   13;
	21b5   :   00;
	21b6   :   00;
	21b7   :   00;
	21b8   :   0f;
	21b9   :   0f;
	21ba   :   0f;
	21bb   :   0e;
	21bc   :   13;
	21bd   :   00;
	21be   :   00;
	21bf   :   00;
	21c0   :   00;
	21c1   :   00;
	21c2   :   00;
	21c3   :   00;
	21c4   :   13;
	21c5   :   00;
	21c6   :   00;
	21c7   :   00;
	21c8   :   00;
	21c9   :   01;
	21ca   :   01;
	21cb   :   01;
	21cc   :   13;
	21cd   :   00;
	21ce   :   00;
	21cf   :   00;
	21d0   :   01;
	21d1   :   01;
	21d2   :   01;
	21d3   :   01;
	21d4   :   13;
	21d5   :   00;
	21d6   :   00;
	21d7   :   00;
	21d8   :   01;
	21d9   :   01;
	21da   :   01;
	21db   :   01;
	21dc   :   13;
	21dd   :   00;
	21de   :   00;
	21df   :   00;
	21e0   :   01;
	21e1   :   01;
	21e2   :   01;
	21e3   :   01;
	21e4   :   13;
	21e5   :   00;
	21e6   :   00;
	21e7   :   00;
	21e8   :   01;
	21e9   :   01;
	21ea   :   00;
	21eb   :   0a;
	21ec   :   13;
	21ed   :   00;
	21ee   :   00;
	21ef   :   00;
	21f0   :   7f;
	21f1   :   66;
	21f2   :   1d;
	21f3   :   1e;
	21f4   :   13;
	21f5   :   00;
	21f6   :   00;
	21f7   :   00;
	21f8   :   1d;
	21f9   :   1e;
	21fa   :   1e;
	21fb   :   1e;
	21fc   :   13;
	21fd   :   00;
	21fe   :   00;
	21ff   :   00;
	2200   :   6f;
	2201   :   6f;
	2202   :   26;
	2203   :   1e;
	2204   :   13;
	2205   :   00;
	2206   :   00;
	2207   :   00;
	2208   :   27;
	2209   :   26;
	220a   :   27;
	220b   :   27;
	220c   :   13;
	220d   :   00;
	220e   :   00;
	220f   :   00;
	2210   :   26;
	2211   :   27;
	2212   :   6f;
	2213   :   27;
	2214   :   13;
	2215   :   00;
	2216   :   00;
	2217   :   00;
	2218   :   27;
	2219   :   27;
	221a   :   6f;
	221b   :   7f;
	221c   :   13;
	221d   :   00;
	221e   :   00;
	221f   :   00;
	2220   :   67;
	2221   :   26;
	2222   :   66;
	2223   :   7f;
	2224   :   13;
	2225   :   00;
	2226   :   00;
	2227   :   00;
	2228   :   77;
	2229   :   6f;
	222a   :   6f;
	222b   :   2f;
	222c   :   13;
	222d   :   00;
	222e   :   00;
	222f   :   00;
	2230   :   27;
	2231   :   27;
	2232   :   27;
	2233   :   27;
	2234   :   13;
	2235   :   00;
	2236   :   00;
	2237   :   00;
	2238   :   27;
	2239   :   6f;
	223a   :   6f;
	223b   :   26;
	223c   :   13;
	223d   :   00;
	223e   :   00;
	223f   :   00;
	2240   :   27;
	2241   :   77;
	2242   :   bf;
	2243   :   6f;
	2244   :   13;
	2245   :   00;
	2246   :   00;
	2247   :   00;
	2248   :   27;
	2249   :   27;
	224a   :   27;
	224b   :   27;
	224c   :   13;
	224d   :   00;
	224e   :   00;
	224f   :   00;
	2250   :   26;
	2251   :   27;
	2252   :   77;
	2253   :   77;
	2254   :   13;
	2255   :   00;
	2256   :   00;
	2257   :   00;
	2258   :   1e;
	2259   :   6e;
	225a   :   7f;
	225b   :   27;
	225c   :   13;
	225d   :   00;
	225e   :   00;
	225f   :   00;
	2260   :   26;
	2261   :   2f;
	2262   :   26;
	2263   :   27;
	2264   :   13;
	2265   :   00;
	2266   :   00;
	2267   :   00;
	2268   :   2e;
	2269   :   2f;
	226a   :   77;
	226b   :   77;
	226c   :   13;
	226d   :   00;
	226e   :   00;
	226f   :   00;
	2270   :   6f;
	2271   :   6f;
	2272   :   6e;
	2273   :   6f;
	2274   :   13;
	2275   :   00;
	2276   :   00;
	2277   :   00;
	2278   :   6f;
	2279   :   6e;
	227a   :   6f;
	227b   :   6f;
	227c   :   13;
	227d   :   00;
	227e   :   00;
	227f   :   00;
	2280   :   6f;
	2281   :   6f;
	2282   :   6f;
	2283   :   6f;
	2284   :   13;
	2285   :   00;
	2286   :   00;
	2287   :   00;
	2288   :   27;
	2289   :   37;
	228a   :   6f;
	228b   :   1e;
	228c   :   13;
	228d   :   00;
	228e   :   00;
	228f   :   00;
	2290   :   26;
	2291   :   77;
	2292   :   77;
	2293   :   27;
	2294   :   13;
	2295   :   00;
	2296   :   00;
	2297   :   00;
	2298   :   26;
	2299   :   67;
	229a   :   67;
	229b   :   27;
	229c   :   13;
	229d   :   00;
	229e   :   00;
	229f   :   00;
	22a0   :   77;
	22a1   :   77;
	22a2   :   16;
	22a3   :   16;
	22a4   :   13;
	22a5   :   00;
	22a6   :   00;
	22a7   :   00;
	22a8   :   6f;
	22a9   :   77;
	22aa   :   27;
	22ab   :   26;
	22ac   :   13;
	22ad   :   00;
	22ae   :   00;
	22af   :   00;
	22b0   :   27;
	22b1   :   27;
	22b2   :   77;
	22b3   :   66;
	22b4   :   13;
	22b5   :   00;
	22b6   :   00;
	22b7   :   00;
	22b8   :   56;
	22b9   :   7f;
	22ba   :   27;
	22bb   :   1e;
	22bc   :   13;
	22bd   :   00;
	22be   :   00;
	22bf   :   00;
	22c0   :   1d;
	22c1   :   1e;
	22c2   :   1e;
	22c3   :   16;
	22c4   :   13;
	22c5   :   00;
	22c6   :   00;
	22c7   :   00;
	22c8   :   66;
	22c9   :   77;
	22ca   :   13;
	22cb   :   01;
	22cc   :   13;
	22cd   :   00;
	22ce   :   00;
	22cf   :   00;
	22d0   :   09;
	22d1   :   0a;
	22d2   :   0a;
	22d3   :   0a;
	22d4   :   13;
	22d5   :   00;
	22d6   :   00;
	22d7   :   00;
	22d8   :   0a;
	22d9   :   0a;
	22da   :   0d;
	22db   :   0e;
	22dc   :   13;
	22dd   :   00;
	22de   :   00;
	22df   :   00;
	22e0   :   0f;
	22e1   :   0e;
	22e2   :   0e;
	22e3   :   0e;
	22e4   :   13;
	22e5   :   00;
	22e6   :   00;
	22e7   :   00;
	22e8   :   03;
	22e9   :   0d;
	22ea   :   0e;
	22eb   :   0e;
	22ec   :   13;
	22ed   :   00;
	22ee   :   00;
	22ef   :   00;
	22f0   :   0d;
	22f1   :   0d;
	22f2   :   0e;
	22f3   :   17;
	22f4   :   13;
	22f5   :   00;
	22f6   :   00;
	22f7   :   00;
	22f8   :   17;
	22f9   :   0f;
	22fa   :   0e;
	22fb   :   0e;
	22fc   :   13;
	22fd   :   00;
	22fe   :   00;
	22ff   :   00;
	2300   :   00;
	2301   :   01;
	2302   :   01;
	2303   :   01;
	2304   :   13;
	2305   :   00;
	2306   :   00;
	2307   :   00;
	2308   :   01;
	2309   :   01;
	230a   :   01;
	230b   :   01;
	230c   :   13;
	230d   :   00;
	230e   :   00;
	230f   :   00;
	2310   :   01;
	2311   :   01;
	2312   :   01;
	2313   :   01;
	2314   :   13;
	2315   :   00;
	2316   :   00;
	2317   :   00;
	2318   :   01;
	2319   :   01;
	231a   :   01;
	231b   :   01;
	231c   :   13;
	231d   :   00;
	231e   :   00;
	231f   :   00;
	2320   :   01;
	2321   :   01;
	2322   :   01;
	2323   :   01;
	2324   :   13;
	2325   :   00;
	2326   :   00;
	2327   :   00;
	2328   :   01;
	2329   :   01;
	232a   :   01;
	232b   :   0a;
	232c   :   13;
	232d   :   00;
	232e   :   00;
	232f   :   00;
	2330   :   7f;
	2331   :   26;
	2332   :   1e;
	2333   :   1e;
	2334   :   13;
	2335   :   00;
	2336   :   00;
	2337   :   00;
	2338   :   1e;
	2339   :   1e;
	233a   :   1e;
	233b   :   1e;
	233c   :   13;
	233d   :   00;
	233e   :   00;
	233f   :   00;
	2340   :   26;
	2341   :   27;
	2342   :   26;
	2343   :   26;
	2344   :   13;
	2345   :   00;
	2346   :   00;
	2347   :   00;
	2348   :   26;
	2349   :   26;
	234a   :   27;
	234b   :   26;
	234c   :   13;
	234d   :   00;
	234e   :   00;
	234f   :   00;
	2350   :   26;
	2351   :   6f;
	2352   :   6f;
	2353   :   2f;
	2354   :   13;
	2355   :   00;
	2356   :   00;
	2357   :   00;
	2358   :   27;
	2359   :   27;
	235a   :   6f;
	235b   :   7f;
	235c   :   13;
	235d   :   00;
	235e   :   00;
	235f   :   00;
	2360   :   67;
	2361   :   27;
	2362   :   27;
	2363   :   bf;
	2364   :   13;
	2365   :   00;
	2366   :   00;
	2367   :   00;
	2368   :   77;
	2369   :   6f;
	236a   :   27;
	236b   :   2f;
	236c   :   13;
	236d   :   00;
	236e   :   00;
	236f   :   00;
	2370   :   2f;
	2371   :   2f;
	2372   :   27;
	2373   :   2f;
	2374   :   13;
	2375   :   00;
	2376   :   00;
	2377   :   00;
	2378   :   2f;
	2379   :   6f;
	237a   :   6f;
	237b   :   6f;
	237c   :   13;
	237d   :   00;
	237e   :   00;
	237f   :   00;
	2380   :   6f;
	2381   :   2f;
	2382   :   6f;
	2383   :   6f;
	2384   :   13;
	2385   :   00;
	2386   :   00;
	2387   :   00;
	2388   :   26;
	2389   :   27;
	238a   :   2f;
	238b   :   6f;
	238c   :   13;
	238d   :   00;
	238e   :   00;
	238f   :   00;
	2390   :   6e;
	2391   :   bf;
	2392   :   bf;
	2393   :   67;
	2394   :   13;
	2395   :   00;
	2396   :   00;
	2397   :   00;
	2398   :   1e;
	2399   :   6f;
	239a   :   7f;
	239b   :   77;
	239c   :   13;
	239d   :   00;
	239e   :   00;
	239f   :   00;
	23a0   :   6f;
	23a1   :   6f;
	23a2   :   26;
	23a3   :   2f;
	23a4   :   13;
	23a5   :   00;
	23a6   :   00;
	23a7   :   00;
	23a8   :   6f;
	23a9   :   6f;
	23aa   :   6e;
	23ab   :   6e;
	23ac   :   13;
	23ad   :   00;
	23ae   :   00;
	23af   :   00;
	23b0   :   6f;
	23b1   :   6f;
	23b2   :   6e;
	23b3   :   77;
	23b4   :   13;
	23b5   :   00;
	23b6   :   00;
	23b7   :   00;
	23b8   :   77;
	23b9   :   6e;
	23ba   :   6f;
	23bb   :   6f;
	23bc   :   13;
	23bd   :   00;
	23be   :   00;
	23bf   :   00;
	23c0   :   27;
	23c1   :   26;
	23c2   :   2f;
	23c3   :   77;
	23c4   :   13;
	23c5   :   00;
	23c6   :   00;
	23c7   :   00;
	23c8   :   77;
	23c9   :   bf;
	23ca   :   66;
	23cb   :   16;
	23cc   :   13;
	23cd   :   00;
	23ce   :   00;
	23cf   :   00;
	23d0   :   16;
	23d1   :   77;
	23d2   :   37;
	23d3   :   27;
	23d4   :   13;
	23d5   :   00;
	23d6   :   00;
	23d7   :   00;
	23d8   :   2f;
	23d9   :   6f;
	23da   :   2f;
	23db   :   67;
	23dc   :   13;
	23dd   :   00;
	23de   :   00;
	23df   :   00;
	23e0   :   77;
	23e1   :   77;
	23e2   :   16;
	23e3   :   16;
	23e4   :   13;
	23e5   :   00;
	23e6   :   00;
	23e7   :   00;
	23e8   :   1f;
	23e9   :   7f;
	23ea   :   2f;
	23eb   :   26;
	23ec   :   13;
	23ed   :   00;
	23ee   :   00;
	23ef   :   00;
	23f0   :   2f;
	23f1   :   2f;
	23f2   :   7f;
	23f3   :   16;
	23f4   :   13;
	23f5   :   00;
	23f6   :   00;
	23f7   :   00;
	23f8   :   5e;
	23f9   :   7f;
	23fa   :   27;
	23fb   :   1d;
	23fc   :   13;
	23fd   :   00;
	23fe   :   00;
	23ff   :   00;
	2400   :   1e;
	2401   :   1e;
	2402   :   1e;
	2403   :   1e;
	2404   :   13;
	2405   :   00;
	2406   :   00;
	2407   :   00;
	2408   :   67;
	2409   :   7f;
	240a   :   13;
	240b   :   01;
	240c   :   13;
	240d   :   00;
	240e   :   00;
	240f   :   00;
	2410   :   0a;
	2411   :   0a;
	2412   :   0a;
	2413   :   0a;
	2414   :   13;
	2415   :   00;
	2416   :   00;
	2417   :   00;
	2418   :   0a;
	2419   :   0c;
	241a   :   0f;
	241b   :   0f;
	241c   :   13;
	241d   :   00;
	241e   :   00;
	241f   :   00;
	2420   :   0f;
	2421   :   0e;
	2422   :   17;
	2423   :   0d;
	2424   :   13;
	2425   :   00;
	2426   :   00;
	2427   :   00;
	2428   :   04;
	2429   :   0e;
	242a   :   0d;
	242b   :   0c;
	242c   :   13;
	242d   :   00;
	242e   :   00;
	242f   :   00;
	2430   :   0e;
	2431   :   0e;
	2432   :   16;
	2433   :   17;
	2434   :   13;
	2435   :   00;
	2436   :   00;
	2437   :   00;
	2438   :   0f;
	2439   :   0e;
	243a   :   0e;
	243b   :   0e;
	243c   :   13;
	243d   :   00;
	243e   :   00;
	243f   :   00;
	2440   :   01;
	2441   :   01;
	2442   :   01;
	2443   :   01;
	2444   :   13;
	2445   :   00;
	2446   :   00;
	2447   :   00;
	2448   :   01;
	2449   :   01;
	244a   :   01;
	244b   :   01;
	244c   :   13;
	244d   :   00;
	244e   :   00;
	244f   :   00;
	2450   :   01;
	2451   :   01;
	2452   :   01;
	2453   :   01;
	2454   :   13;
	2455   :   00;
	2456   :   00;
	2457   :   00;
	2458   :   01;
	2459   :   01;
	245a   :   01;
	245b   :   01;
	245c   :   13;
	245d   :   00;
	245e   :   00;
	245f   :   00;
	2460   :   01;
	2461   :   01;
	2462   :   01;
	2463   :   01;
	2464   :   13;
	2465   :   00;
	2466   :   00;
	2467   :   00;
	2468   :   01;
	2469   :   01;
	246a   :   01;
	246b   :   0a;
	246c   :   13;
	246d   :   00;
	246e   :   00;
	246f   :   00;
	2470   :   7f;
	2471   :   6f;
	2472   :   26;
	2473   :   27;
	2474   :   13;
	2475   :   00;
	2476   :   00;
	2477   :   00;
	2478   :   26;
	2479   :   1e;
	247a   :   27;
	247b   :   26;
	247c   :   13;
	247d   :   00;
	247e   :   00;
	247f   :   00;
	2480   :   2f;
	2481   :   2f;
	2482   :   2f;
	2483   :   26;
	2484   :   13;
	2485   :   00;
	2486   :   00;
	2487   :   00;
	2488   :   26;
	2489   :   26;
	248a   :   2f;
	248b   :   2f;
	248c   :   13;
	248d   :   00;
	248e   :   00;
	248f   :   00;
	2490   :   6e;
	2491   :   77;
	2492   :   6f;
	2493   :   2e;
	2494   :   13;
	2495   :   00;
	2496   :   00;
	2497   :   00;
	2498   :   2f;
	2499   :   27;
	249a   :   6f;
	249b   :   7f;
	249c   :   13;
	249d   :   00;
	249e   :   00;
	249f   :   00;
	24a0   :   67;
	24a1   :   16;
	24a2   :   1e;
	24a3   :   6f;
	24a4   :   13;
	24a5   :   00;
	24a6   :   00;
	24a7   :   00;
	24a8   :   bf;
	24a9   :   b7;
	24aa   :   6f;
	24ab   :   6f;
	24ac   :   13;
	24ad   :   00;
	24ae   :   00;
	24af   :   00;
	24b0   :   77;
	24b1   :   77;
	24b2   :   6f;
	24b3   :   77;
	24b4   :   13;
	24b5   :   00;
	24b6   :   00;
	24b7   :   00;
	24b8   :   6f;
	24b9   :   6f;
	24ba   :   77;
	24bb   :   6f;
	24bc   :   13;
	24bd   :   00;
	24be   :   00;
	24bf   :   00;
	24c0   :   77;
	24c1   :   77;
	24c2   :   77;
	24c3   :   6f;
	24c4   :   13;
	24c5   :   00;
	24c6   :   00;
	24c7   :   00;
	24c8   :   26;
	24c9   :   6f;
	24ca   :   77;
	24cb   :   bf;
	24cc   :   13;
	24cd   :   00;
	24ce   :   00;
	24cf   :   00;
	24d0   :   bf;
	24d1   :   6f;
	24d2   :   27;
	24d3   :   1e;
	24d4   :   13;
	24d5   :   00;
	24d6   :   00;
	24d7   :   00;
	24d8   :   17;
	24d9   :   67;
	24da   :   67;
	24db   :   77;
	24dc   :   13;
	24dd   :   00;
	24de   :   00;
	24df   :   00;
	24e0   :   7f;
	24e1   :   77;
	24e2   :   6f;
	24e3   :   77;
	24e4   :   13;
	24e5   :   00;
	24e6   :   00;
	24e7   :   00;
	24e8   :   2f;
	24e9   :   2f;
	24ea   :   6f;
	24eb   :   77;
	24ec   :   13;
	24ed   :   00;
	24ee   :   00;
	24ef   :   00;
	24f0   :   6f;
	24f1   :   77;
	24f2   :   6f;
	24f3   :   26;
	24f4   :   13;
	24f5   :   00;
	24f6   :   00;
	24f7   :   00;
	24f8   :   77;
	24f9   :   6f;
	24fa   :   77;
	24fb   :   6f;
	24fc   :   13;
	24fd   :   00;
	24fe   :   00;
	24ff   :   00;
	2500   :   2f;
	2501   :   6f;
	2502   :   77;
	2503   :   bf;
	2504   :   13;
	2505   :   00;
	2506   :   00;
	2507   :   00;
	2508   :   6f;
	2509   :   5e;
	250a   :   15;
	250b   :   5e;
	250c   :   13;
	250d   :   00;
	250e   :   00;
	250f   :   00;
	2510   :   6e;
	2511   :   7f;
	2512   :   77;
	2513   :   6f;
	2514   :   13;
	2515   :   00;
	2516   :   00;
	2517   :   00;
	2518   :   6f;
	2519   :   2e;
	251a   :   2e;
	251b   :   67;
	251c   :   13;
	251d   :   00;
	251e   :   00;
	251f   :   00;
	2520   :   77;
	2521   :   77;
	2522   :   16;
	2523   :   17;
	2524   :   13;
	2525   :   00;
	2526   :   00;
	2527   :   00;
	2528   :   17;
	2529   :   77;
	252a   :   77;
	252b   :   67;
	252c   :   13;
	252d   :   00;
	252e   :   00;
	252f   :   00;
	2530   :   27;
	2531   :   77;
	2532   :   6f;
	2533   :   16;
	2534   :   13;
	2535   :   00;
	2536   :   00;
	2537   :   00;
	2538   :   66;
	2539   :   7f;
	253a   :   27;
	253b   :   1e;
	253c   :   13;
	253d   :   00;
	253e   :   00;
	253f   :   00;
	2540   :   1e;
	2541   :   27;
	2542   :   27;
	2543   :   1e;
	2544   :   13;
	2545   :   00;
	2546   :   00;
	2547   :   00;
	2548   :   6f;
	2549   :   7f;
	254a   :   13;
	254b   :   01;
	254c   :   13;
	254d   :   00;
	254e   :   00;
	254f   :   00;
	2550   :   0a;
	2551   :   0a;
	2552   :   0a;
	2553   :   0a;
	2554   :   13;
	2555   :   00;
	2556   :   00;
	2557   :   00;
	2558   :   0b;
	2559   :   0d;
	255a   :   0e;
	255b   :   17;
	255c   :   13;
	255d   :   00;
	255e   :   00;
	255f   :   00;
	2560   :   0e;
	2561   :   0f;
	2562   :   0e;
	2563   :   04;
	2564   :   13;
	2565   :   00;
	2566   :   00;
	2567   :   00;
	2568   :   0e;
	2569   :   0d;
	256a   :   0d;
	256b   :   0d;
	256c   :   13;
	256d   :   00;
	256e   :   00;
	256f   :   00;
	2570   :   0e;
	2571   :   16;
	2572   :   17;
	2573   :   0e;
	2574   :   13;
	2575   :   00;
	2576   :   00;
	2577   :   00;
	2578   :   0e;
	2579   :   0f;
	257a   :   0e;
	257b   :   0e;
	257c   :   13;
	257d   :   00;
	257e   :   00;
	257f   :   00;
	2580   :   01;
	2581   :   01;
	2582   :   01;
	2583   :   01;
	2584   :   13;
	2585   :   00;
	2586   :   00;
	2587   :   00;
	2588   :   01;
	2589   :   01;
	258a   :   01;
	258b   :   01;
	258c   :   13;
	258d   :   00;
	258e   :   00;
	258f   :   00;
	2590   :   01;
	2591   :   01;
	2592   :   01;
	2593   :   01;
	2594   :   13;
	2595   :   00;
	2596   :   00;
	2597   :   00;
	2598   :   01;
	2599   :   01;
	259a   :   01;
	259b   :   09;
	259c   :   13;
	259d   :   00;
	259e   :   00;
	259f   :   00;
	25a0   :   01;
	25a1   :   01;
	25a2   :   01;
	25a3   :   01;
	25a4   :   13;
	25a5   :   00;
	25a6   :   00;
	25a7   :   00;
	25a8   :   01;
	25a9   :   01;
	25aa   :   01;
	25ab   :   0a;
	25ac   :   13;
	25ad   :   00;
	25ae   :   00;
	25af   :   00;
	25b0   :   7f;
	25b1   :   67;
	25b2   :   26;
	25b3   :   26;
	25b4   :   13;
	25b5   :   00;
	25b6   :   00;
	25b7   :   00;
	25b8   :   26;
	25b9   :   26;
	25ba   :   27;
	25bb   :   6e;
	25bc   :   13;
	25bd   :   00;
	25be   :   00;
	25bf   :   00;
	25c0   :   6f;
	25c1   :   6f;
	25c2   :   6f;
	25c3   :   6f;
	25c4   :   13;
	25c5   :   00;
	25c6   :   00;
	25c7   :   00;
	25c8   :   6f;
	25c9   :   6f;
	25ca   :   6f;
	25cb   :   6f;
	25cc   :   13;
	25cd   :   00;
	25ce   :   00;
	25cf   :   00;
	25d0   :   6f;
	25d1   :   6f;
	25d2   :   6f;
	25d3   :   6f;
	25d4   :   13;
	25d5   :   00;
	25d6   :   00;
	25d7   :   00;
	25d8   :   6f;
	25d9   :   77;
	25da   :   bf;
	25db   :   bf;
	25dc   :   13;
	25dd   :   00;
	25de   :   00;
	25df   :   00;
	25e0   :   af;
	25e1   :   67;
	25e2   :   17;
	25e3   :   0e;
	25e4   :   13;
	25e5   :   00;
	25e6   :   00;
	25e7   :   00;
	25e8   :   5e;
	25e9   :   af;
	25ea   :   bf;
	25eb   :   bf;
	25ec   :   13;
	25ed   :   00;
	25ee   :   00;
	25ef   :   00;
	25f0   :   6f;
	25f1   :   6f;
	25f2   :   6f;
	25f3   :   6f;
	25f4   :   13;
	25f5   :   00;
	25f6   :   00;
	25f7   :   00;
	25f8   :   6e;
	25f9   :   6f;
	25fa   :   6f;
	25fb   :   6f;
	25fc   :   13;
	25fd   :   00;
	25fe   :   00;
	25ff   :   00;
	2600   :   77;
	2601   :   6f;
	2602   :   77;
	2603   :   6f;
	2604   :   13;
	2605   :   00;
	2606   :   00;
	2607   :   00;
	2608   :   77;
	2609   :   bf;
	260a   :   bf;
	260b   :   77;
	260c   :   13;
	260d   :   00;
	260e   :   00;
	260f   :   00;
	2610   :   2f;
	2611   :   2f;
	2612   :   26;
	2613   :   1e;
	2614   :   13;
	2615   :   00;
	2616   :   00;
	2617   :   00;
	2618   :   56;
	2619   :   67;
	261a   :   27;
	261b   :   27;
	261c   :   13;
	261d   :   00;
	261e   :   00;
	261f   :   00;
	2620   :   6f;
	2621   :   77;
	2622   :   7f;
	2623   :   7f;
	2624   :   13;
	2625   :   00;
	2626   :   00;
	2627   :   00;
	2628   :   6e;
	2629   :   26;
	262a   :   6e;
	262b   :   6f;
	262c   :   13;
	262d   :   00;
	262e   :   00;
	262f   :   00;
	2630   :   6f;
	2631   :   6f;
	2632   :   6f;
	2633   :   26;
	2634   :   13;
	2635   :   00;
	2636   :   00;
	2637   :   00;
	2638   :   6f;
	2639   :   6f;
	263a   :   6f;
	263b   :   2f;
	263c   :   13;
	263d   :   00;
	263e   :   00;
	263f   :   00;
	2640   :   77;
	2641   :   bf;
	2642   :   6f;
	2643   :   1f;
	2644   :   13;
	2645   :   00;
	2646   :   00;
	2647   :   00;
	2648   :   15;
	2649   :   16;
	264a   :   1f;
	264b   :   27;
	264c   :   13;
	264d   :   00;
	264e   :   00;
	264f   :   00;
	2650   :   26;
	2651   :   27;
	2652   :   77;
	2653   :   77;
	2654   :   13;
	2655   :   00;
	2656   :   00;
	2657   :   00;
	2658   :   77;
	2659   :   27;
	265a   :   6f;
	265b   :   6f;
	265c   :   13;
	265d   :   00;
	265e   :   00;
	265f   :   00;
	2660   :   77;
	2661   :   77;
	2662   :   0d;
	2663   :   17;
	2664   :   13;
	2665   :   00;
	2666   :   00;
	2667   :   00;
	2668   :   16;
	2669   :   67;
	266a   :   7f;
	266b   :   27;
	266c   :   13;
	266d   :   00;
	266e   :   00;
	266f   :   00;
	2670   :   2f;
	2671   :   7f;
	2672   :   1e;
	2673   :   1f;
	2674   :   13;
	2675   :   00;
	2676   :   00;
	2677   :   00;
	2678   :   67;
	2679   :   7f;
	267a   :   2f;
	267b   :   27;
	267c   :   13;
	267d   :   00;
	267e   :   00;
	267f   :   00;
	2680   :   26;
	2681   :   27;
	2682   :   26;
	2683   :   1d;
	2684   :   13;
	2685   :   00;
	2686   :   00;
	2687   :   00;
	2688   :   6f;
	2689   :   7f;
	268a   :   13;
	268b   :   0a;
	268c   :   13;
	268d   :   00;
	268e   :   00;
	268f   :   00;
	2690   :   0a;
	2691   :   0a;
	2692   :   0a;
	2693   :   0a;
	2694   :   13;
	2695   :   00;
	2696   :   00;
	2697   :   00;
	2698   :   0d;
	2699   :   0d;
	269a   :   0f;
	269b   :   0f;
	269c   :   13;
	269d   :   00;
	269e   :   00;
	269f   :   00;
	26a0   :   0f;
	26a1   :   0f;
	26a2   :   0c;
	26a3   :   0d;
	26a4   :   13;
	26a5   :   00;
	26a6   :   00;
	26a7   :   00;
	26a8   :   0e;
	26a9   :   0c;
	26aa   :   0e;
	26ab   :   0e;
	26ac   :   13;
	26ad   :   00;
	26ae   :   00;
	26af   :   00;
	26b0   :   0e;
	26b1   :   17;
	26b2   :   0e;
	26b3   :   0e;
	26b4   :   13;
	26b5   :   00;
	26b6   :   00;
	26b7   :   00;
	26b8   :   0f;
	26b9   :   0e;
	26ba   :   0e;
	26bb   :   17;
	26bc   :   13;
	26bd   :   00;
	26be   :   00;
	26bf   :   00;
	26c0   :   01;
	26c1   :   01;
	26c2   :   01;
	26c3   :   01;
	26c4   :   13;
	26c5   :   00;
	26c6   :   00;
	26c7   :   00;
	26c8   :   01;
	26c9   :   01;
	26ca   :   01;
	26cb   :   01;
	26cc   :   13;
	26cd   :   00;
	26ce   :   00;
	26cf   :   00;
	26d0   :   01;
	26d1   :   01;
	26d2   :   01;
	26d3   :   01;
	26d4   :   13;
	26d5   :   00;
	26d6   :   00;
	26d7   :   00;
	26d8   :   01;
	26d9   :   01;
	26da   :   01;
	26db   :   01;
	26dc   :   13;
	26dd   :   00;
	26de   :   00;
	26df   :   00;
	26e0   :   01;
	26e1   :   01;
	26e2   :   01;
	26e3   :   01;
	26e4   :   13;
	26e5   :   00;
	26e6   :   00;
	26e7   :   00;
	26e8   :   01;
	26e9   :   01;
	26ea   :   01;
	26eb   :   0a;
	26ec   :   13;
	26ed   :   00;
	26ee   :   00;
	26ef   :   00;
	26f0   :   7f;
	26f1   :   6f;
	26f2   :   2f;
	26f3   :   2f;
	26f4   :   13;
	26f5   :   00;
	26f6   :   00;
	26f7   :   00;
	26f8   :   2f;
	26f9   :   27;
	26fa   :   67;
	26fb   :   6f;
	26fc   :   13;
	26fd   :   00;
	26fe   :   00;
	26ff   :   00;
	2700   :   6f;
	2701   :   6f;
	2702   :   6f;
	2703   :   6f;
	2704   :   13;
	2705   :   00;
	2706   :   00;
	2707   :   00;
	2708   :   6f;
	2709   :   6f;
	270a   :   6f;
	270b   :   27;
	270c   :   13;
	270d   :   00;
	270e   :   00;
	270f   :   00;
	2710   :   2f;
	2711   :   6f;
	2712   :   6f;
	2713   :   77;
	2714   :   13;
	2715   :   00;
	2716   :   00;
	2717   :   00;
	2718   :   bf;
	2719   :   bf;
	271a   :   6f;
	271b   :   2f;
	271c   :   13;
	271d   :   00;
	271e   :   00;
	271f   :   00;
	2720   :   27;
	2721   :   27;
	2722   :   27;
	2723   :   5f;
	2724   :   13;
	2725   :   00;
	2726   :   00;
	2727   :   00;
	2728   :   16;
	2729   :   56;
	272a   :   5f;
	272b   :   6f;
	272c   :   13;
	272d   :   00;
	272e   :   00;
	272f   :   00;
	2730   :   bf;
	2731   :   77;
	2732   :   6f;
	2733   :   2f;
	2734   :   13;
	2735   :   00;
	2736   :   00;
	2737   :   00;
	2738   :   6f;
	2739   :   77;
	273a   :   6f;
	273b   :   6e;
	273c   :   13;
	273d   :   00;
	273e   :   00;
	273f   :   00;
	2740   :   6e;
	2741   :   6e;
	2742   :   ae;
	2743   :   bf;
	2744   :   13;
	2745   :   00;
	2746   :   00;
	2747   :   00;
	2748   :   bf;
	2749   :   77;
	274a   :   27;
	274b   :   2f;
	274c   :   13;
	274d   :   00;
	274e   :   00;
	274f   :   00;
	2750   :   2f;
	2751   :   27;
	2752   :   1f;
	2753   :   1f;
	2754   :   13;
	2755   :   00;
	2756   :   00;
	2757   :   00;
	2758   :   5e;
	2759   :   1e;
	275a   :   1f;
	275b   :   27;
	275c   :   13;
	275d   :   00;
	275e   :   00;
	275f   :   00;
	2760   :   2f;
	2761   :   2f;
	2762   :   6f;
	2763   :   77;
	2764   :   13;
	2765   :   00;
	2766   :   00;
	2767   :   00;
	2768   :   7f;
	2769   :   77;
	276a   :   77;
	276b   :   77;
	276c   :   13;
	276d   :   00;
	276e   :   00;
	276f   :   00;
	2770   :   77;
	2771   :   7f;
	2772   :   6f;
	2773   :   6f;
	2774   :   13;
	2775   :   00;
	2776   :   00;
	2777   :   00;
	2778   :   77;
	2779   :   77;
	277a   :   7f;
	277b   :   77;
	277c   :   13;
	277d   :   00;
	277e   :   00;
	277f   :   00;
	2780   :   6f;
	2781   :   17;
	2782   :   0e;
	2783   :   0c;
	2784   :   13;
	2785   :   00;
	2786   :   00;
	2787   :   00;
	2788   :   14;
	2789   :   16;
	278a   :   17;
	278b   :   1f;
	278c   :   13;
	278d   :   00;
	278e   :   00;
	278f   :   00;
	2790   :   27;
	2791   :   27;
	2792   :   27;
	2793   :   6f;
	2794   :   13;
	2795   :   00;
	2796   :   00;
	2797   :   00;
	2798   :   6f;
	2799   :   77;
	279a   :   77;
	279b   :   77;
	279c   :   13;
	279d   :   00;
	279e   :   00;
	279f   :   00;
	27a0   :   77;
	27a1   :   77;
	27a2   :   0e;
	27a3   :   16;
	27a4   :   13;
	27a5   :   00;
	27a6   :   00;
	27a7   :   00;
	27a8   :   16;
	27a9   :   1f;
	27aa   :   7f;
	27ab   :   27;
	27ac   :   13;
	27ad   :   00;
	27ae   :   00;
	27af   :   00;
	27b0   :   77;
	27b1   :   77;
	27b2   :   16;
	27b3   :   1f;
	27b4   :   13;
	27b5   :   00;
	27b6   :   00;
	27b7   :   00;
	27b8   :   66;
	27b9   :   7f;
	27ba   :   27;
	27bb   :   1e;
	27bc   :   13;
	27bd   :   00;
	27be   :   00;
	27bf   :   00;
	27c0   :   1e;
	27c1   :   1d;
	27c2   :   26;
	27c3   :   1e;
	27c4   :   13;
	27c5   :   00;
	27c6   :   00;
	27c7   :   00;
	27c8   :   67;
	27c9   :   7f;
	27ca   :   13;
	27cb   :   0a;
	27cc   :   13;
	27cd   :   00;
	27ce   :   00;
	27cf   :   00;
	27d0   :   0a;
	27d1   :   0b;
	27d2   :   0a;
	27d3   :   0b;
	27d4   :   13;
	27d5   :   00;
	27d6   :   00;
	27d7   :   00;
	27d8   :   0e;
	27d9   :   0e;
	27da   :   0f;
	27db   :   0f;
	27dc   :   13;
	27dd   :   00;
	27de   :   00;
	27df   :   00;
	27e0   :   0e;
	27e1   :   0d;
	27e2   :   0e;
	27e3   :   0f;
	27e4   :   13;
	27e5   :   00;
	27e6   :   00;
	27e7   :   00;
	27e8   :   0d;
	27e9   :   0e;
	27ea   :   0e;
	27eb   :   0e;
	27ec   :   13;
	27ed   :   00;
	27ee   :   00;
	27ef   :   00;
	27f0   :   17;
	27f1   :   0e;
	27f2   :   0e;
	27f3   :   0f;
	27f4   :   13;
	27f5   :   00;
	27f6   :   00;
	27f7   :   00;
	27f8   :   0e;
	27f9   :   0e;
	27fa   :   17;
	27fb   :   17;
	27fc   :   13;
	27fd   :   00;
	27fe   :   00;
	27ff   :   00;
	2800   :   01;
	2801   :   01;
	2802   :   01;
	2803   :   01;
	2804   :   13;
	2805   :   00;
	2806   :   00;
	2807   :   00;
	2808   :   01;
	2809   :   01;
	280a   :   01;
	280b   :   01;
	280c   :   13;
	280d   :   00;
	280e   :   00;
	280f   :   00;
	2810   :   01;
	2811   :   01;
	2812   :   01;
	2813   :   01;
	2814   :   13;
	2815   :   00;
	2816   :   00;
	2817   :   00;
	2818   :   01;
	2819   :   01;
	281a   :   09;
	281b   :   01;
	281c   :   13;
	281d   :   00;
	281e   :   00;
	281f   :   00;
	2820   :   01;
	2821   :   01;
	2822   :   01;
	2823   :   01;
	2824   :   13;
	2825   :   00;
	2826   :   00;
	2827   :   00;
	2828   :   01;
	2829   :   01;
	282a   :   01;
	282b   :   0a;
	282c   :   13;
	282d   :   00;
	282e   :   00;
	282f   :   00;
	2830   :   7f;
	2831   :   66;
	2832   :   27;
	2833   :   37;
	2834   :   13;
	2835   :   00;
	2836   :   00;
	2837   :   00;
	2838   :   6f;
	2839   :   2f;
	283a   :   27;
	283b   :   6f;
	283c   :   13;
	283d   :   00;
	283e   :   00;
	283f   :   00;
	2840   :   77;
	2841   :   77;
	2842   :   77;
	2843   :   2f;
	2844   :   13;
	2845   :   00;
	2846   :   00;
	2847   :   00;
	2848   :   6e;
	2849   :   77;
	284a   :   77;
	284b   :   77;
	284c   :   13;
	284d   :   00;
	284e   :   00;
	284f   :   00;
	2850   :   77;
	2851   :   77;
	2852   :   bf;
	2853   :   bf;
	2854   :   13;
	2855   :   00;
	2856   :   00;
	2857   :   00;
	2858   :   6f;
	2859   :   27;
	285a   :   27;
	285b   :   26;
	285c   :   13;
	285d   :   00;
	285e   :   00;
	285f   :   00;
	2860   :   26;
	2861   :   1f;
	2862   :   1e;
	2863   :   17;
	2864   :   13;
	2865   :   00;
	2866   :   00;
	2867   :   00;
	2868   :   17;
	2869   :   56;
	286a   :   0c;
	286b   :   0d;
	286c   :   13;
	286d   :   00;
	286e   :   00;
	286f   :   00;
	2870   :   1f;
	2871   :   6f;
	2872   :   bf;
	2873   :   6e;
	2874   :   13;
	2875   :   00;
	2876   :   00;
	2877   :   00;
	2878   :   13;
	2879   :   5b;
	287a   :   9a;
	287b   :   9a;
	287c   :   13;
	287d   :   00;
	287e   :   00;
	287f   :   00;
	2880   :   52;
	2881   :   52;
	2882   :   9b;
	2883   :   9b;
	2884   :   13;
	2885   :   00;
	2886   :   00;
	2887   :   00;
	2888   :   a4;
	2889   :   6e;
	288a   :   2f;
	288b   :   26;
	288c   :   13;
	288d   :   00;
	288e   :   00;
	288f   :   00;
	2890   :   1f;
	2891   :   17;
	2892   :   16;
	2893   :   15;
	2894   :   13;
	2895   :   00;
	2896   :   00;
	2897   :   00;
	2898   :   13;
	2899   :   0c;
	289a   :   16;
	289b   :   17;
	289c   :   13;
	289d   :   00;
	289e   :   00;
	289f   :   00;
	28a0   :   1e;
	28a1   :   1f;
	28a2   :   1f;
	28a3   :   27;
	28a4   :   13;
	28a5   :   00;
	28a6   :   00;
	28a7   :   00;
	28a8   :   6f;
	28a9   :   77;
	28aa   :   7f;
	28ab   :   77;
	28ac   :   13;
	28ad   :   00;
	28ae   :   00;
	28af   :   00;
	28b0   :   6f;
	28b1   :   6f;
	28b2   :   6e;
	28b3   :   77;
	28b4   :   13;
	28b5   :   00;
	28b6   :   00;
	28b7   :   00;
	28b8   :   7f;
	28b9   :   77;
	28ba   :   67;
	28bb   :   17;
	28bc   :   13;
	28bd   :   00;
	28be   :   00;
	28bf   :   00;
	28c0   :   0e;
	28c1   :   0c;
	28c2   :   13;
	28c3   :   13;
	28c4   :   13;
	28c5   :   00;
	28c6   :   00;
	28c7   :   00;
	28c8   :   0b;
	28c9   :   14;
	28ca   :   15;
	28cb   :   16;
	28cc   :   13;
	28cd   :   00;
	28ce   :   00;
	28cf   :   00;
	28d0   :   16;
	28d1   :   1f;
	28d2   :   27;
	28d3   :   27;
	28d4   :   13;
	28d5   :   00;
	28d6   :   00;
	28d7   :   00;
	28d8   :   27;
	28d9   :   2f;
	28da   :   77;
	28db   :   b7;
	28dc   :   13;
	28dd   :   00;
	28de   :   00;
	28df   :   00;
	28e0   :   7f;
	28e1   :   77;
	28e2   :   0d;
	28e3   :   16;
	28e4   :   13;
	28e5   :   00;
	28e6   :   00;
	28e7   :   00;
	28e8   :   1e;
	28e9   :   1f;
	28ea   :   77;
	28eb   :   77;
	28ec   :   13;
	28ed   :   00;
	28ee   :   00;
	28ef   :   00;
	28f0   :   77;
	28f1   :   1e;
	28f2   :   1f;
	28f3   :   1f;
	28f4   :   13;
	28f5   :   00;
	28f6   :   00;
	28f7   :   00;
	28f8   :   67;
	28f9   :   7f;
	28fa   :   2f;
	28fb   :   27;
	28fc   :   13;
	28fd   :   00;
	28fe   :   00;
	28ff   :   00;
	2900   :   26;
	2901   :   26;
	2902   :   26;
	2903   :   1e;
	2904   :   13;
	2905   :   00;
	2906   :   00;
	2907   :   00;
	2908   :   6f;
	2909   :   7f;
	290a   :   14;
	290b   :   0a;
	290c   :   13;
	290d   :   00;
	290e   :   00;
	290f   :   00;
	2910   :   0b;
	2911   :   0b;
	2912   :   0b;
	2913   :   0e;
	2914   :   13;
	2915   :   00;
	2916   :   00;
	2917   :   00;
	2918   :   0e;
	2919   :   0e;
	291a   :   0f;
	291b   :   0f;
	291c   :   13;
	291d   :   00;
	291e   :   00;
	291f   :   00;
	2920   :   0d;
	2921   :   0e;
	2922   :   17;
	2923   :   0e;
	2924   :   13;
	2925   :   00;
	2926   :   00;
	2927   :   00;
	2928   :   0d;
	2929   :   0f;
	292a   :   0e;
	292b   :   17;
	292c   :   13;
	292d   :   00;
	292e   :   00;
	292f   :   00;
	2930   :   0f;
	2931   :   0e;
	2932   :   0f;
	2933   :   0e;
	2934   :   13;
	2935   :   00;
	2936   :   00;
	2937   :   00;
	2938   :   0e;
	2939   :   0f;
	293a   :   17;
	293b   :   0e;
	293c   :   13;
	293d   :   00;
	293e   :   00;
	293f   :   00;
	2940   :   01;
	2941   :   01;
	2942   :   01;
	2943   :   01;
	2944   :   13;
	2945   :   00;
	2946   :   00;
	2947   :   00;
	2948   :   09;
	2949   :   01;
	294a   :   01;
	294b   :   01;
	294c   :   13;
	294d   :   00;
	294e   :   00;
	294f   :   00;
	2950   :   01;
	2951   :   01;
	2952   :   01;
	2953   :   01;
	2954   :   13;
	2955   :   00;
	2956   :   00;
	2957   :   00;
	2958   :   09;
	2959   :   09;
	295a   :   09;
	295b   :   09;
	295c   :   13;
	295d   :   00;
	295e   :   00;
	295f   :   00;
	2960   :   01;
	2961   :   09;
	2962   :   09;
	2963   :   09;
	2964   :   13;
	2965   :   00;
	2966   :   00;
	2967   :   00;
	2968   :   01;
	2969   :   09;
	296a   :   01;
	296b   :   0a;
	296c   :   13;
	296d   :   00;
	296e   :   00;
	296f   :   00;
	2970   :   7f;
	2971   :   66;
	2972   :   26;
	2973   :   6f;
	2974   :   13;
	2975   :   00;
	2976   :   00;
	2977   :   00;
	2978   :   77;
	2979   :   6f;
	297a   :   27;
	297b   :   6f;
	297c   :   13;
	297d   :   00;
	297e   :   00;
	297f   :   00;
	2980   :   6f;
	2981   :   6f;
	2982   :   6f;
	2983   :   77;
	2984   :   13;
	2985   :   00;
	2986   :   00;
	2987   :   00;
	2988   :   77;
	2989   :   77;
	298a   :   77;
	298b   :   b7;
	298c   :   13;
	298d   :   00;
	298e   :   00;
	298f   :   00;
	2990   :   bf;
	2991   :   bf;
	2992   :   6f;
	2993   :   27;
	2994   :   13;
	2995   :   00;
	2996   :   00;
	2997   :   00;
	2998   :   27;
	2999   :   27;
	299a   :   26;
	299b   :   1e;
	299c   :   13;
	299d   :   00;
	299e   :   00;
	299f   :   00;
	29a0   :   1e;
	29a1   :   17;
	29a2   :   16;
	29a3   :   0d;
	29a4   :   13;
	29a5   :   00;
	29a6   :   00;
	29a7   :   00;
	29a8   :   0c;
	29a9   :   0b;
	29aa   :   0a;
	29ab   :   0a;
	29ac   :   13;
	29ad   :   00;
	29ae   :   00;
	29af   :   00;
	29b0   :   0b;
	29b1   :   16;
	29b2   :   5d;
	29b3   :   52;
	29b4   :   13;
	29b5   :   00;
	29b6   :   00;
	29b7   :   00;
	29b8   :   49;
	29b9   :   01;
	29ba   :   09;
	29bb   :   49;
	29bc   :   13;
	29bd   :   00;
	29be   :   00;
	29bf   :   00;
	29c0   :   51;
	29c1   :   49;
	29c2   :   52;
	29c3   :   4a;
	29c4   :   13;
	29c5   :   00;
	29c6   :   00;
	29c7   :   00;
	29c8   :   52;
	29c9   :   51;
	29ca   :   64;
	29cb   :   17;
	29cc   :   13;
	29cd   :   00;
	29ce   :   00;
	29cf   :   00;
	29d0   :   16;
	29d1   :   15;
	29d2   :   14;
	29d3   :   13;
	29d4   :   13;
	29d5   :   00;
	29d6   :   00;
	29d7   :   00;
	29d8   :   13;
	29d9   :   13;
	29da   :   13;
	29db   :   15;
	29dc   :   13;
	29dd   :   00;
	29de   :   00;
	29df   :   00;
	29e0   :   16;
	29e1   :   16;
	29e2   :   1f;
	29e3   :   27;
	29e4   :   13;
	29e5   :   00;
	29e6   :   00;
	29e7   :   00;
	29e8   :   27;
	29e9   :   26;
	29ea   :   6f;
	29eb   :   77;
	29ec   :   13;
	29ed   :   00;
	29ee   :   00;
	29ef   :   00;
	29f0   :   bf;
	29f1   :   77;
	29f2   :   77;
	29f3   :   bf;
	29f4   :   13;
	29f5   :   00;
	29f6   :   00;
	29f7   :   00;
	29f8   :   67;
	29f9   :   17;
	29fa   :   0e;
	29fb   :   15;
	29fc   :   13;
	29fd   :   00;
	29fe   :   00;
	29ff   :   00;
	2a00   :   14;
	2a01   :   14;
	2a02   :   14;
	2a03   :   14;
	2a04   :   13;
	2a05   :   00;
	2a06   :   00;
	2a07   :   00;
	2a08   :   14;
	2a09   :   14;
	2a0a   :   14;
	2a0b   :   14;
	2a0c   :   13;
	2a0d   :   00;
	2a0e   :   00;
	2a0f   :   00;
	2a10   :   15;
	2a11   :   16;
	2a12   :   17;
	2a13   :   1f;
	2a14   :   13;
	2a15   :   00;
	2a16   :   00;
	2a17   :   00;
	2a18   :   27;
	2a19   :   27;
	2a1a   :   27;
	2a1b   :   26;
	2a1c   :   13;
	2a1d   :   00;
	2a1e   :   00;
	2a1f   :   00;
	2a20   :   6f;
	2a21   :   b7;
	2a22   :   16;
	2a23   :   1f;
	2a24   :   13;
	2a25   :   00;
	2a26   :   00;
	2a27   :   00;
	2a28   :   1f;
	2a29   :   27;
	2a2a   :   6f;
	2a2b   :   7f;
	2a2c   :   13;
	2a2d   :   00;
	2a2e   :   00;
	2a2f   :   00;
	2a30   :   77;
	2a31   :   1e;
	2a32   :   27;
	2a33   :   27;
	2a34   :   13;
	2a35   :   00;
	2a36   :   00;
	2a37   :   00;
	2a38   :   6f;
	2a39   :   7f;
	2a3a   :   77;
	2a3b   :   2f;
	2a3c   :   13;
	2a3d   :   00;
	2a3e   :   00;
	2a3f   :   00;
	2a40   :   2f;
	2a41   :   27;
	2a42   :   26;
	2a43   :   27;
	2a44   :   13;
	2a45   :   00;
	2a46   :   00;
	2a47   :   00;
	2a48   :   6f;
	2a49   :   7f;
	2a4a   :   1c;
	2a4b   :   0b;
	2a4c   :   13;
	2a4d   :   00;
	2a4e   :   00;
	2a4f   :   00;
	2a50   :   13;
	2a51   :   13;
	2a52   :   0d;
	2a53   :   0e;
	2a54   :   13;
	2a55   :   00;
	2a56   :   00;
	2a57   :   00;
	2a58   :   0e;
	2a59   :   0f;
	2a5a   :   0f;
	2a5b   :   0e;
	2a5c   :   13;
	2a5d   :   00;
	2a5e   :   00;
	2a5f   :   00;
	2a60   :   0e;
	2a61   :   17;
	2a62   :   0f;
	2a63   :   0e;
	2a64   :   13;
	2a65   :   00;
	2a66   :   00;
	2a67   :   00;
	2a68   :   0e;
	2a69   :   0f;
	2a6a   :   0f;
	2a6b   :   0f;
	2a6c   :   13;
	2a6d   :   00;
	2a6e   :   00;
	2a6f   :   00;
	2a70   :   0f;
	2a71   :   17;
	2a72   :   0e;
	2a73   :   0e;
	2a74   :   13;
	2a75   :   00;
	2a76   :   00;
	2a77   :   00;
	2a78   :   17;
	2a79   :   17;
	2a7a   :   0e;
	2a7b   :   0d;
	2a7c   :   13;
	2a7d   :   00;
	2a7e   :   00;
	2a7f   :   00;
	2a80   :   09;
	2a81   :   09;
	2a82   :   09;
	2a83   :   09;
	2a84   :   13;
	2a85   :   00;
	2a86   :   00;
	2a87   :   00;
	2a88   :   09;
	2a89   :   09;
	2a8a   :   09;
	2a8b   :   09;
	2a8c   :   13;
	2a8d   :   00;
	2a8e   :   00;
	2a8f   :   00;
	2a90   :   09;
	2a91   :   01;
	2a92   :   09;
	2a93   :   09;
	2a94   :   13;
	2a95   :   00;
	2a96   :   00;
	2a97   :   00;
	2a98   :   09;
	2a99   :   09;
	2a9a   :   0a;
	2a9b   :   0a;
	2a9c   :   13;
	2a9d   :   00;
	2a9e   :   00;
	2a9f   :   00;
	2aa0   :   0a;
	2aa1   :   0a;
	2aa2   :   09;
	2aa3   :   09;
	2aa4   :   13;
	2aa5   :   00;
	2aa6   :   00;
	2aa7   :   00;
	2aa8   :   09;
	2aa9   :   09;
	2aaa   :   01;
	2aab   :   12;
	2aac   :   13;
	2aad   :   00;
	2aae   :   00;
	2aaf   :   00;
	2ab0   :   7f;
	2ab1   :   6f;
	2ab2   :   2f;
	2ab3   :   2f;
	2ab4   :   13;
	2ab5   :   00;
	2ab6   :   00;
	2ab7   :   00;
	2ab8   :   6f;
	2ab9   :   6f;
	2aba   :   2f;
	2abb   :   6f;
	2abc   :   13;
	2abd   :   00;
	2abe   :   00;
	2abf   :   00;
	2ac0   :   77;
	2ac1   :   77;
	2ac2   :   77;
	2ac3   :   2f;
	2ac4   :   13;
	2ac5   :   00;
	2ac6   :   00;
	2ac7   :   00;
	2ac8   :   6f;
	2ac9   :   b7;
	2aca   :   bf;
	2acb   :   b7;
	2acc   :   13;
	2acd   :   00;
	2ace   :   00;
	2acf   :   00;
	2ad0   :   6f;
	2ad1   :   27;
	2ad2   :   27;
	2ad3   :   2f;
	2ad4   :   13;
	2ad5   :   00;
	2ad6   :   00;
	2ad7   :   00;
	2ad8   :   27;
	2ad9   :   1e;
	2ada   :   1f;
	2adb   :   17;
	2adc   :   13;
	2add   :   00;
	2ade   :   00;
	2adf   :   00;
	2ae0   :   0f;
	2ae1   :   16;
	2ae2   :   14;
	2ae3   :   13;
	2ae4   :   13;
	2ae5   :   00;
	2ae6   :   00;
	2ae7   :   00;
	2ae8   :   13;
	2ae9   :   13;
	2aea   :   13;
	2aeb   :   13;
	2aec   :   13;
	2aed   :   00;
	2aee   :   00;
	2aef   :   00;
	2af0   :   12;
	2af1   :   12;
	2af2   :   4a;
	2af3   :   49;
	2af4   :   13;
	2af5   :   00;
	2af6   :   00;
	2af7   :   00;
	2af8   :   49;
	2af9   :   49;
	2afa   :   09;
	2afb   :   09;
	2afc   :   13;
	2afd   :   00;
	2afe   :   00;
	2aff   :   00;
	2b00   :   09;
	2b01   :   12;
	2b02   :   52;
	2b03   :   52;
	2b04   :   13;
	2b05   :   00;
	2b06   :   00;
	2b07   :   00;
	2b08   :   52;
	2b09   :   52;
	2b0a   :   5a;
	2b0b   :   55;
	2b0c   :   13;
	2b0d   :   00;
	2b0e   :   00;
	2b0f   :   00;
	2b10   :   14;
	2b11   :   13;
	2b12   :   14;
	2b13   :   14;
	2b14   :   13;
	2b15   :   00;
	2b16   :   00;
	2b17   :   00;
	2b18   :   14;
	2b19   :   14;
	2b1a   :   14;
	2b1b   :   14;
	2b1c   :   13;
	2b1d   :   00;
	2b1e   :   00;
	2b1f   :   00;
	2b20   :   14;
	2b21   :   15;
	2b22   :   16;
	2b23   :   17;
	2b24   :   13;
	2b25   :   00;
	2b26   :   00;
	2b27   :   00;
	2b28   :   17;
	2b29   :   1f;
	2b2a   :   1f;
	2b2b   :   27;
	2b2c   :   13;
	2b2d   :   00;
	2b2e   :   00;
	2b2f   :   00;
	2b30   :   67;
	2b31   :   77;
	2b32   :   67;
	2b33   :   17;
	2b34   :   13;
	2b35   :   00;
	2b36   :   00;
	2b37   :   00;
	2b38   :   0e;
	2b39   :   15;
	2b3a   :   14;
	2b3b   :   14;
	2b3c   :   13;
	2b3d   :   00;
	2b3e   :   00;
	2b3f   :   00;
	2b40   :   14;
	2b41   :   14;
	2b42   :   15;
	2b43   :   15;
	2b44   :   13;
	2b45   :   00;
	2b46   :   00;
	2b47   :   00;
	2b48   :   15;
	2b49   :   15;
	2b4a   :   15;
	2b4b   :   15;
	2b4c   :   13;
	2b4d   :   00;
	2b4e   :   00;
	2b4f   :   00;
	2b50   :   15;
	2b51   :   14;
	2b52   :   15;
	2b53   :   16;
	2b54   :   13;
	2b55   :   00;
	2b56   :   00;
	2b57   :   00;
	2b58   :   16;
	2b59   :   1e;
	2b5a   :   1e;
	2b5b   :   1f;
	2b5c   :   13;
	2b5d   :   00;
	2b5e   :   00;
	2b5f   :   00;
	2b60   :   1e;
	2b61   :   5d;
	2b62   :   15;
	2b63   :   16;
	2b64   :   13;
	2b65   :   00;
	2b66   :   00;
	2b67   :   00;
	2b68   :   1e;
	2b69   :   1e;
	2b6a   :   1f;
	2b6b   :   7f;
	2b6c   :   13;
	2b6d   :   00;
	2b6e   :   00;
	2b6f   :   00;
	2b70   :   27;
	2b71   :   1e;
	2b72   :   27;
	2b73   :   27;
	2b74   :   13;
	2b75   :   00;
	2b76   :   00;
	2b77   :   00;
	2b78   :   6f;
	2b79   :   7f;
	2b7a   :   6f;
	2b7b   :   6f;
	2b7c   :   13;
	2b7d   :   00;
	2b7e   :   00;
	2b7f   :   00;
	2b80   :   6f;
	2b81   :   26;
	2b82   :   26;
	2b83   :   26;
	2b84   :   13;
	2b85   :   00;
	2b86   :   00;
	2b87   :   00;
	2b88   :   6f;
	2b89   :   7f;
	2b8a   :   1c;
	2b8b   :   13;
	2b8c   :   13;
	2b8d   :   00;
	2b8e   :   00;
	2b8f   :   00;
	2b90   :   13;
	2b91   :   14;
	2b92   :   0e;
	2b93   :   0d;
	2b94   :   13;
	2b95   :   00;
	2b96   :   00;
	2b97   :   00;
	2b98   :   0e;
	2b99   :   0f;
	2b9a   :   0d;
	2b9b   :   0e;
	2b9c   :   13;
	2b9d   :   00;
	2b9e   :   00;
	2b9f   :   00;
	2ba0   :   0f;
	2ba1   :   17;
	2ba2   :   0e;
	2ba3   :   0e;
	2ba4   :   13;
	2ba5   :   00;
	2ba6   :   00;
	2ba7   :   00;
	2ba8   :   0f;
	2ba9   :   0f;
	2baa   :   17;
	2bab   :   0f;
	2bac   :   13;
	2bad   :   00;
	2bae   :   00;
	2baf   :   00;
	2bb0   :   17;
	2bb1   :   0e;
	2bb2   :   16;
	2bb3   :   17;
	2bb4   :   13;
	2bb5   :   00;
	2bb6   :   00;
	2bb7   :   00;
	2bb8   :   17;
	2bb9   :   0e;
	2bba   :   0e;
	2bbb   :   0e;
	2bbc   :   13;
	2bbd   :   00;
	2bbe   :   00;
	2bbf   :   00;
	2bc0   :   09;
	2bc1   :   09;
	2bc2   :   09;
	2bc3   :   09;
	2bc4   :   13;
	2bc5   :   00;
	2bc6   :   00;
	2bc7   :   00;
	2bc8   :   09;
	2bc9   :   09;
	2bca   :   09;
	2bcb   :   09;
	2bcc   :   13;
	2bcd   :   00;
	2bce   :   00;
	2bcf   :   00;
	2bd0   :   09;
	2bd1   :   09;
	2bd2   :   09;
	2bd3   :   09;
	2bd4   :   13;
	2bd5   :   00;
	2bd6   :   00;
	2bd7   :   00;
	2bd8   :   09;
	2bd9   :   0a;
	2bda   :   0a;
	2bdb   :   0a;
	2bdc   :   13;
	2bdd   :   00;
	2bde   :   00;
	2bdf   :   00;
	2be0   :   0a;
	2be1   :   0a;
	2be2   :   0a;
	2be3   :   0a;
	2be4   :   13;
	2be5   :   00;
	2be6   :   00;
	2be7   :   00;
	2be8   :   0a;
	2be9   :   0a;
	2bea   :   01;
	2beb   :   13;
	2bec   :   13;
	2bed   :   00;
	2bee   :   00;
	2bef   :   00;
	2bf0   :   7f;
	2bf1   :   6f;
	2bf2   :   2f;
	2bf3   :   6f;
	2bf4   :   13;
	2bf5   :   00;
	2bf6   :   00;
	2bf7   :   00;
	2bf8   :   2f;
	2bf9   :   2f;
	2bfa   :   6f;
	2bfb   :   77;
	2bfc   :   13;
	2bfd   :   00;
	2bfe   :   00;
	2bff   :   00;
	2c00   :   77;
	2c01   :   77;
	2c02   :   6e;
	2c03   :   77;
	2c04   :   13;
	2c05   :   00;
	2c06   :   00;
	2c07   :   00;
	2c08   :   bf;
	2c09   :   b7;
	2c0a   :   6f;
	2c0b   :   27;
	2c0c   :   13;
	2c0d   :   00;
	2c0e   :   00;
	2c0f   :   00;
	2c10   :   26;
	2c11   :   26;
	2c12   :   27;
	2c13   :   27;
	2c14   :   13;
	2c15   :   00;
	2c16   :   00;
	2c17   :   00;
	2c18   :   1e;
	2c19   :   16;
	2c1a   :   0f;
	2c1b   :   0d;
	2c1c   :   13;
	2c1d   :   00;
	2c1e   :   00;
	2c1f   :   00;
	2c20   :   0c;
	2c21   :   13;
	2c22   :   13;
	2c23   :   13;
	2c24   :   13;
	2c25   :   00;
	2c26   :   00;
	2c27   :   00;
	2c28   :   13;
	2c29   :   13;
	2c2a   :   13;
	2c2b   :   13;
	2c2c   :   13;
	2c2d   :   00;
	2c2e   :   00;
	2c2f   :   00;
	2c30   :   13;
	2c31   :   13;
	2c32   :   49;
	2c33   :   08;
	2c34   :   13;
	2c35   :   00;
	2c36   :   00;
	2c37   :   00;
	2c38   :   00;
	2c39   :   09;
	2c3a   :   09;
	2c3b   :   00;
	2c3c   :   13;
	2c3d   :   00;
	2c3e   :   00;
	2c3f   :   00;
	2c40   :   00;
	2c41   :   09;
	2c42   :   11;
	2c43   :   52;
	2c44   :   13;
	2c45   :   00;
	2c46   :   00;
	2c47   :   00;
	2c48   :   52;
	2c49   :   52;
	2c4a   :   52;
	2c4b   :   a2;
	2c4c   :   13;
	2c4d   :   00;
	2c4e   :   00;
	2c4f   :   00;
	2c50   :   13;
	2c51   :   14;
	2c52   :   1b;
	2c53   :   1b;
	2c54   :   13;
	2c55   :   00;
	2c56   :   00;
	2c57   :   00;
	2c58   :   1b;
	2c59   :   1c;
	2c5a   :   1d;
	2c5b   :   15;
	2c5c   :   13;
	2c5d   :   00;
	2c5e   :   00;
	2c5f   :   00;
	2c60   :   15;
	2c61   :   15;
	2c62   :   15;
	2c63   :   15;
	2c64   :   13;
	2c65   :   00;
	2c66   :   00;
	2c67   :   00;
	2c68   :   16;
	2c69   :   16;
	2c6a   :   16;
	2c6b   :   1f;
	2c6c   :   13;
	2c6d   :   00;
	2c6e   :   00;
	2c6f   :   00;
	2c70   :   1f;
	2c71   :   0e;
	2c72   :   0e;
	2c73   :   15;
	2c74   :   13;
	2c75   :   00;
	2c76   :   00;
	2c77   :   00;
	2c78   :   14;
	2c79   :   15;
	2c7a   :   15;
	2c7b   :   15;
	2c7c   :   13;
	2c7d   :   00;
	2c7e   :   00;
	2c7f   :   00;
	2c80   :   15;
	2c81   :   15;
	2c82   :   15;
	2c83   :   15;
	2c84   :   13;
	2c85   :   00;
	2c86   :   00;
	2c87   :   00;
	2c88   :   15;
	2c89   :   15;
	2c8a   :   15;
	2c8b   :   15;
	2c8c   :   13;
	2c8d   :   00;
	2c8e   :   00;
	2c8f   :   00;
	2c90   :   15;
	2c91   :   15;
	2c92   :   15;
	2c93   :   14;
	2c94   :   13;
	2c95   :   00;
	2c96   :   00;
	2c97   :   00;
	2c98   :   15;
	2c99   :   16;
	2c9a   :   16;
	2c9b   :   1d;
	2c9c   :   13;
	2c9d   :   00;
	2c9e   :   00;
	2c9f   :   00;
	2ca0   :   14;
	2ca1   :   1d;
	2ca2   :   1e;
	2ca3   :   1e;
	2ca4   :   13;
	2ca5   :   00;
	2ca6   :   00;
	2ca7   :   00;
	2ca8   :   1f;
	2ca9   :   1f;
	2caa   :   1f;
	2cab   :   66;
	2cac   :   13;
	2cad   :   00;
	2cae   :   00;
	2caf   :   00;
	2cb0   :   27;
	2cb1   :   27;
	2cb2   :   26;
	2cb3   :   26;
	2cb4   :   13;
	2cb5   :   00;
	2cb6   :   00;
	2cb7   :   00;
	2cb8   :   6f;
	2cb9   :   7f;
	2cba   :   6f;
	2cbb   :   67;
	2cbc   :   13;
	2cbd   :   00;
	2cbe   :   00;
	2cbf   :   00;
	2cc0   :   6f;
	2cc1   :   2f;
	2cc2   :   27;
	2cc3   :   1e;
	2cc4   :   13;
	2cc5   :   00;
	2cc6   :   00;
	2cc7   :   00;
	2cc8   :   6f;
	2cc9   :   7f;
	2cca   :   1d;
	2ccb   :   13;
	2ccc   :   13;
	2ccd   :   00;
	2cce   :   00;
	2ccf   :   00;
	2cd0   :   14;
	2cd1   :   16;
	2cd2   :   0d;
	2cd3   :   0e;
	2cd4   :   13;
	2cd5   :   00;
	2cd6   :   00;
	2cd7   :   00;
	2cd8   :   0f;
	2cd9   :   0d;
	2cda   :   0e;
	2cdb   :   17;
	2cdc   :   13;
	2cdd   :   00;
	2cde   :   00;
	2cdf   :   00;
	2ce0   :   17;
	2ce1   :   0e;
	2ce2   :   0d;
	2ce3   :   17;
	2ce4   :   13;
	2ce5   :   00;
	2ce6   :   00;
	2ce7   :   00;
	2ce8   :   0f;
	2ce9   :   17;
	2cea   :   17;
	2ceb   :   17;
	2cec   :   13;
	2ced   :   00;
	2cee   :   00;
	2cef   :   00;
	2cf0   :   0e;
	2cf1   :   17;
	2cf2   :   17;
	2cf3   :   16;
	2cf4   :   13;
	2cf5   :   00;
	2cf6   :   00;
	2cf7   :   00;
	2cf8   :   0e;
	2cf9   :   0e;
	2cfa   :   0e;
	2cfb   :   0e;
	2cfc   :   13;
	2cfd   :   00;
	2cfe   :   00;
	2cff   :   00;
	2d00   :   0a;
	2d01   :   0a;
	2d02   :   0a;
	2d03   :   0a;
	2d04   :   13;
	2d05   :   00;
	2d06   :   00;
	2d07   :   00;
	2d08   :   0a;
	2d09   :   0a;
	2d0a   :   0a;
	2d0b   :   0a;
	2d0c   :   13;
	2d0d   :   00;
	2d0e   :   00;
	2d0f   :   00;
	2d10   :   0a;
	2d11   :   0a;
	2d12   :   0a;
	2d13   :   09;
	2d14   :   13;
	2d15   :   00;
	2d16   :   00;
	2d17   :   00;
	2d18   :   0a;
	2d19   :   0a;
	2d1a   :   0a;
	2d1b   :   0a;
	2d1c   :   13;
	2d1d   :   00;
	2d1e   :   00;
	2d1f   :   00;
	2d20   :   0a;
	2d21   :   0a;
	2d22   :   0a;
	2d23   :   0a;
	2d24   :   13;
	2d25   :   00;
	2d26   :   00;
	2d27   :   00;
	2d28   :   0a;
	2d29   :   0a;
	2d2a   :   0a;
	2d2b   :   13;
	2d2c   :   13;
	2d2d   :   00;
	2d2e   :   00;
	2d2f   :   00;
	2d30   :   7f;
	2d31   :   6f;
	2d32   :   6f;
	2d33   :   77;
	2d34   :   13;
	2d35   :   00;
	2d36   :   00;
	2d37   :   00;
	2d38   :   6e;
	2d39   :   2f;
	2d3a   :   77;
	2d3b   :   77;
	2d3c   :   13;
	2d3d   :   00;
	2d3e   :   00;
	2d3f   :   00;
	2d40   :   6f;
	2d41   :   77;
	2d42   :   bf;
	2d43   :   bf;
	2d44   :   13;
	2d45   :   00;
	2d46   :   00;
	2d47   :   00;
	2d48   :   6f;
	2d49   :   2f;
	2d4a   :   2f;
	2d4b   :   27;
	2d4c   :   13;
	2d4d   :   00;
	2d4e   :   00;
	2d4f   :   00;
	2d50   :   27;
	2d51   :   27;
	2d52   :   1f;
	2d53   :   17;
	2d54   :   13;
	2d55   :   00;
	2d56   :   00;
	2d57   :   00;
	2d58   :   17;
	2d59   :   16;
	2d5a   :   14;
	2d5b   :   13;
	2d5c   :   13;
	2d5d   :   00;
	2d5e   :   00;
	2d5f   :   00;
	2d60   :   13;
	2d61   :   13;
	2d62   :   13;
	2d63   :   14;
	2d64   :   13;
	2d65   :   00;
	2d66   :   00;
	2d67   :   00;
	2d68   :   14;
	2d69   :   14;
	2d6a   :   14;
	2d6b   :   14;
	2d6c   :   13;
	2d6d   :   00;
	2d6e   :   00;
	2d6f   :   00;
	2d70   :   14;
	2d71   :   13;
	2d72   :   51;
	2d73   :   09;
	2d74   :   13;
	2d75   :   00;
	2d76   :   00;
	2d77   :   00;
	2d78   :   00;
	2d79   :   00;
	2d7a   :   49;
	2d7b   :   08;
	2d7c   :   13;
	2d7d   :   00;
	2d7e   :   00;
	2d7f   :   00;
	2d80   :   08;
	2d81   :   09;
	2d82   :   09;
	2d83   :   0a;
	2d84   :   13;
	2d85   :   00;
	2d86   :   00;
	2d87   :   00;
	2d88   :   52;
	2d89   :   52;
	2d8a   :   52;
	2d8b   :   51;
	2d8c   :   13;
	2d8d   :   00;
	2d8e   :   00;
	2d8f   :   00;
	2d90   :   59;
	2d91   :   20;
	2d92   :   58;
	2d93   :   18;
	2d94   :   13;
	2d95   :   00;
	2d96   :   00;
	2d97   :   00;
	2d98   :   60;
	2d99   :   60;
	2d9a   :   69;
	2d9b   :   63;
	2d9c   :   13;
	2d9d   :   00;
	2d9e   :   00;
	2d9f   :   00;
	2da0   :   1c;
	2da1   :   15;
	2da2   :   15;
	2da3   :   1d;
	2da4   :   13;
	2da5   :   00;
	2da6   :   00;
	2da7   :   00;
	2da8   :   15;
	2da9   :   15;
	2daa   :   15;
	2dab   :   15;
	2dac   :   13;
	2dad   :   00;
	2dae   :   00;
	2daf   :   00;
	2db0   :   15;
	2db1   :   15;
	2db2   :   1d;
	2db3   :   1d;
	2db4   :   13;
	2db5   :   00;
	2db6   :   00;
	2db7   :   00;
	2db8   :   15;
	2db9   :   15;
	2dba   :   15;
	2dbb   :   15;
	2dbc   :   13;
	2dbd   :   00;
	2dbe   :   00;
	2dbf   :   00;
	2dc0   :   15;
	2dc1   :   15;
	2dc2   :   16;
	2dc3   :   16;
	2dc4   :   13;
	2dc5   :   00;
	2dc6   :   00;
	2dc7   :   00;
	2dc8   :   1e;
	2dc9   :   15;
	2dca   :   15;
	2dcb   :   15;
	2dcc   :   13;
	2dcd   :   00;
	2dce   :   00;
	2dcf   :   00;
	2dd0   :   15;
	2dd1   :   15;
	2dd2   :   15;
	2dd3   :   15;
	2dd4   :   13;
	2dd5   :   00;
	2dd6   :   00;
	2dd7   :   00;
	2dd8   :   1d;
	2dd9   :   15;
	2dda   :   15;
	2ddb   :   15;
	2ddc   :   13;
	2ddd   :   00;
	2dde   :   00;
	2ddf   :   00;
	2de0   :   15;
	2de1   :   15;
	2de2   :   5e;
	2de3   :   1e;
	2de4   :   13;
	2de5   :   00;
	2de6   :   00;
	2de7   :   00;
	2de8   :   27;
	2de9   :   1e;
	2dea   :   1d;
	2deb   :   14;
	2dec   :   13;
	2ded   :   00;
	2dee   :   00;
	2def   :   00;
	2df0   :   1e;
	2df1   :   27;
	2df2   :   27;
	2df3   :   26;
	2df4   :   13;
	2df5   :   00;
	2df6   :   00;
	2df7   :   00;
	2df8   :   6f;
	2df9   :   7f;
	2dfa   :   6f;
	2dfb   :   27;
	2dfc   :   13;
	2dfd   :   00;
	2dfe   :   00;
	2dff   :   00;
	2e00   :   2f;
	2e01   :   2f;
	2e02   :   27;
	2e03   :   26;
	2e04   :   13;
	2e05   :   00;
	2e06   :   00;
	2e07   :   00;
	2e08   :   6e;
	2e09   :   7f;
	2e0a   :   1d;
	2e0b   :   14;
	2e0c   :   13;
	2e0d   :   00;
	2e0e   :   00;
	2e0f   :   00;
	2e10   :   16;
	2e11   :   0d;
	2e12   :   0d;
	2e13   :   0f;
	2e14   :   13;
	2e15   :   00;
	2e16   :   00;
	2e17   :   00;
	2e18   :   0f;
	2e19   :   0e;
	2e1a   :   0e;
	2e1b   :   0e;
	2e1c   :   13;
	2e1d   :   00;
	2e1e   :   00;
	2e1f   :   00;
	2e20   :   0e;
	2e21   :   0d;
	2e22   :   17;
	2e23   :   17;
	2e24   :   13;
	2e25   :   00;
	2e26   :   00;
	2e27   :   00;
	2e28   :   17;
	2e29   :   0e;
	2e2a   :   0e;
	2e2b   :   0e;
	2e2c   :   13;
	2e2d   :   00;
	2e2e   :   00;
	2e2f   :   00;
	2e30   :   0e;
	2e31   :   0e;
	2e32   :   0d;
	2e33   :   0d;
	2e34   :   13;
	2e35   :   00;
	2e36   :   00;
	2e37   :   00;
	2e38   :   0d;
	2e39   :   0d;
	2e3a   :   0e;
	2e3b   :   0f;
	2e3c   :   13;
	2e3d   :   00;
	2e3e   :   00;
	2e3f   :   00;
	2e40   :   0a;
	2e41   :   0a;
	2e42   :   0a;
	2e43   :   0a;
	2e44   :   13;
	2e45   :   00;
	2e46   :   00;
	2e47   :   00;
	2e48   :   0a;
	2e49   :   0a;
	2e4a   :   0a;
	2e4b   :   0a;
	2e4c   :   13;
	2e4d   :   00;
	2e4e   :   00;
	2e4f   :   00;
	2e50   :   0a;
	2e51   :   0a;
	2e52   :   0a;
	2e53   :   0a;
	2e54   :   13;
	2e55   :   00;
	2e56   :   00;
	2e57   :   00;
	2e58   :   0a;
	2e59   :   0a;
	2e5a   :   0a;
	2e5b   :   0a;
	2e5c   :   13;
	2e5d   :   00;
	2e5e   :   00;
	2e5f   :   00;
	2e60   :   0a;
	2e61   :   0a;
	2e62   :   0a;
	2e63   :   0a;
	2e64   :   13;
	2e65   :   00;
	2e66   :   00;
	2e67   :   00;
	2e68   :   0a;
	2e69   :   0a;
	2e6a   :   0a;
	2e6b   :   13;
	2e6c   :   13;
	2e6d   :   00;
	2e6e   :   00;
	2e6f   :   00;
	2e70   :   bf;
	2e71   :   77;
	2e72   :   77;
	2e73   :   77;
	2e74   :   13;
	2e75   :   00;
	2e76   :   00;
	2e77   :   00;
	2e78   :   77;
	2e79   :   77;
	2e7a   :   77;
	2e7b   :   77;
	2e7c   :   13;
	2e7d   :   00;
	2e7e   :   00;
	2e7f   :   00;
	2e80   :   bf;
	2e81   :   b7;
	2e82   :   6f;
	2e83   :   27;
	2e84   :   13;
	2e85   :   00;
	2e86   :   00;
	2e87   :   00;
	2e88   :   26;
	2e89   :   2f;
	2e8a   :   27;
	2e8b   :   1f;
	2e8c   :   13;
	2e8d   :   00;
	2e8e   :   00;
	2e8f   :   00;
	2e90   :   1f;
	2e91   :   16;
	2e92   :   16;
	2e93   :   0e;
	2e94   :   13;
	2e95   :   00;
	2e96   :   00;
	2e97   :   00;
	2e98   :   14;
	2e99   :   13;
	2e9a   :   13;
	2e9b   :   14;
	2e9c   :   13;
	2e9d   :   00;
	2e9e   :   00;
	2e9f   :   00;
	2ea0   :   14;
	2ea1   :   14;
	2ea2   :   14;
	2ea3   :   14;
	2ea4   :   13;
	2ea5   :   00;
	2ea6   :   00;
	2ea7   :   00;
	2ea8   :   14;
	2ea9   :   1c;
	2eaa   :   1c;
	2eab   :   1c;
	2eac   :   13;
	2ead   :   00;
	2eae   :   00;
	2eaf   :   00;
	2eb0   :   1c;
	2eb1   :   52;
	2eb2   :   49;
	2eb3   :   09;
	2eb4   :   13;
	2eb5   :   00;
	2eb6   :   00;
	2eb7   :   00;
	2eb8   :   00;
	2eb9   :   00;
	2eba   :   08;
	2ebb   :   00;
	2ebc   :   13;
	2ebd   :   00;
	2ebe   :   00;
	2ebf   :   00;
	2ec0   :   01;
	2ec1   :   0a;
	2ec2   :   0a;
	2ec3   :   0b;
	2ec4   :   13;
	2ec5   :   00;
	2ec6   :   00;
	2ec7   :   00;
	2ec8   :   53;
	2ec9   :   53;
	2eca   :   a4;
	2ecb   :   5a;
	2ecc   :   13;
	2ecd   :   00;
	2ece   :   00;
	2ecf   :   00;
	2ed0   :   51;
	2ed1   :   10;
	2ed2   :   10;
	2ed3   :   08;
	2ed4   :   13;
	2ed5   :   00;
	2ed6   :   00;
	2ed7   :   00;
	2ed8   :   08;
	2ed9   :   18;
	2eda   :   18;
	2edb   :   60;
	2edc   :   13;
	2edd   :   00;
	2ede   :   00;
	2edf   :   00;
	2ee0   :   69;
	2ee1   :   6b;
	2ee2   :   5c;
	2ee3   :   16;
	2ee4   :   13;
	2ee5   :   00;
	2ee6   :   00;
	2ee7   :   00;
	2ee8   :   1d;
	2ee9   :   1d;
	2eea   :   1d;
	2eeb   :   1d;
	2eec   :   13;
	2eed   :   00;
	2eee   :   00;
	2eef   :   00;
	2ef0   :   1d;
	2ef1   :   1d;
	2ef2   :   1e;
	2ef3   :   1e;
	2ef4   :   13;
	2ef5   :   00;
	2ef6   :   00;
	2ef7   :   00;
	2ef8   :   1e;
	2ef9   :   1e;
	2efa   :   1e;
	2efb   :   1e;
	2efc   :   13;
	2efd   :   00;
	2efe   :   00;
	2eff   :   00;
	2f00   :   1e;
	2f01   :   1e;
	2f02   :   1e;
	2f03   :   1e;
	2f04   :   13;
	2f05   :   00;
	2f06   :   00;
	2f07   :   00;
	2f08   :   1e;
	2f09   :   1e;
	2f0a   :   1e;
	2f0b   :   1e;
	2f0c   :   13;
	2f0d   :   00;
	2f0e   :   00;
	2f0f   :   00;
	2f10   :   1e;
	2f11   :   1d;
	2f12   :   1d;
	2f13   :   1d;
	2f14   :   13;
	2f15   :   00;
	2f16   :   00;
	2f17   :   00;
	2f18   :   1d;
	2f19   :   1d;
	2f1a   :   15;
	2f1b   :   15;
	2f1c   :   13;
	2f1d   :   00;
	2f1e   :   00;
	2f1f   :   00;
	2f20   :   15;
	2f21   :   15;
	2f22   :   5d;
	2f23   :   15;
	2f24   :   13;
	2f25   :   00;
	2f26   :   00;
	2f27   :   00;
	2f28   :   1d;
	2f29   :   15;
	2f2a   :   15;
	2f2b   :   15;
	2f2c   :   13;
	2f2d   :   00;
	2f2e   :   00;
	2f2f   :   00;
	2f30   :   15;
	2f31   :   1e;
	2f32   :   1d;
	2f33   :   1e;
	2f34   :   13;
	2f35   :   00;
	2f36   :   00;
	2f37   :   00;
	2f38   :   67;
	2f39   :   7f;
	2f3a   :   77;
	2f3b   :   77;
	2f3c   :   13;
	2f3d   :   00;
	2f3e   :   00;
	2f3f   :   00;
	2f40   :   2f;
	2f41   :   2f;
	2f42   :   2f;
	2f43   :   27;
	2f44   :   13;
	2f45   :   00;
	2f46   :   00;
	2f47   :   00;
	2f48   :   6f;
	2f49   :   7f;
	2f4a   :   1e;
	2f4b   :   0e;
	2f4c   :   13;
	2f4d   :   00;
	2f4e   :   00;
	2f4f   :   00;
	2f50   :   0d;
	2f51   :   0e;
	2f52   :   0f;
	2f53   :   17;
	2f54   :   13;
	2f55   :   00;
	2f56   :   00;
	2f57   :   00;
	2f58   :   0f;
	2f59   :   0e;
	2f5a   :   0e;
	2f5b   :   0f;
	2f5c   :   13;
	2f5d   :   00;
	2f5e   :   00;
	2f5f   :   00;
	2f60   :   0d;
	2f61   :   0e;
	2f62   :   17;
	2f63   :   17;
	2f64   :   13;
	2f65   :   00;
	2f66   :   00;
	2f67   :   00;
	2f68   :   0f;
	2f69   :   0e;
	2f6a   :   17;
	2f6b   :   0e;
	2f6c   :   13;
	2f6d   :   00;
	2f6e   :   00;
	2f6f   :   00;
	2f70   :   0d;
	2f71   :   0d;
	2f72   :   05;
	2f73   :   05;
	2f74   :   13;
	2f75   :   00;
	2f76   :   00;
	2f77   :   00;
	2f78   :   0d;
	2f79   :   0e;
	2f7a   :   0f;
	2f7b   :   0f;
	2f7c   :   13;
	2f7d   :   00;
	2f7e   :   00;
	2f7f   :   00;
	2f80   :   0a;
	2f81   :   0a;
	2f82   :   0a;
	2f83   :   0a;
	2f84   :   13;
	2f85   :   00;
	2f86   :   00;
	2f87   :   00;
	2f88   :   0a;
	2f89   :   0a;
	2f8a   :   0a;
	2f8b   :   0a;
	2f8c   :   13;
	2f8d   :   00;
	2f8e   :   00;
	2f8f   :   00;
	2f90   :   0a;
	2f91   :   0a;
	2f92   :   0a;
	2f93   :   0a;
	2f94   :   13;
	2f95   :   00;
	2f96   :   00;
	2f97   :   00;
	2f98   :   0a;
	2f99   :   0a;
	2f9a   :   0a;
	2f9b   :   0a;
	2f9c   :   13;
	2f9d   :   00;
	2f9e   :   00;
	2f9f   :   00;
	2fa0   :   0a;
	2fa1   :   0a;
	2fa2   :   0a;
	2fa3   :   0a;
	2fa4   :   13;
	2fa5   :   00;
	2fa6   :   00;
	2fa7   :   00;
	2fa8   :   0a;
	2fa9   :   0a;
	2faa   :   0a;
	2fab   :   13;
	2fac   :   13;
	2fad   :   00;
	2fae   :   00;
	2faf   :   00;
	2fb0   :   7f;
	2fb1   :   6f;
	2fb2   :   6f;
	2fb3   :   6f;
	2fb4   :   13;
	2fb5   :   00;
	2fb6   :   00;
	2fb7   :   00;
	2fb8   :   77;
	2fb9   :   77;
	2fba   :   bf;
	2fbb   :   b7;
	2fbc   :   13;
	2fbd   :   00;
	2fbe   :   00;
	2fbf   :   00;
	2fc0   :   6f;
	2fc1   :   27;
	2fc2   :   27;
	2fc3   :   27;
	2fc4   :   13;
	2fc5   :   00;
	2fc6   :   00;
	2fc7   :   00;
	2fc8   :   27;
	2fc9   :   1f;
	2fca   :   1e;
	2fcb   :   17;
	2fcc   :   13;
	2fcd   :   00;
	2fce   :   00;
	2fcf   :   00;
	2fd0   :   16;
	2fd1   :   15;
	2fd2   :   14;
	2fd3   :   14;
	2fd4   :   13;
	2fd5   :   00;
	2fd6   :   00;
	2fd7   :   00;
	2fd8   :   14;
	2fd9   :   14;
	2fda   :   14;
	2fdb   :   14;
	2fdc   :   13;
	2fdd   :   00;
	2fde   :   00;
	2fdf   :   00;
	2fe0   :   14;
	2fe1   :   14;
	2fe2   :   1c;
	2fe3   :   1d;
	2fe4   :   13;
	2fe5   :   00;
	2fe6   :   00;
	2fe7   :   00;
	2fe8   :   1d;
	2fe9   :   1d;
	2fea   :   1d;
	2feb   :   1d;
	2fec   :   13;
	2fed   :   00;
	2fee   :   00;
	2fef   :   00;
	2ff0   :   1c;
	2ff1   :   49;
	2ff2   :   49;
	2ff3   :   00;
	2ff4   :   13;
	2ff5   :   00;
	2ff6   :   00;
	2ff7   :   00;
	2ff8   :   00;
	2ff9   :   00;
	2ffa   :   09;
	2ffb   :   49;
	2ffc   :   13;
	2ffd   :   00;
	2ffe   :   00;
	2fff   :   00;
	3000   :   0a;
	3001   :   0b;
	3002   :   09;
	3003   :   0a;
	3004   :   13;
	3005   :   00;
	3006   :   00;
	3007   :   00;
	3008   :   0b;
	3009   :   53;
	300a   :   a3;
	300b   :   52;
	300c   :   13;
	300d   :   00;
	300e   :   00;
	300f   :   00;
	3010   :   09;
	3011   :   11;
	3012   :   08;
	3013   :   10;
	3014   :   13;
	3015   :   00;
	3016   :   00;
	3017   :   00;
	3018   :   10;
	3019   :   10;
	301a   :   10;
	301b   :   18;
	301c   :   13;
	301d   :   00;
	301e   :   00;
	301f   :   00;
	3020   :   18;
	3021   :   60;
	3022   :   69;
	3023   :   64;
	3024   :   13;
	3025   :   00;
	3026   :   00;
	3027   :   00;
	3028   :   1e;
	3029   :   1e;
	302a   :   1e;
	302b   :   1e;
	302c   :   13;
	302d   :   00;
	302e   :   00;
	302f   :   00;
	3030   :   1e;
	3031   :   1e;
	3032   :   1e;
	3033   :   1e;
	3034   :   13;
	3035   :   00;
	3036   :   00;
	3037   :   00;
	3038   :   1e;
	3039   :   1e;
	303a   :   1e;
	303b   :   1e;
	303c   :   13;
	303d   :   00;
	303e   :   00;
	303f   :   00;
	3040   :   1e;
	3041   :   1e;
	3042   :   1e;
	3043   :   1e;
	3044   :   13;
	3045   :   00;
	3046   :   00;
	3047   :   00;
	3048   :   1e;
	3049   :   1e;
	304a   :   1e;
	304b   :   1e;
	304c   :   13;
	304d   :   00;
	304e   :   00;
	304f   :   00;
	3050   :   1e;
	3051   :   1e;
	3052   :   1e;
	3053   :   1e;
	3054   :   13;
	3055   :   00;
	3056   :   00;
	3057   :   00;
	3058   :   1e;
	3059   :   1e;
	305a   :   1e;
	305b   :   1e;
	305c   :   13;
	305d   :   00;
	305e   :   00;
	305f   :   00;
	3060   :   1e;
	3061   :   1e;
	3062   :   1d;
	3063   :   15;
	3064   :   13;
	3065   :   00;
	3066   :   00;
	3067   :   00;
	3068   :   15;
	3069   :   1d;
	306a   :   1d;
	306b   :   1d;
	306c   :   13;
	306d   :   00;
	306e   :   00;
	306f   :   00;
	3070   :   16;
	3071   :   1e;
	3072   :   15;
	3073   :   16;
	3074   :   13;
	3075   :   00;
	3076   :   00;
	3077   :   00;
	3078   :   6f;
	3079   :   7f;
	307a   :   77;
	307b   :   77;
	307c   :   13;
	307d   :   00;
	307e   :   00;
	307f   :   00;
	3080   :   77;
	3081   :   6f;
	3082   :   2f;
	3083   :   2f;
	3084   :   13;
	3085   :   00;
	3086   :   00;
	3087   :   00;
	3088   :   6f;
	3089   :   7f;
	308a   :   1e;
	308b   :   0d;
	308c   :   13;
	308d   :   00;
	308e   :   00;
	308f   :   00;
	3090   :   0e;
	3091   :   0f;
	3092   :   17;
	3093   :   17;
	3094   :   13;
	3095   :   00;
	3096   :   00;
	3097   :   00;
	3098   :   17;
	3099   :   0e;
	309a   :   0f;
	309b   :   0d;
	309c   :   13;
	309d   :   00;
	309e   :   00;
	309f   :   00;
	30a0   :   0e;
	30a1   :   17;
	30a2   :   17;
	30a3   :   0e;
	30a4   :   13;
	30a5   :   00;
	30a6   :   00;
	30a7   :   00;
	30a8   :   0f;
	30a9   :   17;
	30aa   :   0e;
	30ab   :   0d;
	30ac   :   13;
	30ad   :   00;
	30ae   :   00;
	30af   :   00;
	30b0   :   0e;
	30b1   :   04;
	30b2   :   0d;
	30b3   :   0f;
	30b4   :   13;
	30b5   :   00;
	30b6   :   00;
	30b7   :   00;
	30b8   :   0f;
	30b9   :   0f;
	30ba   :   0f;
	30bb   :   0f;
	30bc   :   13;
	30bd   :   00;
	30be   :   00;
	30bf   :   00;
	30c0   :   0a;
	30c1   :   0a;
	30c2   :   0a;
	30c3   :   0a;
	30c4   :   13;
	30c5   :   00;
	30c6   :   00;
	30c7   :   00;
	30c8   :   0a;
	30c9   :   0a;
	30ca   :   0a;
	30cb   :   0a;
	30cc   :   13;
	30cd   :   00;
	30ce   :   00;
	30cf   :   00;
	30d0   :   0a;
	30d1   :   0a;
	30d2   :   0a;
	30d3   :   0a;
	30d4   :   13;
	30d5   :   00;
	30d6   :   00;
	30d7   :   00;
	30d8   :   0a;
	30d9   :   0a;
	30da   :   0a;
	30db   :   0a;
	30dc   :   13;
	30dd   :   00;
	30de   :   00;
	30df   :   00;
	30e0   :   0a;
	30e1   :   0a;
	30e2   :   0a;
	30e3   :   0a;
	30e4   :   13;
	30e5   :   00;
	30e6   :   00;
	30e7   :   00;
	30e8   :   0b;
	30e9   :   0b;
	30ea   :   0b;
	30eb   :   14;
	30ec   :   13;
	30ed   :   00;
	30ee   :   00;
	30ef   :   00;
	30f0   :   7f;
	30f1   :   6f;
	30f2   :   77;
	30f3   :   b7;
	30f4   :   13;
	30f5   :   00;
	30f6   :   00;
	30f7   :   00;
	30f8   :   bf;
	30f9   :   b7;
	30fa   :   6f;
	30fb   :   27;
	30fc   :   13;
	30fd   :   00;
	30fe   :   00;
	30ff   :   00;
	3100   :   27;
	3101   :   2f;
	3102   :   2f;
	3103   :   27;
	3104   :   13;
	3105   :   00;
	3106   :   00;
	3107   :   00;
	3108   :   1f;
	3109   :   17;
	310a   :   17;
	310b   :   16;
	310c   :   13;
	310d   :   00;
	310e   :   00;
	310f   :   00;
	3110   :   15;
	3111   :   14;
	3112   :   14;
	3113   :   14;
	3114   :   13;
	3115   :   00;
	3116   :   00;
	3117   :   00;
	3118   :   14;
	3119   :   14;
	311a   :   14;
	311b   :   1d;
	311c   :   13;
	311d   :   00;
	311e   :   00;
	311f   :   00;
	3120   :   1d;
	3121   :   1d;
	3122   :   1d;
	3123   :   1d;
	3124   :   13;
	3125   :   00;
	3126   :   00;
	3127   :   00;
	3128   :   1d;
	3129   :   1d;
	312a   :   1d;
	312b   :   1d;
	312c   :   13;
	312d   :   00;
	312e   :   00;
	312f   :   00;
	3130   :   1e;
	3131   :   1c;
	3132   :   51;
	3133   :   09;
	3134   :   13;
	3135   :   00;
	3136   :   00;
	3137   :   00;
	3138   :   00;
	3139   :   00;
	313a   :   51;
	313b   :   52;
	313c   :   13;
	313d   :   00;
	313e   :   00;
	313f   :   00;
	3140   :   51;
	3141   :   09;
	3142   :   49;
	3143   :   52;
	3144   :   13;
	3145   :   00;
	3146   :   00;
	3147   :   00;
	3148   :   52;
	3149   :   5a;
	314a   :   51;
	314b   :   49;
	314c   :   13;
	314d   :   00;
	314e   :   00;
	314f   :   00;
	3150   :   10;
	3151   :   10;
	3152   :   10;
	3153   :   10;
	3154   :   13;
	3155   :   00;
	3156   :   00;
	3157   :   00;
	3158   :   08;
	3159   :   08;
	315a   :   10;
	315b   :   10;
	315c   :   13;
	315d   :   00;
	315e   :   00;
	315f   :   00;
	3160   :   18;
	3161   :   18;
	3162   :   60;
	3163   :   6a;
	3164   :   13;
	3165   :   00;
	3166   :   00;
	3167   :   00;
	3168   :   25;
	3169   :   1e;
	316a   :   1e;
	316b   :   1e;
	316c   :   13;
	316d   :   00;
	316e   :   00;
	316f   :   00;
	3170   :   1e;
	3171   :   26;
	3172   :   27;
	3173   :   27;
	3174   :   13;
	3175   :   00;
	3176   :   00;
	3177   :   00;
	3178   :   27;
	3179   :   27;
	317a   :   1f;
	317b   :   1f;
	317c   :   13;
	317d   :   00;
	317e   :   00;
	317f   :   00;
	3180   :   1f;
	3181   :   1f;
	3182   :   1e;
	3183   :   1e;
	3184   :   13;
	3185   :   00;
	3186   :   00;
	3187   :   00;
	3188   :   1e;
	3189   :   1e;
	318a   :   1e;
	318b   :   1e;
	318c   :   13;
	318d   :   00;
	318e   :   00;
	318f   :   00;
	3190   :   1e;
	3191   :   1e;
	3192   :   1e;
	3193   :   1e;
	3194   :   13;
	3195   :   00;
	3196   :   00;
	3197   :   00;
	3198   :   1e;
	3199   :   1e;
	319a   :   1e;
	319b   :   1e;
	319c   :   13;
	319d   :   00;
	319e   :   00;
	319f   :   00;
	31a0   :   1e;
	31a1   :   1e;
	31a2   :   1e;
	31a3   :   1e;
	31a4   :   13;
	31a5   :   00;
	31a6   :   00;
	31a7   :   00;
	31a8   :   1e;
	31a9   :   1e;
	31aa   :   1e;
	31ab   :   1e;
	31ac   :   13;
	31ad   :   00;
	31ae   :   00;
	31af   :   00;
	31b0   :   15;
	31b1   :   15;
	31b2   :   5f;
	31b3   :   27;
	31b4   :   13;
	31b5   :   00;
	31b6   :   00;
	31b7   :   00;
	31b8   :   6f;
	31b9   :   77;
	31ba   :   77;
	31bb   :   6f;
	31bc   :   13;
	31bd   :   00;
	31be   :   00;
	31bf   :   00;
	31c0   :   6f;
	31c1   :   6f;
	31c2   :   6f;
	31c3   :   6f;
	31c4   :   13;
	31c5   :   00;
	31c6   :   00;
	31c7   :   00;
	31c8   :   6f;
	31c9   :   7f;
	31ca   :   1f;
	31cb   :   0e;
	31cc   :   13;
	31cd   :   00;
	31ce   :   00;
	31cf   :   00;
	31d0   :   0e;
	31d1   :   0f;
	31d2   :   17;
	31d3   :   17;
	31d4   :   13;
	31d5   :   00;
	31d6   :   00;
	31d7   :   00;
	31d8   :   0e;
	31d9   :   17;
	31da   :   0e;
	31db   :   0d;
	31dc   :   13;
	31dd   :   00;
	31de   :   00;
	31df   :   00;
	31e0   :   17;
	31e1   :   0f;
	31e2   :   0f;
	31e3   :   0f;
	31e4   :   13;
	31e5   :   00;
	31e6   :   00;
	31e7   :   00;
	31e8   :   0f;
	31e9   :   0d;
	31ea   :   0e;
	31eb   :   0e;
	31ec   :   13;
	31ed   :   00;
	31ee   :   00;
	31ef   :   00;
	31f0   :   0d;
	31f1   :   0d;
	31f2   :   17;
	31f3   :   0f;
	31f4   :   13;
	31f5   :   00;
	31f6   :   00;
	31f7   :   00;
	31f8   :   0f;
	31f9   :   0f;
	31fa   :   0d;
	31fb   :   04;
	31fc   :   13;
	31fd   :   00;
	31fe   :   00;
	31ff   :   00;
	3200   :   0a;
	3201   :   0a;
	3202   :   0a;
	3203   :   0a;
	3204   :   13;
	3205   :   00;
	3206   :   00;
	3207   :   00;
	3208   :   0a;
	3209   :   0a;
	320a   :   0a;
	320b   :   0a;
	320c   :   13;
	320d   :   00;
	320e   :   00;
	320f   :   00;
	3210   :   0a;
	3211   :   0a;
	3212   :   0a;
	3213   :   0a;
	3214   :   13;
	3215   :   00;
	3216   :   00;
	3217   :   00;
	3218   :   0a;
	3219   :   0a;
	321a   :   0a;
	321b   :   0a;
	321c   :   13;
	321d   :   00;
	321e   :   00;
	321f   :   00;
	3220   :   0a;
	3221   :   0a;
	3222   :   0b;
	3223   :   0b;
	3224   :   13;
	3225   :   00;
	3226   :   00;
	3227   :   00;
	3228   :   0b;
	3229   :   13;
	322a   :   0b;
	322b   :   14;
	322c   :   13;
	322d   :   00;
	322e   :   00;
	322f   :   00;
	3230   :   7f;
	3231   :   bf;
	3232   :   bf;
	3233   :   b7;
	3234   :   13;
	3235   :   00;
	3236   :   00;
	3237   :   00;
	3238   :   6f;
	3239   :   27;
	323a   :   2f;
	323b   :   2f;
	323c   :   13;
	323d   :   00;
	323e   :   00;
	323f   :   00;
	3240   :   27;
	3241   :   1f;
	3242   :   1e;
	3243   :   17;
	3244   :   13;
	3245   :   00;
	3246   :   00;
	3247   :   00;
	3248   :   17;
	3249   :   15;
	324a   :   15;
	324b   :   14;
	324c   :   13;
	324d   :   00;
	324e   :   00;
	324f   :   00;
	3250   :   15;
	3251   :   15;
	3252   :   15;
	3253   :   1d;
	3254   :   13;
	3255   :   00;
	3256   :   00;
	3257   :   00;
	3258   :   1d;
	3259   :   1d;
	325a   :   1d;
	325b   :   1d;
	325c   :   13;
	325d   :   00;
	325e   :   00;
	325f   :   00;
	3260   :   1d;
	3261   :   1d;
	3262   :   1d;
	3263   :   1d;
	3264   :   13;
	3265   :   00;
	3266   :   00;
	3267   :   00;
	3268   :   1e;
	3269   :   1e;
	326a   :   26;
	326b   :   27;
	326c   :   13;
	326d   :   00;
	326e   :   00;
	326f   :   00;
	3270   :   25;
	3271   :   19;
	3272   :   08;
	3273   :   00;
	3274   :   13;
	3275   :   00;
	3276   :   00;
	3277   :   00;
	3278   :   00;
	3279   :   00;
	327a   :   00;
	327b   :   08;
	327c   :   13;
	327d   :   00;
	327e   :   00;
	327f   :   00;
	3280   :   09;
	3281   :   00;
	3282   :   08;
	3283   :   09;
	3284   :   13;
	3285   :   00;
	3286   :   00;
	3287   :   00;
	3288   :   09;
	3289   :   09;
	328a   :   52;
	328b   :   09;
	328c   :   13;
	328d   :   00;
	328e   :   00;
	328f   :   00;
	3290   :   18;
	3291   :   58;
	3292   :   60;
	3293   :   61;
	3294   :   13;
	3295   :   00;
	3296   :   00;
	3297   :   00;
	3298   :   59;
	3299   :   11;
	329a   :   08;
	329b   :   08;
	329c   :   13;
	329d   :   00;
	329e   :   00;
	329f   :   00;
	32a0   :   10;
	32a1   :   18;
	32a2   :   18;
	32a3   :   11;
	32a4   :   13;
	32a5   :   00;
	32a6   :   00;
	32a7   :   00;
	32a8   :   1d;
	32a9   :   26;
	32aa   :   26;
	32ab   :   27;
	32ac   :   13;
	32ad   :   00;
	32ae   :   00;
	32af   :   00;
	32b0   :   27;
	32b1   :   27;
	32b2   :   27;
	32b3   :   27;
	32b4   :   13;
	32b5   :   00;
	32b6   :   00;
	32b7   :   00;
	32b8   :   27;
	32b9   :   27;
	32ba   :   27;
	32bb   :   27;
	32bc   :   13;
	32bd   :   00;
	32be   :   00;
	32bf   :   00;
	32c0   :   27;
	32c1   :   27;
	32c2   :   27;
	32c3   :   27;
	32c4   :   13;
	32c5   :   00;
	32c6   :   00;
	32c7   :   00;
	32c8   :   1e;
	32c9   :   1e;
	32ca   :   1e;
	32cb   :   1e;
	32cc   :   13;
	32cd   :   00;
	32ce   :   00;
	32cf   :   00;
	32d0   :   1e;
	32d1   :   27;
	32d2   :   27;
	32d3   :   27;
	32d4   :   13;
	32d5   :   00;
	32d6   :   00;
	32d7   :   00;
	32d8   :   27;
	32d9   :   27;
	32da   :   1f;
	32db   :   1e;
	32dc   :   13;
	32dd   :   00;
	32de   :   00;
	32df   :   00;
	32e0   :   1e;
	32e1   :   1e;
	32e2   :   1e;
	32e3   :   1e;
	32e4   :   13;
	32e5   :   00;
	32e6   :   00;
	32e7   :   00;
	32e8   :   1e;
	32e9   :   1e;
	32ea   :   1e;
	32eb   :   1e;
	32ec   :   13;
	32ed   :   00;
	32ee   :   00;
	32ef   :   00;
	32f0   :   5e;
	32f1   :   5f;
	32f2   :   1e;
	32f3   :   27;
	32f4   :   13;
	32f5   :   00;
	32f6   :   00;
	32f7   :   00;
	32f8   :   27;
	32f9   :   26;
	32fa   :   6f;
	32fb   :   b7;
	32fc   :   13;
	32fd   :   00;
	32fe   :   00;
	32ff   :   00;
	3300   :   bf;
	3301   :   77;
	3302   :   77;
	3303   :   6f;
	3304   :   13;
	3305   :   00;
	3306   :   00;
	3307   :   00;
	3308   :   6f;
	3309   :   7f;
	330a   :   17;
	330b   :   0e;
	330c   :   13;
	330d   :   00;
	330e   :   00;
	330f   :   00;
	3310   :   0e;
	3311   :   0e;
	3312   :   17;
	3313   :   17;
	3314   :   13;
	3315   :   00;
	3316   :   00;
	3317   :   00;
	3318   :   17;
	3319   :   17;
	331a   :   0e;
	331b   :   16;
	331c   :   13;
	331d   :   00;
	331e   :   00;
	331f   :   00;
	3320   :   0f;
	3321   :   0f;
	3322   :   0f;
	3323   :   0f;
	3324   :   13;
	3325   :   00;
	3326   :   00;
	3327   :   00;
	3328   :   0d;
	3329   :   0e;
	332a   :   0e;
	332b   :   0e;
	332c   :   13;
	332d   :   00;
	332e   :   00;
	332f   :   00;
	3330   :   0e;
	3331   :   0f;
	3332   :   0e;
	3333   :   05;
	3334   :   13;
	3335   :   00;
	3336   :   00;
	3337   :   00;
	3338   :   05;
	3339   :   05;
	333a   :   02;
	333b   :   02;
	333c   :   13;
	333d   :   00;
	333e   :   00;
	333f   :   00;
	3340   :   0c;
	3341   :   0a;
	3342   :   0a;
	3343   :   0a;
	3344   :   13;
	3345   :   00;
	3346   :   00;
	3347   :   00;
	3348   :   0a;
	3349   :   0a;
	334a   :   0b;
	334b   :   0b;
	334c   :   13;
	334d   :   00;
	334e   :   00;
	334f   :   00;
	3350   :   0b;
	3351   :   0b;
	3352   :   0b;
	3353   :   0b;
	3354   :   13;
	3355   :   00;
	3356   :   00;
	3357   :   00;
	3358   :   0a;
	3359   :   0b;
	335a   :   0b;
	335b   :   0b;
	335c   :   13;
	335d   :   00;
	335e   :   00;
	335f   :   00;
	3360   :   0b;
	3361   :   0b;
	3362   :   13;
	3363   :   13;
	3364   :   13;
	3365   :   00;
	3366   :   00;
	3367   :   00;
	3368   :   13;
	3369   :   13;
	336a   :   0b;
	336b   :   65;
	336c   :   13;
	336d   :   00;
	336e   :   00;
	336f   :   00;
	3370   :   bf;
	3371   :   b7;
	3372   :   6f;
	3373   :   27;
	3374   :   13;
	3375   :   00;
	3376   :   00;
	3377   :   00;
	3378   :   27;
	3379   :   2f;
	337a   :   27;
	337b   :   27;
	337c   :   13;
	337d   :   00;
	337e   :   00;
	337f   :   00;
	3380   :   1f;
	3381   :   16;
	3382   :   16;
	3383   :   15;
	3384   :   13;
	3385   :   00;
	3386   :   00;
	3387   :   00;
	3388   :   15;
	3389   :   14;
	338a   :   14;
	338b   :   15;
	338c   :   13;
	338d   :   00;
	338e   :   00;
	338f   :   00;
	3390   :   1d;
	3391   :   1d;
	3392   :   1d;
	3393   :   1d;
	3394   :   13;
	3395   :   00;
	3396   :   00;
	3397   :   00;
	3398   :   1d;
	3399   :   1d;
	339a   :   1d;
	339b   :   1d;
	339c   :   13;
	339d   :   00;
	339e   :   00;
	339f   :   00;
	33a0   :   1d;
	33a1   :   1e;
	33a2   :   26;
	33a3   :   26;
	33a4   :   13;
	33a5   :   00;
	33a6   :   00;
	33a7   :   00;
	33a8   :   27;
	33a9   :   27;
	33aa   :   27;
	33ab   :   24;
	33ac   :   13;
	33ad   :   00;
	33ae   :   00;
	33af   :   00;
	33b0   :   18;
	33b1   :   08;
	33b2   :   00;
	33b3   :   00;
	33b4   :   13;
	33b5   :   00;
	33b6   :   00;
	33b7   :   00;
	33b8   :   00;
	33b9   :   00;
	33ba   :   00;
	33bb   :   00;
	33bc   :   13;
	33bd   :   00;
	33be   :   00;
	33bf   :   00;
	33c0   :   08;
	33c1   :   00;
	33c2   :   09;
	33c3   :   09;
	33c4   :   13;
	33c5   :   00;
	33c6   :   00;
	33c7   :   00;
	33c8   :   09;
	33c9   :   09;
	33ca   :   11;
	33cb   :   18;
	33cc   :   13;
	33cd   :   00;
	33ce   :   00;
	33cf   :   00;
	33d0   :   58;
	33d1   :   60;
	33d2   :   60;
	33d3   :   68;
	33d4   :   13;
	33d5   :   00;
	33d6   :   00;
	33d7   :   00;
	33d8   :   b1;
	33d9   :   aa;
	33da   :   11;
	33db   :   08;
	33dc   :   13;
	33dd   :   00;
	33de   :   00;
	33df   :   00;
	33e0   :   08;
	33e1   :   10;
	33e2   :   12;
	33e3   :   5e;
	33e4   :   13;
	33e5   :   00;
	33e6   :   00;
	33e7   :   00;
	33e8   :   1e;
	33e9   :   1e;
	33ea   :   27;
	33eb   :   27;
	33ec   :   13;
	33ed   :   00;
	33ee   :   00;
	33ef   :   00;
	33f0   :   27;
	33f1   :   27;
	33f2   :   27;
	33f3   :   27;
	33f4   :   13;
	33f5   :   00;
	33f6   :   00;
	33f7   :   00;
	33f8   :   27;
	33f9   :   27;
	33fa   :   27;
	33fb   :   27;
	33fc   :   13;
	33fd   :   00;
	33fe   :   00;
	33ff   :   00;
	3400   :   27;
	3401   :   27;
	3402   :   27;
	3403   :   27;
	3404   :   13;
	3405   :   00;
	3406   :   00;
	3407   :   00;
	3408   :   27;
	3409   :   27;
	340a   :   27;
	340b   :   27;
	340c   :   13;
	340d   :   00;
	340e   :   00;
	340f   :   00;
	3410   :   27;
	3411   :   27;
	3412   :   27;
	3413   :   27;
	3414   :   13;
	3415   :   00;
	3416   :   00;
	3417   :   00;
	3418   :   27;
	3419   :   27;
	341a   :   27;
	341b   :   1f;
	341c   :   13;
	341d   :   00;
	341e   :   00;
	341f   :   00;
	3420   :   1f;
	3421   :   1f;
	3422   :   1f;
	3423   :   1f;
	3424   :   13;
	3425   :   00;
	3426   :   00;
	3427   :   00;
	3428   :   27;
	3429   :   27;
	342a   :   1f;
	342b   :   1f;
	342c   :   13;
	342d   :   00;
	342e   :   00;
	342f   :   00;
	3430   :   1f;
	3431   :   17;
	3432   :   16;
	3433   :   17;
	3434   :   13;
	3435   :   00;
	3436   :   00;
	3437   :   00;
	3438   :   1e;
	3439   :   1f;
	343a   :   27;
	343b   :   27;
	343c   :   13;
	343d   :   00;
	343e   :   00;
	343f   :   00;
	3440   :   77;
	3441   :   b7;
	3442   :   bf;
	3443   :   77;
	3444   :   13;
	3445   :   00;
	3446   :   00;
	3447   :   00;
	3448   :   6f;
	3449   :   7f;
	344a   :   1f;
	344b   :   0e;
	344c   :   13;
	344d   :   00;
	344e   :   00;
	344f   :   00;
	3450   :   17;
	3451   :   0f;
	3452   :   0f;
	3453   :   17;
	3454   :   13;
	3455   :   00;
	3456   :   00;
	3457   :   00;
	3458   :   17;
	3459   :   0e;
	345a   :   0e;
	345b   :   0f;
	345c   :   13;
	345d   :   00;
	345e   :   00;
	345f   :   00;
	3460   :   0f;
	3461   :   0f;
	3462   :   0e;
	3463   :   0d;
	3464   :   13;
	3465   :   00;
	3466   :   00;
	3467   :   00;
	3468   :   0e;
	3469   :   0f;
	346a   :   0f;
	346b   :   0e;
	346c   :   13;
	346d   :   00;
	346e   :   00;
	346f   :   00;
	3470   :   0f;
	3471   :   0e;
	3472   :   04;
	3473   :   03;
	3474   :   13;
	3475   :   00;
	3476   :   00;
	3477   :   00;
	3478   :   03;
	3479   :   03;
	347a   :   02;
	347b   :   02;
	347c   :   13;
	347d   :   00;
	347e   :   00;
	347f   :   00;
	3480   :   05;
	3481   :   0c;
	3482   :   0a;
	3483   :   0b;
	3484   :   13;
	3485   :   00;
	3486   :   00;
	3487   :   00;
	3488   :   0b;
	3489   :   0b;
	348a   :   13;
	348b   :   13;
	348c   :   13;
	348d   :   00;
	348e   :   00;
	348f   :   00;
	3490   :   13;
	3491   :   13;
	3492   :   0b;
	3493   :   0b;
	3494   :   13;
	3495   :   00;
	3496   :   00;
	3497   :   00;
	3498   :   0b;
	3499   :   0b;
	349a   :   0b;
	349b   :   13;
	349c   :   13;
	349d   :   00;
	349e   :   00;
	349f   :   00;
	34a0   :   13;
	34a1   :   13;
	34a2   :   13;
	34a3   :   13;
	34a4   :   13;
	34a5   :   00;
	34a6   :   00;
	34a7   :   00;
	34a8   :   14;
	34a9   :   13;
	34aa   :   65;
	34ab   :   b7;
	34ac   :   13;
	34ad   :   00;
	34ae   :   00;
	34af   :   00;
	34b0   :   6f;
	34b1   :   27;
	34b2   :   26;
	34b3   :   27;
	34b4   :   13;
	34b5   :   00;
	34b6   :   00;
	34b7   :   00;
	34b8   :   1f;
	34b9   :   1f;
	34ba   :   1f;
	34bb   :   17;
	34bc   :   13;
	34bd   :   00;
	34be   :   00;
	34bf   :   00;
	34c0   :   0e;
	34c1   :   15;
	34c2   :   15;
	34c3   :   1d;
	34c4   :   13;
	34c5   :   00;
	34c6   :   00;
	34c7   :   00;
	34c8   :   1c;
	34c9   :   1d;
	34ca   :   1d;
	34cb   :   1d;
	34cc   :   13;
	34cd   :   00;
	34ce   :   00;
	34cf   :   00;
	34d0   :   1d;
	34d1   :   1d;
	34d2   :   1d;
	34d3   :   1d;
	34d4   :   13;
	34d5   :   00;
	34d6   :   00;
	34d7   :   00;
	34d8   :   1d;
	34d9   :   1d;
	34da   :   1d;
	34db   :   1e;
	34dc   :   13;
	34dd   :   00;
	34de   :   00;
	34df   :   00;
	34e0   :   26;
	34e1   :   27;
	34e2   :   27;
	34e3   :   27;
	34e4   :   13;
	34e5   :   00;
	34e6   :   00;
	34e7   :   00;
	34e8   :   27;
	34e9   :   27;
	34ea   :   1a;
	34eb   :   08;
	34ec   :   13;
	34ed   :   00;
	34ee   :   00;
	34ef   :   00;
	34f0   :   00;
	34f1   :   00;
	34f2   :   08;
	34f3   :   08;
	34f4   :   13;
	34f5   :   00;
	34f6   :   00;
	34f7   :   00;
	34f8   :   00;
	34f9   :   00;
	34fa   :   00;
	34fb   :   00;
	34fc   :   13;
	34fd   :   00;
	34fe   :   00;
	34ff   :   00;
	3500   :   00;
	3501   :   00;
	3502   :   00;
	3503   :   00;
	3504   :   13;
	3505   :   00;
	3506   :   00;
	3507   :   00;
	3508   :   08;
	3509   :   10;
	350a   :   10;
	350b   :   18;
	350c   :   13;
	350d   :   00;
	350e   :   00;
	350f   :   00;
	3510   :   18;
	3511   :   58;
	3512   :   60;
	3513   :   60;
	3514   :   13;
	3515   :   00;
	3516   :   00;
	3517   :   00;
	3518   :   60;
	3519   :   60;
	351a   :   6a;
	351b   :   09;
	351c   :   13;
	351d   :   00;
	351e   :   00;
	351f   :   00;
	3520   :   02;
	3521   :   0d;
	3522   :   5f;
	3523   :   67;
	3524   :   13;
	3525   :   00;
	3526   :   00;
	3527   :   00;
	3528   :   67;
	3529   :   5e;
	352a   :   1e;
	352b   :   27;
	352c   :   13;
	352d   :   00;
	352e   :   00;
	352f   :   00;
	3530   :   27;
	3531   :   27;
	3532   :   27;
	3533   :   27;
	3534   :   13;
	3535   :   00;
	3536   :   00;
	3537   :   00;
	3538   :   27;
	3539   :   27;
	353a   :   27;
	353b   :   27;
	353c   :   13;
	353d   :   00;
	353e   :   00;
	353f   :   00;
	3540   :   27;
	3541   :   27;
	3542   :   27;
	3543   :   27;
	3544   :   13;
	3545   :   00;
	3546   :   00;
	3547   :   00;
	3548   :   27;
	3549   :   27;
	354a   :   27;
	354b   :   27;
	354c   :   13;
	354d   :   00;
	354e   :   00;
	354f   :   00;
	3550   :   27;
	3551   :   27;
	3552   :   27;
	3553   :   27;
	3554   :   13;
	3555   :   00;
	3556   :   00;
	3557   :   00;
	3558   :   27;
	3559   :   27;
	355a   :   27;
	355b   :   27;
	355c   :   13;
	355d   :   00;
	355e   :   00;
	355f   :   00;
	3560   :   1f;
	3561   :   1f;
	3562   :   1f;
	3563   :   1f;
	3564   :   13;
	3565   :   00;
	3566   :   00;
	3567   :   00;
	3568   :   1f;
	3569   :   1f;
	356a   :   1f;
	356b   :   1f;
	356c   :   13;
	356d   :   00;
	356e   :   00;
	356f   :   00;
	3570   :   27;
	3571   :   1f;
	3572   :   1f;
	3573   :   17;
	3574   :   13;
	3575   :   00;
	3576   :   00;
	3577   :   00;
	3578   :   16;
	3579   :   1f;
	357a   :   1f;
	357b   :   27;
	357c   :   13;
	357d   :   00;
	357e   :   00;
	357f   :   00;
	3580   :   27;
	3581   :   27;
	3582   :   77;
	3583   :   bf;
	3584   :   13;
	3585   :   00;
	3586   :   00;
	3587   :   00;
	3588   :   b7;
	3589   :   7f;
	358a   :   67;
	358b   :   0f;
	358c   :   13;
	358d   :   00;
	358e   :   00;
	358f   :   00;
	3590   :   17;
	3591   :   17;
	3592   :   17;
	3593   :   0f;
	3594   :   13;
	3595   :   00;
	3596   :   00;
	3597   :   00;
	3598   :   0f;
	3599   :   0e;
	359a   :   0f;
	359b   :   0f;
	359c   :   13;
	359d   :   00;
	359e   :   00;
	359f   :   00;
	35a0   :   0e;
	35a1   :   0d;
	35a2   :   0d;
	35a3   :   0e;
	35a4   :   13;
	35a5   :   00;
	35a6   :   00;
	35a7   :   00;
	35a8   :   0f;
	35a9   :   0f;
	35aa   :   0f;
	35ab   :   0e;
	35ac   :   13;
	35ad   :   00;
	35ae   :   00;
	35af   :   00;
	35b0   :   04;
	35b1   :   03;
	35b2   :   03;
	35b3   :   03;
	35b4   :   13;
	35b5   :   00;
	35b6   :   00;
	35b7   :   00;
	35b8   :   03;
	35b9   :   03;
	35ba   :   03;
	35bb   :   03;
	35bc   :   13;
	35bd   :   00;
	35be   :   00;
	35bf   :   00;
	35c0   :   05;
	35c1   :   0e;
	35c2   :   0b;
	35c3   :   0a;
	35c4   :   13;
	35c5   :   00;
	35c6   :   00;
	35c7   :   00;
	35c8   :   0b;
	35c9   :   13;
	35ca   :   13;
	35cb   :   13;
	35cc   :   13;
	35cd   :   00;
	35ce   :   00;
	35cf   :   00;
	35d0   :   13;
	35d1   :   13;
	35d2   :   13;
	35d3   :   13;
	35d4   :   13;
	35d5   :   00;
	35d6   :   00;
	35d7   :   00;
	35d8   :   13;
	35d9   :   13;
	35da   :   13;
	35db   :   13;
	35dc   :   13;
	35dd   :   00;
	35de   :   00;
	35df   :   00;
	35e0   :   13;
	35e1   :   13;
	35e2   :   14;
	35e3   :   14;
	35e4   :   13;
	35e5   :   00;
	35e6   :   00;
	35e7   :   00;
	35e8   :   14;
	35e9   :   14;
	35ea   :   65;
	35eb   :   6f;
	35ec   :   13;
	35ed   :   00;
	35ee   :   00;
	35ef   :   00;
	35f0   :   2f;
	35f1   :   27;
	35f2   :   26;
	35f3   :   1f;
	35f4   :   13;
	35f5   :   00;
	35f6   :   00;
	35f7   :   00;
	35f8   :   17;
	35f9   :   16;
	35fa   :   16;
	35fb   :   16;
	35fc   :   13;
	35fd   :   00;
	35fe   :   00;
	35ff   :   00;
	3600   :   15;
	3601   :   1d;
	3602   :   1d;
	3603   :   1d;
	3604   :   13;
	3605   :   00;
	3606   :   00;
	3607   :   00;
	3608   :   1d;
	3609   :   1d;
	360a   :   1d;
	360b   :   1d;
	360c   :   13;
	360d   :   00;
	360e   :   00;
	360f   :   00;
	3610   :   1d;
	3611   :   1d;
	3612   :   1d;
	3613   :   1d;
	3614   :   13;
	3615   :   00;
	3616   :   00;
	3617   :   00;
	3618   :   1e;
	3619   :   1e;
	361a   :   1e;
	361b   :   27;
	361c   :   13;
	361d   :   00;
	361e   :   00;
	361f   :   00;
	3620   :   27;
	3621   :   27;
	3622   :   27;
	3623   :   27;
	3624   :   13;
	3625   :   00;
	3626   :   00;
	3627   :   00;
	3628   :   26;
	3629   :   18;
	362a   :   08;
	362b   :   00;
	362c   :   13;
	362d   :   00;
	362e   :   00;
	362f   :   00;
	3630   :   08;
	3631   :   08;
	3632   :   08;
	3633   :   08;
	3634   :   13;
	3635   :   00;
	3636   :   00;
	3637   :   00;
	3638   :   08;
	3639   :   10;
	363a   :   08;
	363b   :   00;
	363c   :   13;
	363d   :   00;
	363e   :   00;
	363f   :   00;
	3640   :   00;
	3641   :   00;
	3642   :   08;
	3643   :   10;
	3644   :   13;
	3645   :   00;
	3646   :   00;
	3647   :   00;
	3648   :   18;
	3649   :   10;
	364a   :   08;
	364b   :   10;
	364c   :   13;
	364d   :   00;
	364e   :   00;
	364f   :   00;
	3650   :   58;
	3651   :   58;
	3652   :   60;
	3653   :   60;
	3654   :   13;
	3655   :   00;
	3656   :   00;
	3657   :   00;
	3658   :   60;
	3659   :   60;
	365a   :   61;
	365b   :   63;
	365c   :   13;
	365d   :   00;
	365e   :   00;
	365f   :   00;
	3660   :   0c;
	3661   :   0d;
	3662   :   16;
	3663   :   16;
	3664   :   13;
	3665   :   00;
	3666   :   00;
	3667   :   00;
	3668   :   5f;
	3669   :   5f;
	366a   :   16;
	366b   :   1e;
	366c   :   13;
	366d   :   00;
	366e   :   00;
	366f   :   00;
	3670   :   27;
	3671   :   27;
	3672   :   27;
	3673   :   27;
	3674   :   13;
	3675   :   00;
	3676   :   00;
	3677   :   00;
	3678   :   27;
	3679   :   27;
	367a   :   27;
	367b   :   27;
	367c   :   13;
	367d   :   00;
	367e   :   00;
	367f   :   00;
	3680   :   27;
	3681   :   27;
	3682   :   27;
	3683   :   27;
	3684   :   13;
	3685   :   00;
	3686   :   00;
	3687   :   00;
	3688   :   27;
	3689   :   27;
	368a   :   27;
	368b   :   67;
	368c   :   13;
	368d   :   00;
	368e   :   00;
	368f   :   00;
	3690   :   67;
	3691   :   6f;
	3692   :   6f;
	3693   :   67;
	3694   :   13;
	3695   :   00;
	3696   :   00;
	3697   :   00;
	3698   :   67;
	3699   :   67;
	369a   :   27;
	369b   :   27;
	369c   :   13;
	369d   :   00;
	369e   :   00;
	369f   :   00;
	36a0   :   1f;
	36a1   :   1f;
	36a2   :   1f;
	36a3   :   1f;
	36a4   :   13;
	36a5   :   00;
	36a6   :   00;
	36a7   :   00;
	36a8   :   1f;
	36a9   :   1f;
	36aa   :   1f;
	36ab   :   1f;
	36ac   :   13;
	36ad   :   00;
	36ae   :   00;
	36af   :   00;
	36b0   :   1f;
	36b1   :   1f;
	36b2   :   1f;
	36b3   :   1f;
	36b4   :   13;
	36b5   :   00;
	36b6   :   00;
	36b7   :   00;
	36b8   :   1f;
	36b9   :   15;
	36ba   :   16;
	36bb   :   1e;
	36bc   :   13;
	36bd   :   00;
	36be   :   00;
	36bf   :   00;
	36c0   :   1f;
	36c1   :   27;
	36c2   :   2f;
	36c3   :   6f;
	36c4   :   13;
	36c5   :   00;
	36c6   :   00;
	36c7   :   00;
	36c8   :   77;
	36c9   :   bf;
	36ca   :   77;
	36cb   :   0f;
	36cc   :   13;
	36cd   :   00;
	36ce   :   00;
	36cf   :   00;
	36d0   :   0f;
	36d1   :   17;
	36d2   :   0f;
	36d3   :   0f;
	36d4   :   13;
	36d5   :   00;
	36d6   :   00;
	36d7   :   00;
	36d8   :   0f;
	36d9   :   0f;
	36da   :   0e;
	36db   :   0e;
	36dc   :   13;
	36dd   :   00;
	36de   :   00;
	36df   :   00;
	36e0   :   0d;
	36e1   :   0d;
	36e2   :   0e;
	36e3   :   0d;
	36e4   :   13;
	36e5   :   00;
	36e6   :   00;
	36e7   :   00;
	36e8   :   0d;
	36e9   :   04;
	36ea   :   04;
	36eb   :   03;
	36ec   :   13;
	36ed   :   00;
	36ee   :   00;
	36ef   :   00;
	36f0   :   03;
	36f1   :   04;
	36f2   :   04;
	36f3   :   04;
	36f4   :   13;
	36f5   :   00;
	36f6   :   00;
	36f7   :   00;
	36f8   :   05;
	36f9   :   03;
	36fa   :   04;
	36fb   :   05;
	36fc   :   13;
	36fd   :   00;
	36fe   :   00;
	36ff   :   00;
	3700   :   05;
	3701   :   05;
	3702   :   0d;
	3703   :   0b;
	3704   :   13;
	3705   :   00;
	3706   :   00;
	3707   :   00;
	3708   :   0b;
	3709   :   13;
	370a   :   13;
	370b   :   14;
	370c   :   13;
	370d   :   00;
	370e   :   00;
	370f   :   00;
	3710   :   14;
	3711   :   14;
	3712   :   14;
	3713   :   14;
	3714   :   13;
	3715   :   00;
	3716   :   00;
	3717   :   00;
	3718   :   13;
	3719   :   13;
	371a   :   14;
	371b   :   14;
	371c   :   13;
	371d   :   00;
	371e   :   00;
	371f   :   00;
	3720   :   14;
	3721   :   14;
	3722   :   14;
	3723   :   14;
	3724   :   13;
	3725   :   00;
	3726   :   00;
	3727   :   00;
	3728   :   14;
	3729   :   14;
	372a   :   14;
	372b   :   14;
	372c   :   13;
	372d   :   00;
	372e   :   00;
	372f   :   00;
	3730   :   25;
	3731   :   1e;
	3732   :   17;
	3733   :   17;
	3734   :   13;
	3735   :   00;
	3736   :   00;
	3737   :   00;
	3738   :   16;
	3739   :   16;
	373a   :   15;
	373b   :   1d;
	373c   :   13;
	373d   :   00;
	373e   :   00;
	373f   :   00;
	3740   :   1d;
	3741   :   1d;
	3742   :   1d;
	3743   :   1d;
	3744   :   13;
	3745   :   00;
	3746   :   00;
	3747   :   00;
	3748   :   1d;
	3749   :   1d;
	374a   :   1d;
	374b   :   1d;
	374c   :   13;
	374d   :   00;
	374e   :   00;
	374f   :   00;
	3750   :   1d;
	3751   :   1d;
	3752   :   1e;
	3753   :   1e;
	3754   :   13;
	3755   :   00;
	3756   :   00;
	3757   :   00;
	3758   :   1e;
	3759   :   1e;
	375a   :   26;
	375b   :   27;
	375c   :   13;
	375d   :   00;
	375e   :   00;
	375f   :   00;
	3760   :   27;
	3761   :   27;
	3762   :   27;
	3763   :   1d;
	3764   :   13;
	3765   :   00;
	3766   :   00;
	3767   :   00;
	3768   :   10;
	3769   :   00;
	376a   :   08;
	376b   :   10;
	376c   :   13;
	376d   :   00;
	376e   :   00;
	376f   :   00;
	3770   :   10;
	3771   :   18;
	3772   :   18;
	3773   :   18;
	3774   :   13;
	3775   :   00;
	3776   :   00;
	3777   :   00;
	3778   :   10;
	3779   :   08;
	377a   :   10;
	377b   :   08;
	377c   :   13;
	377d   :   00;
	377e   :   00;
	377f   :   00;
	3780   :   08;
	3781   :   10;
	3782   :   18;
	3783   :   18;
	3784   :   13;
	3785   :   00;
	3786   :   00;
	3787   :   00;
	3788   :   18;
	3789   :   58;
	378a   :   10;
	378b   :   08;
	378c   :   13;
	378d   :   00;
	378e   :   00;
	378f   :   00;
	3790   :   18;
	3791   :   60;
	3792   :   60;
	3793   :   60;
	3794   :   13;
	3795   :   00;
	3796   :   00;
	3797   :   00;
	3798   :   60;
	3799   :   60;
	379a   :   60;
	379b   :   60;
	379c   :   13;
	379d   :   00;
	379e   :   00;
	379f   :   00;
	37a0   :   5a;
	37a1   :   03;
	37a2   :   0c;
	37a3   :   0d;
	37a4   :   13;
	37a5   :   00;
	37a6   :   00;
	37a7   :   00;
	37a8   :   16;
	37a9   :   16;
	37aa   :   16;
	37ab   :   15;
	37ac   :   13;
	37ad   :   00;
	37ae   :   00;
	37af   :   00;
	37b0   :   1e;
	37b1   :   27;
	37b2   :   27;
	37b3   :   27;
	37b4   :   13;
	37b5   :   00;
	37b6   :   00;
	37b7   :   00;
	37b8   :   27;
	37b9   :   27;
	37ba   :   27;
	37bb   :   27;
	37bc   :   13;
	37bd   :   00;
	37be   :   00;
	37bf   :   00;
	37c0   :   27;
	37c1   :   27;
	37c2   :   27;
	37c3   :   27;
	37c4   :   13;
	37c5   :   00;
	37c6   :   00;
	37c7   :   00;
	37c8   :   27;
	37c9   :   67;
	37ca   :   af;
	37cb   :   b7;
	37cc   :   13;
	37cd   :   00;
	37ce   :   00;
	37cf   :   00;
	37d0   :   f6;
	37d1   :   f6;
	37d2   :   f6;
	37d3   :   f6;
	37d4   :   13;
	37d5   :   00;
	37d6   :   00;
	37d7   :   00;
	37d8   :   b7;
	37d9   :   af;
	37da   :   af;
	37db   :   af;
	37dc   :   13;
	37dd   :   00;
	37de   :   00;
	37df   :   00;
	37e0   :   67;
	37e1   :   27;
	37e2   :   1f;
	37e3   :   1f;
	37e4   :   13;
	37e5   :   00;
	37e6   :   00;
	37e7   :   00;
	37e8   :   1f;
	37e9   :   1f;
	37ea   :   1f;
	37eb   :   1f;
	37ec   :   13;
	37ed   :   00;
	37ee   :   00;
	37ef   :   00;
	37f0   :   1f;
	37f1   :   1f;
	37f2   :   1f;
	37f3   :   1f;
	37f4   :   13;
	37f5   :   00;
	37f6   :   00;
	37f7   :   00;
	37f8   :   1f;
	37f9   :   1f;
	37fa   :   1f;
	37fb   :   17;
	37fc   :   13;
	37fd   :   00;
	37fe   :   00;
	37ff   :   00;
	3800   :   17;
	3801   :   1f;
	3802   :   1e;
	3803   :   27;
	3804   :   13;
	3805   :   00;
	3806   :   00;
	3807   :   00;
	3808   :   27;
	3809   :   6f;
	380a   :   6f;
	380b   :   17;
	380c   :   13;
	380d   :   00;
	380e   :   00;
	380f   :   00;
	3810   :   0f;
	3811   :   0f;
	3812   :   0f;
	3813   :   0f;
	3814   :   13;
	3815   :   00;
	3816   :   00;
	3817   :   00;
	3818   :   0f;
	3819   :   0e;
	381a   :   0d;
	381b   :   04;
	381c   :   13;
	381d   :   00;
	381e   :   00;
	381f   :   00;
	3820   :   04;
	3821   :   05;
	3822   :   04;
	3823   :   03;
	3824   :   13;
	3825   :   00;
	3826   :   00;
	3827   :   00;
	3828   :   03;
	3829   :   03;
	382a   :   04;
	382b   :   03;
	382c   :   13;
	382d   :   00;
	382e   :   00;
	382f   :   00;
	3830   :   04;
	3831   :   05;
	3832   :   05;
	3833   :   0e;
	3834   :   13;
	3835   :   00;
	3836   :   00;
	3837   :   00;
	3838   :   0d;
	3839   :   04;
	383a   :   05;
	383b   :   0e;
	383c   :   13;
	383d   :   00;
	383e   :   00;
	383f   :   00;
	3840   :   05;
	3841   :   05;
	3842   :   0e;
	3843   :   06;
	3844   :   13;
	3845   :   00;
	3846   :   00;
	3847   :   00;
	3848   :   0c;
	3849   :   13;
	384a   :   14;
	384b   :   14;
	384c   :   13;
	384d   :   00;
	384e   :   00;
	384f   :   00;
	3850   :   14;
	3851   :   14;
	3852   :   14;
	3853   :   14;
	3854   :   13;
	3855   :   00;
	3856   :   00;
	3857   :   00;
	3858   :   14;
	3859   :   14;
	385a   :   14;
	385b   :   14;
	385c   :   13;
	385d   :   00;
	385e   :   00;
	385f   :   00;
	3860   :   14;
	3861   :   14;
	3862   :   14;
	3863   :   14;
	3864   :   13;
	3865   :   00;
	3866   :   00;
	3867   :   00;
	3868   :   14;
	3869   :   14;
	386a   :   15;
	386b   :   14;
	386c   :   13;
	386d   :   00;
	386e   :   00;
	386f   :   00;
	3870   :   14;
	3871   :   1d;
	3872   :   1e;
	3873   :   16;
	3874   :   13;
	3875   :   00;
	3876   :   00;
	3877   :   00;
	3878   :   15;
	3879   :   1d;
	387a   :   1d;
	387b   :   1d;
	387c   :   13;
	387d   :   00;
	387e   :   00;
	387f   :   00;
	3880   :   1d;
	3881   :   1d;
	3882   :   1d;
	3883   :   1d;
	3884   :   13;
	3885   :   00;
	3886   :   00;
	3887   :   00;
	3888   :   1d;
	3889   :   1d;
	388a   :   1e;
	388b   :   1e;
	388c   :   13;
	388d   :   00;
	388e   :   00;
	388f   :   00;
	3890   :   1e;
	3891   :   1e;
	3892   :   26;
	3893   :   27;
	3894   :   13;
	3895   :   00;
	3896   :   00;
	3897   :   00;
	3898   :   27;
	3899   :   27;
	389a   :   1e;
	389b   :   27;
	389c   :   13;
	389d   :   00;
	389e   :   00;
	389f   :   00;
	38a0   :   27;
	38a1   :   27;
	38a2   :   27;
	38a3   :   1b;
	38a4   :   13;
	38a5   :   00;
	38a6   :   00;
	38a7   :   00;
	38a8   :   08;
	38a9   :   08;
	38aa   :   10;
	38ab   :   10;
	38ac   :   13;
	38ad   :   00;
	38ae   :   00;
	38af   :   00;
	38b0   :   18;
	38b1   :   18;
	38b2   :   60;
	38b3   :   60;
	38b4   :   13;
	38b5   :   00;
	38b6   :   00;
	38b7   :   00;
	38b8   :   60;
	38b9   :   60;
	38ba   :   08;
	38bb   :   08;
	38bc   :   13;
	38bd   :   00;
	38be   :   00;
	38bf   :   00;
	38c0   :   10;
	38c1   :   10;
	38c2   :   18;
	38c3   :   18;
	38c4   :   13;
	38c5   :   00;
	38c6   :   00;
	38c7   :   00;
	38c8   :   18;
	38c9   :   58;
	38ca   :   58;
	38cb   :   10;
	38cc   :   13;
	38cd   :   00;
	38ce   :   00;
	38cf   :   00;
	38d0   :   10;
	38d1   :   18;
	38d2   :   58;
	38d3   :   60;
	38d4   :   13;
	38d5   :   00;
	38d6   :   00;
	38d7   :   00;
	38d8   :   18;
	38d9   :   18;
	38da   :   10;
	38db   :   18;
	38dc   :   13;
	38dd   :   00;
	38de   :   00;
	38df   :   00;
	38e0   :   69;
	38e1   :   12;
	38e2   :   02;
	38e3   :   03;
	38e4   :   13;
	38e5   :   00;
	38e6   :   00;
	38e7   :   00;
	38e8   :   04;
	38e9   :   0c;
	38ea   :   0d;
	38eb   :   16;
	38ec   :   13;
	38ed   :   00;
	38ee   :   00;
	38ef   :   00;
	38f0   :   1e;
	38f1   :   16;
	38f2   :   1f;
	38f3   :   1e;
	38f4   :   13;
	38f5   :   00;
	38f6   :   00;
	38f7   :   00;
	38f8   :   1e;
	38f9   :   1f;
	38fa   :   1f;
	38fb   :   27;
	38fc   :   13;
	38fd   :   00;
	38fe   :   00;
	38ff   :   00;
	3900   :   1f;
	3901   :   27;
	3902   :   27;
	3903   :   27;
	3904   :   13;
	3905   :   00;
	3906   :   00;
	3907   :   00;
	3908   :   67;
	3909   :   af;
	390a   :   f6;
	390b   :   f5;
	390c   :   13;
	390d   :   00;
	390e   :   00;
	390f   :   00;
	3910   :   fe;
	3911   :   fe;
	3912   :   fe;
	3913   :   fe;
	3914   :   13;
	3915   :   00;
	3916   :   00;
	3917   :   00;
	3918   :   fe;
	3919   :   fe;
	391a   :   f6;
	391b   :   f6;
	391c   :   13;
	391d   :   00;
	391e   :   00;
	391f   :   00;
	3920   :   f6;
	3921   :   af;
	3922   :   67;
	3923   :   27;
	3924   :   13;
	3925   :   00;
	3926   :   00;
	3927   :   00;
	3928   :   1f;
	3929   :   1f;
	392a   :   1f;
	392b   :   1f;
	392c   :   13;
	392d   :   00;
	392e   :   00;
	392f   :   00;
	3930   :   1f;
	3931   :   1f;
	3932   :   1f;
	3933   :   1f;
	3934   :   13;
	3935   :   00;
	3936   :   00;
	3937   :   00;
	3938   :   1f;
	3939   :   1f;
	393a   :   1f;
	393b   :   1f;
	393c   :   13;
	393d   :   00;
	393e   :   00;
	393f   :   00;
	3940   :   1f;
	3941   :   16;
	3942   :   0e;
	3943   :   16;
	3944   :   13;
	3945   :   00;
	3946   :   00;
	3947   :   00;
	3948   :   1f;
	3949   :   1f;
	394a   :   17;
	394b   :   17;
	394c   :   13;
	394d   :   00;
	394e   :   00;
	394f   :   00;
	3950   :   17;
	3951   :   17;
	3952   :   17;
	3953   :   17;
	3954   :   13;
	3955   :   00;
	3956   :   00;
	3957   :   00;
	3958   :   0f;
	3959   :   0d;
	395a   :   03;
	395b   :   04;
	395c   :   13;
	395d   :   00;
	395e   :   00;
	395f   :   00;
	3960   :   05;
	3961   :   05;
	3962   :   04;
	3963   :   04;
	3964   :   13;
	3965   :   00;
	3966   :   00;
	3967   :   00;
	3968   :   04;
	3969   :   06;
	396a   :   05;
	396b   :   04;
	396c   :   13;
	396d   :   00;
	396e   :   00;
	396f   :   00;
	3970   :   06;
	3971   :   0e;
	3972   :   0e;
	3973   :   0e;
	3974   :   13;
	3975   :   00;
	3976   :   00;
	3977   :   00;
	3978   :   0e;
	3979   :   05;
	397a   :   0e;
	397b   :   0e;
	397c   :   13;
	397d   :   00;
	397e   :   00;
	397f   :   00;
	3980   :   05;
	3981   :   05;
	3982   :   05;
	3983   :   05;
	3984   :   13;
	3985   :   00;
	3986   :   00;
	3987   :   00;
	3988   :   0e;
	3989   :   14;
	398a   :   14;
	398b   :   14;
	398c   :   13;
	398d   :   00;
	398e   :   00;
	398f   :   00;
	3990   :   14;
	3991   :   14;
	3992   :   14;
	3993   :   14;
	3994   :   13;
	3995   :   00;
	3996   :   00;
	3997   :   00;
	3998   :   14;
	3999   :   14;
	399a   :   14;
	399b   :   15;
	399c   :   13;
	399d   :   00;
	399e   :   00;
	399f   :   00;
	39a0   :   15;
	39a1   :   15;
	39a2   :   15;
	39a3   :   15;
	39a4   :   13;
	39a5   :   00;
	39a6   :   00;
	39a7   :   00;
	39a8   :   15;
	39a9   :   15;
	39aa   :   15;
	39ab   :   1d;
	39ac   :   13;
	39ad   :   00;
	39ae   :   00;
	39af   :   00;
	39b0   :   1d;
	39b1   :   1d;
	39b2   :   1d;
	39b3   :   1d;
	39b4   :   13;
	39b5   :   00;
	39b6   :   00;
	39b7   :   00;
	39b8   :   1d;
	39b9   :   1d;
	39ba   :   1d;
	39bb   :   1d;
	39bc   :   13;
	39bd   :   00;
	39be   :   00;
	39bf   :   00;
	39c0   :   1e;
	39c1   :   1e;
	39c2   :   1e;
	39c3   :   1e;
	39c4   :   13;
	39c5   :   00;
	39c6   :   00;
	39c7   :   00;
	39c8   :   1e;
	39c9   :   1e;
	39ca   :   1e;
	39cb   :   26;
	39cc   :   13;
	39cd   :   00;
	39ce   :   00;
	39cf   :   00;
	39d0   :   26;
	39d1   :   27;
	39d2   :   27;
	39d3   :   27;
	39d4   :   13;
	39d5   :   00;
	39d6   :   00;
	39d7   :   00;
	39d8   :   27;
	39d9   :   27;
	39da   :   27;
	39db   :   1e;
	39dc   :   13;
	39dd   :   00;
	39de   :   00;
	39df   :   00;
	39e0   :   27;
	39e1   :   1f;
	39e2   :   1f;
	39e3   :   19;
	39e4   :   13;
	39e5   :   00;
	39e6   :   00;
	39e7   :   00;
	39e8   :   08;
	39e9   :   08;
	39ea   :   10;
	39eb   :   10;
	39ec   :   13;
	39ed   :   00;
	39ee   :   00;
	39ef   :   00;
	39f0   :   18;
	39f1   :   60;
	39f2   :   60;
	39f3   :   60;
	39f4   :   13;
	39f5   :   00;
	39f6   :   00;
	39f7   :   00;
	39f8   :   60;
	39f9   :   60;
	39fa   :   a8;
	39fb   :   50;
	39fc   :   13;
	39fd   :   00;
	39fe   :   00;
	39ff   :   00;
	3a00   :   08;
	3a01   :   10;
	3a02   :   18;
	3a03   :   60;
	3a04   :   13;
	3a05   :   00;
	3a06   :   00;
	3a07   :   00;
	3a08   :   60;
	3a09   :   60;
	3a0a   :   18;
	3a0b   :   08;
	3a0c   :   13;
	3a0d   :   00;
	3a0e   :   00;
	3a0f   :   00;
	3a10   :   00;
	3a11   :   00;
	3a12   :   08;
	3a13   :   08;
	3a14   :   13;
	3a15   :   00;
	3a16   :   00;
	3a17   :   00;
	3a18   :   08;
	3a19   :   10;
	3a1a   :   18;
	3a1b   :   60;
	3a1c   :   13;
	3a1d   :   00;
	3a1e   :   00;
	3a1f   :   00;
	3a20   :   60;
	3a21   :   6b;
	3a22   :   0b;
	3a23   :   02;
	3a24   :   13;
	3a25   :   00;
	3a26   :   00;
	3a27   :   00;
	3a28   :   02;
	3a29   :   02;
	3a2a   :   04;
	3a2b   :   0d;
	3a2c   :   13;
	3a2d   :   00;
	3a2e   :   00;
	3a2f   :   00;
	3a30   :   16;
	3a31   :   16;
	3a32   :   56;
	3a33   :   54;
	3a34   :   13;
	3a35   :   00;
	3a36   :   00;
	3a37   :   00;
	3a38   :   0c;
	3a39   :   17;
	3a3a   :   17;
	3a3b   :   1f;
	3a3c   :   13;
	3a3d   :   00;
	3a3e   :   00;
	3a3f   :   00;
	3a40   :   1f;
	3a41   :   1f;
	3a42   :   1f;
	3a43   :   1f;
	3a44   :   13;
	3a45   :   00;
	3a46   :   00;
	3a47   :   00;
	3a48   :   67;
	3a49   :   f6;
	3a4a   :   fd;
	3a4b   :   fe;
	3a4c   :   13;
	3a4d   :   00;
	3a4e   :   00;
	3a4f   :   00;
	3a50   :   fe;
	3a51   :   ff;
	3a52   :   ff;
	3a53   :   fe;
	3a54   :   13;
	3a55   :   00;
	3a56   :   00;
	3a57   :   00;
	3a58   :   fe;
	3a59   :   fe;
	3a5a   :   fe;
	3a5b   :   f6;
	3a5c   :   13;
	3a5d   :   00;
	3a5e   :   00;
	3a5f   :   00;
	3a60   :   fe;
	3a61   :   f6;
	3a62   :   af;
	3a63   :   af;
	3a64   :   13;
	3a65   :   00;
	3a66   :   00;
	3a67   :   00;
	3a68   :   67;
	3a69   :   27;
	3a6a   :   27;
	3a6b   :   1f;
	3a6c   :   13;
	3a6d   :   00;
	3a6e   :   00;
	3a6f   :   00;
	3a70   :   27;
	3a71   :   27;
	3a72   :   27;
	3a73   :   27;
	3a74   :   13;
	3a75   :   00;
	3a76   :   00;
	3a77   :   00;
	3a78   :   27;
	3a79   :   1f;
	3a7a   :   1f;
	3a7b   :   1f;
	3a7c   :   13;
	3a7d   :   00;
	3a7e   :   00;
	3a7f   :   00;
	3a80   :   1f;
	3a81   :   1f;
	3a82   :   17;
	3a83   :   17;
	3a84   :   13;
	3a85   :   00;
	3a86   :   00;
	3a87   :   00;
	3a88   :   1f;
	3a89   :   17;
	3a8a   :   17;
	3a8b   :   17;
	3a8c   :   13;
	3a8d   :   00;
	3a8e   :   00;
	3a8f   :   00;
	3a90   :   17;
	3a91   :   17;
	3a92   :   0e;
	3a93   :   0e;
	3a94   :   13;
	3a95   :   00;
	3a96   :   00;
	3a97   :   00;
	3a98   :   0e;
	3a99   :   05;
	3a9a   :   04;
	3a9b   :   0e;
	3a9c   :   13;
	3a9d   :   00;
	3a9e   :   00;
	3a9f   :   00;
	3aa0   :   0f;
	3aa1   :   05;
	3aa2   :   05;
	3aa3   :   05;
	3aa4   :   13;
	3aa5   :   00;
	3aa6   :   00;
	3aa7   :   00;
	3aa8   :   0e;
	3aa9   :   0e;
	3aaa   :   05;
	3aab   :   0e;
	3aac   :   13;
	3aad   :   00;
	3aae   :   00;
	3aaf   :   00;
	3ab0   :   0f;
	3ab1   :   0e;
	3ab2   :   0f;
	3ab3   :   0f;
	3ab4   :   13;
	3ab5   :   00;
	3ab6   :   00;
	3ab7   :   00;
	3ab8   :   0e;
	3ab9   :   0e;
	3aba   :   0e;
	3abb   :   0e;
	3abc   :   13;
	3abd   :   00;
	3abe   :   00;
	3abf   :   00;
	3ac0   :   0e;
	3ac1   :   05;
	3ac2   :   05;
	3ac3   :   0e;
	3ac4   :   13;
	3ac5   :   00;
	3ac6   :   00;
	3ac7   :   00;
	3ac8   :   0e;
	3ac9   :   0e;
	3aca   :   14;
	3acb   :   14;
	3acc   :   13;
	3acd   :   00;
	3ace   :   00;
	3acf   :   00;
	3ad0   :   14;
	3ad1   :   15;
	3ad2   :   15;
	3ad3   :   15;
	3ad4   :   13;
	3ad5   :   00;
	3ad6   :   00;
	3ad7   :   00;
	3ad8   :   15;
	3ad9   :   15;
	3ada   :   15;
	3adb   :   15;
	3adc   :   13;
	3add   :   00;
	3ade   :   00;
	3adf   :   00;
	3ae0   :   15;
	3ae1   :   1d;
	3ae2   :   1f;
	3ae3   :   1e;
	3ae4   :   13;
	3ae5   :   00;
	3ae6   :   00;
	3ae7   :   00;
	3ae8   :   1d;
	3ae9   :   1e;
	3aea   :   1e;
	3aeb   :   1d;
	3aec   :   13;
	3aed   :   00;
	3aee   :   00;
	3aef   :   00;
	3af0   :   1d;
	3af1   :   1d;
	3af2   :   1f;
	3af3   :   1f;
	3af4   :   13;
	3af5   :   00;
	3af6   :   00;
	3af7   :   00;
	3af8   :   1e;
	3af9   :   1e;
	3afa   :   1e;
	3afb   :   1e;
	3afc   :   13;
	3afd   :   00;
	3afe   :   00;
	3aff   :   00;
	3b00   :   1e;
	3b01   :   1e;
	3b02   :   1e;
	3b03   :   1e;
	3b04   :   13;
	3b05   :   00;
	3b06   :   00;
	3b07   :   00;
	3b08   :   27;
	3b09   :   27;
	3b0a   :   26;
	3b0b   :   26;
	3b0c   :   13;
	3b0d   :   00;
	3b0e   :   00;
	3b0f   :   00;
	3b10   :   27;
	3b11   :   27;
	3b12   :   27;
	3b13   :   27;
	3b14   :   13;
	3b15   :   00;
	3b16   :   00;
	3b17   :   00;
	3b18   :   27;
	3b19   :   27;
	3b1a   :   1f;
	3b1b   :   1f;
	3b1c   :   13;
	3b1d   :   00;
	3b1e   :   00;
	3b1f   :   00;
	3b20   :   1f;
	3b21   :   1f;
	3b22   :   1f;
	3b23   :   61;
	3b24   :   13;
	3b25   :   00;
	3b26   :   00;
	3b27   :   00;
	3b28   :   08;
	3b29   :   08;
	3b2a   :   08;
	3b2b   :   10;
	3b2c   :   13;
	3b2d   :   00;
	3b2e   :   00;
	3b2f   :   00;
	3b30   :   10;
	3b31   :   18;
	3b32   :   18;
	3b33   :   18;
	3b34   :   13;
	3b35   :   00;
	3b36   :   00;
	3b37   :   00;
	3b38   :   10;
	3b39   :   10;
	3b3a   :   10;
	3b3b   :   58;
	3b3c   :   13;
	3b3d   :   00;
	3b3e   :   00;
	3b3f   :   00;
	3b40   :   10;
	3b41   :   08;
	3b42   :   10;
	3b43   :   18;
	3b44   :   13;
	3b45   :   00;
	3b46   :   00;
	3b47   :   00;
	3b48   :   18;
	3b49   :   10;
	3b4a   :   08;
	3b4b   :   10;
	3b4c   :   13;
	3b4d   :   00;
	3b4e   :   00;
	3b4f   :   00;
	3b50   :   10;
	3b51   :   10;
	3b52   :   10;
	3b53   :   50;
	3b54   :   13;
	3b55   :   00;
	3b56   :   00;
	3b57   :   00;
	3b58   :   58;
	3b59   :   58;
	3b5a   :   60;
	3b5b   :   60;
	3b5c   :   13;
	3b5d   :   00;
	3b5e   :   00;
	3b5f   :   00;
	3b60   :   60;
	3b61   :   69;
	3b62   :   63;
	3b63   :   0d;
	3b64   :   13;
	3b65   :   00;
	3b66   :   00;
	3b67   :   00;
	3b68   :   03;
	3b69   :   02;
	3b6a   :   03;
	3b6b   :   04;
	3b6c   :   13;
	3b6d   :   00;
	3b6e   :   00;
	3b6f   :   00;
	3b70   :   0d;
	3b71   :   16;
	3b72   :   16;
	3b73   :   0c;
	3b74   :   13;
	3b75   :   00;
	3b76   :   00;
	3b77   :   00;
	3b78   :   0d;
	3b79   :   0e;
	3b7a   :   0e;
	3b7b   :   16;
	3b7c   :   13;
	3b7d   :   00;
	3b7e   :   00;
	3b7f   :   00;
	3b80   :   1f;
	3b81   :   1f;
	3b82   :   1f;
	3b83   :   1f;
	3b84   :   13;
	3b85   :   00;
	3b86   :   00;
	3b87   :   00;
	3b88   :   67;
	3b89   :   a4;
	3b8a   :   a2;
	3b8b   :   f5;
	3b8c   :   13;
	3b8d   :   00;
	3b8e   :   00;
	3b8f   :   00;
	3b90   :   ff;
	3b91   :   ff;
	3b92   :   ff;
	3b93   :   ff;
	3b94   :   13;
	3b95   :   00;
	3b96   :   00;
	3b97   :   00;
	3b98   :   fe;
	3b99   :   fe;
	3b9a   :   fe;
	3b9b   :   fe;
	3b9c   :   13;
	3b9d   :   00;
	3b9e   :   00;
	3b9f   :   00;
	3ba0   :   fe;
	3ba1   :   f6;
	3ba2   :   f6;
	3ba3   :   f7;
	3ba4   :   13;
	3ba5   :   00;
	3ba6   :   00;
	3ba7   :   00;
	3ba8   :   f7;
	3ba9   :   f7;
	3baa   :   6f;
	3bab   :   67;
	3bac   :   13;
	3bad   :   00;
	3bae   :   00;
	3baf   :   00;
	3bb0   :   1f;
	3bb1   :   1f;
	3bb2   :   27;
	3bb3   :   27;
	3bb4   :   13;
	3bb5   :   00;
	3bb6   :   00;
	3bb7   :   00;
	3bb8   :   27;
	3bb9   :   27;
	3bba   :   1f;
	3bbb   :   1f;
	3bbc   :   13;
	3bbd   :   00;
	3bbe   :   00;
	3bbf   :   00;
	3bc0   :   1f;
	3bc1   :   1f;
	3bc2   :   1f;
	3bc3   :   1f;
	3bc4   :   13;
	3bc5   :   00;
	3bc6   :   00;
	3bc7   :   00;
	3bc8   :   1f;
	3bc9   :   1f;
	3bca   :   17;
	3bcb   :   0e;
	3bcc   :   13;
	3bcd   :   00;
	3bce   :   00;
	3bcf   :   00;
	3bd0   :   0e;
	3bd1   :   0e;
	3bd2   :   0f;
	3bd3   :   0e;
	3bd4   :   13;
	3bd5   :   00;
	3bd6   :   00;
	3bd7   :   00;
	3bd8   :   0e;
	3bd9   :   0e;
	3bda   :   06;
	3bdb   :   0f;
	3bdc   :   13;
	3bdd   :   00;
	3bde   :   00;
	3bdf   :   00;
	3be0   :   0e;
	3be1   :   06;
	3be2   :   0e;
	3be3   :   0e;
	3be4   :   13;
	3be5   :   00;
	3be6   :   00;
	3be7   :   00;
	3be8   :   0f;
	3be9   :   0e;
	3bea   :   0f;
	3beb   :   0f;
	3bec   :   13;
	3bed   :   00;
	3bee   :   00;
	3bef   :   00;
	3bf0   :   0f;
	3bf1   :   0f;
	3bf2   :   0f;
	3bf3   :   0f;
	3bf4   :   13;
	3bf5   :   00;
	3bf6   :   00;
	3bf7   :   00;
	3bf8   :   0e;
	3bf9   :   0f;
	3bfa   :   0f;
	3bfb   :   0f;
	3bfc   :   13;
	3bfd   :   00;
	3bfe   :   00;
	3bff   :   00;
	3c00   :   0e;
	3c01   :   05;
	3c02   :   0d;
	3c03   :   0e;
	3c04   :   13;
	3c05   :   00;
	3c06   :   00;
	3c07   :   00;
	3c08   :   0e;
	3c09   :   06;
	3c0a   :   0e;
	3c0b   :   15;
	3c0c   :   13;
	3c0d   :   00;
	3c0e   :   00;
	3c0f   :   00;
	3c10   :   15;
	3c11   :   15;
	3c12   :   15;
	3c13   :   15;
	3c14   :   13;
	3c15   :   00;
	3c16   :   00;
	3c17   :   00;
	3c18   :   15;
	3c19   :   15;
	3c1a   :   15;
	3c1b   :   1e;
	3c1c   :   13;
	3c1d   :   00;
	3c1e   :   00;
	3c1f   :   00;
	3c20   :   1f;
	3c21   :   1f;
	3c22   :   17;
	3c23   :   17;
	3c24   :   13;
	3c25   :   00;
	3c26   :   00;
	3c27   :   00;
	3c28   :   1f;
	3c29   :   17;
	3c2a   :   17;
	3c2b   :   1f;
	3c2c   :   13;
	3c2d   :   00;
	3c2e   :   00;
	3c2f   :   00;
	3c30   :   1f;
	3c31   :   1f;
	3c32   :   1f;
	3c33   :   1f;
	3c34   :   13;
	3c35   :   00;
	3c36   :   00;
	3c37   :   00;
	3c38   :   1f;
	3c39   :   1f;
	3c3a   :   1e;
	3c3b   :   1e;
	3c3c   :   13;
	3c3d   :   00;
	3c3e   :   00;
	3c3f   :   00;
	3c40   :   1e;
	3c41   :   1e;
	3c42   :   1f;
	3c43   :   27;
	3c44   :   13;
	3c45   :   00;
	3c46   :   00;
	3c47   :   00;
	3c48   :   27;
	3c49   :   27;
	3c4a   :   27;
	3c4b   :   27;
	3c4c   :   13;
	3c4d   :   00;
	3c4e   :   00;
	3c4f   :   00;
	3c50   :   1f;
	3c51   :   1f;
	3c52   :   1f;
	3c53   :   27;
	3c54   :   13;
	3c55   :   00;
	3c56   :   00;
	3c57   :   00;
	3c58   :   1f;
	3c59   :   1f;
	3c5a   :   1f;
	3c5b   :   1f;
	3c5c   :   13;
	3c5d   :   00;
	3c5e   :   00;
	3c5f   :   00;
	3c60   :   1f;
	3c61   :   1f;
	3c62   :   1f;
	3c63   :   25;
	3c64   :   13;
	3c65   :   00;
	3c66   :   00;
	3c67   :   00;
	3c68   :   58;
	3c69   :   08;
	3c6a   :   08;
	3c6b   :   08;
	3c6c   :   13;
	3c6d   :   00;
	3c6e   :   00;
	3c6f   :   00;
	3c70   :   08;
	3c71   :   08;
	3c72   :   08;
	3c73   :   01;
	3c74   :   13;
	3c75   :   00;
	3c76   :   00;
	3c77   :   00;
	3c78   :   0b;
	3c79   :   0d;
	3c7a   :   15;
	3c7b   :   5d;
	3c7c   :   13;
	3c7d   :   00;
	3c7e   :   00;
	3c7f   :   00;
	3c80   :   1c;
	3c81   :   09;
	3c82   :   00;
	3c83   :   00;
	3c84   :   13;
	3c85   :   00;
	3c86   :   00;
	3c87   :   00;
	3c88   :   00;
	3c89   :   00;
	3c8a   :   10;
	3c8b   :   10;
	3c8c   :   13;
	3c8d   :   00;
	3c8e   :   00;
	3c8f   :   00;
	3c90   :   10;
	3c91   :   10;
	3c92   :   09;
	3c93   :   0a;
	3c94   :   13;
	3c95   :   00;
	3c96   :   00;
	3c97   :   00;
	3c98   :   0b;
	3c99   :   01;
	3c9a   :   08;
	3c9b   :   10;
	3c9c   :   13;
	3c9d   :   00;
	3c9e   :   00;
	3c9f   :   00;
	3ca0   :   58;
	3ca1   :   60;
	3ca2   :   a9;
	3ca3   :   65;
	3ca4   :   13;
	3ca5   :   00;
	3ca6   :   00;
	3ca7   :   00;
	3ca8   :   1f;
	3ca9   :   0c;
	3caa   :   02;
	3cab   :   02;
	3cac   :   13;
	3cad   :   00;
	3cae   :   00;
	3caf   :   00;
	3cb0   :   03;
	3cb1   :   0d;
	3cb2   :   0c;
	3cb3   :   0b;
	3cb4   :   13;
	3cb5   :   00;
	3cb6   :   00;
	3cb7   :   00;
	3cb8   :   0c;
	3cb9   :   0d;
	3cba   :   0f;
	3cbb   :   0e;
	3cbc   :   13;
	3cbd   :   00;
	3cbe   :   00;
	3cbf   :   00;
	3cc0   :   0e;
	3cc1   :   0e;
	3cc2   :   5e;
	3cc3   :   5d;
	3cc4   :   13;
	3cc5   :   00;
	3cc6   :   00;
	3cc7   :   00;
	3cc8   :   12;
	3cc9   :   00;
	3cca   :   49;
	3ccb   :   f4;
	3ccc   :   13;
	3ccd   :   00;
	3cce   :   00;
	3ccf   :   00;
	3cd0   :   fe;
	3cd1   :   fe;
	3cd2   :   fe;
	3cd3   :   fe;
	3cd4   :   13;
	3cd5   :   00;
	3cd6   :   00;
	3cd7   :   00;
	3cd8   :   fe;
	3cd9   :   fe;
	3cda   :   fe;
	3cdb   :   fe;
	3cdc   :   13;
	3cdd   :   00;
	3cde   :   00;
	3cdf   :   00;
	3ce0   :   fe;
	3ce1   :   fe;
	3ce2   :   f6;
	3ce3   :   f6;
	3ce4   :   13;
	3ce5   :   00;
	3ce6   :   00;
	3ce7   :   00;
	3ce8   :   b6;
	3ce9   :   f7;
	3cea   :   f7;
	3ceb   :   af;
	3cec   :   13;
	3ced   :   00;
	3cee   :   00;
	3cef   :   00;
	3cf0   :   6f;
	3cf1   :   27;
	3cf2   :   1f;
	3cf3   :   27;
	3cf4   :   13;
	3cf5   :   00;
	3cf6   :   00;
	3cf7   :   00;
	3cf8   :   27;
	3cf9   :   27;
	3cfa   :   27;
	3cfb   :   1f;
	3cfc   :   13;
	3cfd   :   00;
	3cfe   :   00;
	3cff   :   00;
	3d00   :   1f;
	3d01   :   1f;
	3d02   :   1f;
	3d03   :   17;
	3d04   :   13;
	3d05   :   00;
	3d06   :   00;
	3d07   :   00;
	3d08   :   17;
	3d09   :   17;
	3d0a   :   0f;
	3d0b   :   0f;
	3d0c   :   13;
	3d0d   :   00;
	3d0e   :   00;
	3d0f   :   00;
	3d10   :   0f;
	3d11   :   0f;
	3d12   :   0f;
	3d13   :   0e;
	3d14   :   13;
	3d15   :   00;
	3d16   :   00;
	3d17   :   00;
	3d18   :   0f;
	3d19   :   0f;
	3d1a   :   0f;
	3d1b   :   0f;
	3d1c   :   13;
	3d1d   :   00;
	3d1e   :   00;
	3d1f   :   00;
	3d20   :   0f;
	3d21   :   0f;
	3d22   :   0f;
	3d23   :   17;
	3d24   :   13;
	3d25   :   00;
	3d26   :   00;
	3d27   :   00;
	3d28   :   17;
	3d29   :   17;
	3d2a   :   17;
	3d2b   :   17;
	3d2c   :   13;
	3d2d   :   00;
	3d2e   :   00;
	3d2f   :   00;
	3d30   :   17;
	3d31   :   17;
	3d32   :   0f;
	3d33   :   0f;
	3d34   :   13;
	3d35   :   00;
	3d36   :   00;
	3d37   :   00;
	3d38   :   0f;
	3d39   :   0f;
	3d3a   :   0f;
	3d3b   :   17;
	3d3c   :   13;
	3d3d   :   00;
	3d3e   :   00;
	3d3f   :   00;
	3d40   :   0e;
	3d41   :   05;
	3d42   :   0e;
	3d43   :   0e;
	3d44   :   13;
	3d45   :   00;
	3d46   :   00;
	3d47   :   00;
	3d48   :   0e;
	3d49   :   0e;
	3d4a   :   0e;
	3d4b   :   0f;
	3d4c   :   13;
	3d4d   :   00;
	3d4e   :   00;
	3d4f   :   00;
	3d50   :   15;
	3d51   :   15;
	3d52   :   15;
	3d53   :   15;
	3d54   :   13;
	3d55   :   00;
	3d56   :   00;
	3d57   :   00;
	3d58   :   15;
	3d59   :   16;
	3d5a   :   17;
	3d5b   :   17;
	3d5c   :   13;
	3d5d   :   00;
	3d5e   :   00;
	3d5f   :   00;
	3d60   :   17;
	3d61   :   17;
	3d62   :   17;
	3d63   :   17;
	3d64   :   13;
	3d65   :   00;
	3d66   :   00;
	3d67   :   00;
	3d68   :   17;
	3d69   :   17;
	3d6a   :   17;
	3d6b   :   17;
	3d6c   :   13;
	3d6d   :   00;
	3d6e   :   00;
	3d6f   :   00;
	3d70   :   17;
	3d71   :   17;
	3d72   :   1f;
	3d73   :   17;
	3d74   :   13;
	3d75   :   00;
	3d76   :   00;
	3d77   :   00;
	3d78   :   17;
	3d79   :   1f;
	3d7a   :   1f;
	3d7b   :   1f;
	3d7c   :   13;
	3d7d   :   00;
	3d7e   :   00;
	3d7f   :   00;
	3d80   :   1f;
	3d81   :   1f;
	3d82   :   1f;
	3d83   :   1f;
	3d84   :   13;
	3d85   :   00;
	3d86   :   00;
	3d87   :   00;
	3d88   :   1f;
	3d89   :   1f;
	3d8a   :   1f;
	3d8b   :   1f;
	3d8c   :   13;
	3d8d   :   00;
	3d8e   :   00;
	3d8f   :   00;
	3d90   :   27;
	3d91   :   27;
	3d92   :   27;
	3d93   :   1f;
	3d94   :   13;
	3d95   :   00;
	3d96   :   00;
	3d97   :   00;
	3d98   :   1f;
	3d99   :   1f;
	3d9a   :   1f;
	3d9b   :   1f;
	3d9c   :   13;
	3d9d   :   00;
	3d9e   :   00;
	3d9f   :   00;
	3da0   :   1f;
	3da1   :   1f;
	3da2   :   1f;
	3da3   :   1f;
	3da4   :   13;
	3da5   :   00;
	3da6   :   00;
	3da7   :   00;
	3da8   :   63;
	3da9   :   18;
	3daa   :   08;
	3dab   :   08;
	3dac   :   13;
	3dad   :   00;
	3dae   :   00;
	3daf   :   00;
	3db0   :   08;
	3db1   :   09;
	3db2   :   04;
	3db3   :   03;
	3db4   :   13;
	3db5   :   00;
	3db6   :   00;
	3db7   :   00;
	3db8   :   03;
	3db9   :   0d;
	3dba   :   16;
	3dbb   :   5f;
	3dbc   :   13;
	3dbd   :   00;
	3dbe   :   00;
	3dbf   :   00;
	3dc0   :   67;
	3dc1   :   15;
	3dc2   :   00;
	3dc3   :   00;
	3dc4   :   13;
	3dc5   :   00;
	3dc6   :   00;
	3dc7   :   00;
	3dc8   :   08;
	3dc9   :   08;
	3dca   :   09;
	3dcb   :   0a;
	3dcc   :   13;
	3dcd   :   00;
	3dce   :   00;
	3dcf   :   00;
	3dd0   :   0b;
	3dd1   :   03;
	3dd2   :   0c;
	3dd3   :   0d;
	3dd4   :   13;
	3dd5   :   00;
	3dd6   :   00;
	3dd7   :   00;
	3dd8   :   15;
	3dd9   :   0d;
	3dda   :   01;
	3ddb   :   08;
	3ddc   :   13;
	3ddd   :   00;
	3dde   :   00;
	3ddf   :   00;
	3de0   :   00;
	3de1   :   08;
	3de2   :   08;
	3de3   :   14;
	3de4   :   13;
	3de5   :   00;
	3de6   :   00;
	3de7   :   00;
	3de8   :   27;
	3de9   :   27;
	3dea   :   1e;
	3deb   :   0b;
	3dec   :   13;
	3ded   :   00;
	3dee   :   00;
	3def   :   00;
	3df0   :   02;
	3df1   :   03;
	3df2   :   03;
	3df3   :   0c;
	3df4   :   13;
	3df5   :   00;
	3df6   :   00;
	3df7   :   00;
	3df8   :   03;
	3df9   :   0d;
	3dfa   :   54;
	3dfb   :   52;
	3dfc   :   13;
	3dfd   :   00;
	3dfe   :   00;
	3dff   :   00;
	3e00   :   52;
	3e01   :   52;
	3e02   :   09;
	3e03   :   00;
	3e04   :   13;
	3e05   :   00;
	3e06   :   00;
	3e07   :   00;
	3e08   :   00;
	3e09   :   14;
	3e0a   :   6f;
	3e0b   :   af;
	3e0c   :   13;
	3e0d   :   00;
	3e0e   :   00;
	3e0f   :   00;
	3e10   :   ac;
	3e11   :   ac;
	3e12   :   f5;
	3e13   :   f6;
	3e14   :   13;
	3e15   :   00;
	3e16   :   00;
	3e17   :   00;
	3e18   :   f6;
	3e19   :   f6;
	3e1a   :   f6;
	3e1b   :   f7;
	3e1c   :   13;
	3e1d   :   00;
	3e1e   :   00;
	3e1f   :   00;
	3e20   :   f7;
	3e21   :   f7;
	3e22   :   f7;
	3e23   :   f7;
	3e24   :   13;
	3e25   :   00;
	3e26   :   00;
	3e27   :   00;
	3e28   :   b7;
	3e29   :   b7;
	3e2a   :   b7;
	3e2b   :   f6;
	3e2c   :   13;
	3e2d   :   00;
	3e2e   :   00;
	3e2f   :   00;
	3e30   :   af;
	3e31   :   6f;
	3e32   :   5e;
	3e33   :   1f;
	3e34   :   13;
	3e35   :   00;
	3e36   :   00;
	3e37   :   00;
	3e38   :   27;
	3e39   :   67;
	3e3a   :   1f;
	3e3b   :   17;
	3e3c   :   13;
	3e3d   :   00;
	3e3e   :   00;
	3e3f   :   00;
	3e40   :   1f;
	3e41   :   17;
	3e42   :   17;
	3e43   :   17;
	3e44   :   13;
	3e45   :   00;
	3e46   :   00;
	3e47   :   00;
	3e48   :   0f;
	3e49   :   0f;
	3e4a   :   17;
	3e4b   :   0f;
	3e4c   :   13;
	3e4d   :   00;
	3e4e   :   00;
	3e4f   :   00;
	3e50   :   17;
	3e51   :   17;
	3e52   :   0f;
	3e53   :   0f;
	3e54   :   13;
	3e55   :   00;
	3e56   :   00;
	3e57   :   00;
	3e58   :   17;
	3e59   :   0f;
	3e5a   :   0f;
	3e5b   :   0f;
	3e5c   :   13;
	3e5d   :   00;
	3e5e   :   00;
	3e5f   :   00;
	3e60   :   17;
	3e61   :   17;
	3e62   :   17;
	3e63   :   17;
	3e64   :   13;
	3e65   :   00;
	3e66   :   00;
	3e67   :   00;
	3e68   :   17;
	3e69   :   17;
	3e6a   :   17;
	3e6b   :   17;
	3e6c   :   13;
	3e6d   :   00;
	3e6e   :   00;
	3e6f   :   00;
	3e70   :   17;
	3e71   :   17;
	3e72   :   17;
	3e73   :   0f;
	3e74   :   13;
	3e75   :   00;
	3e76   :   00;
	3e77   :   00;
	3e78   :   17;
	3e79   :   17;
	3e7a   :   17;
	3e7b   :   17;
	3e7c   :   13;
	3e7d   :   00;
	3e7e   :   00;
	3e7f   :   00;
	3e80   :   0e;
	3e81   :   05;
	3e82   :   0e;
	3e83   :   0e;
	3e84   :   13;
	3e85   :   00;
	3e86   :   00;
	3e87   :   00;
	3e88   :   0e;
	3e89   :   0e;
	3e8a   :   0e;
	3e8b   :   0f;
	3e8c   :   13;
	3e8d   :   00;
	3e8e   :   00;
	3e8f   :   00;
	3e90   :   0e;
	3e91   :   15;
	3e92   :   1e;
	3e93   :   16;
	3e94   :   13;
	3e95   :   00;
	3e96   :   00;
	3e97   :   00;
	3e98   :   17;
	3e99   :   17;
	3e9a   :   17;
	3e9b   :   17;
	3e9c   :   13;
	3e9d   :   00;
	3e9e   :   00;
	3e9f   :   00;
	3ea0   :   17;
	3ea1   :   17;
	3ea2   :   17;
	3ea3   :   17;
	3ea4   :   13;
	3ea5   :   00;
	3ea6   :   00;
	3ea7   :   00;
	3ea8   :   17;
	3ea9   :   17;
	3eaa   :   17;
	3eab   :   17;
	3eac   :   13;
	3ead   :   00;
	3eae   :   00;
	3eaf   :   00;
	3eb0   :   17;
	3eb1   :   1f;
	3eb2   :   17;
	3eb3   :   17;
	3eb4   :   13;
	3eb5   :   00;
	3eb6   :   00;
	3eb7   :   00;
	3eb8   :   17;
	3eb9   :   1f;
	3eba   :   1f;
	3ebb   :   1f;
	3ebc   :   13;
	3ebd   :   00;
	3ebe   :   00;
	3ebf   :   00;
	3ec0   :   1f;
	3ec1   :   1f;
	3ec2   :   1f;
	3ec3   :   27;
	3ec4   :   13;
	3ec5   :   00;
	3ec6   :   00;
	3ec7   :   00;
	3ec8   :   27;
	3ec9   :   27;
	3eca   :   27;
	3ecb   :   1f;
	3ecc   :   13;
	3ecd   :   00;
	3ece   :   00;
	3ecf   :   00;
	3ed0   :   27;
	3ed1   :   27;
	3ed2   :   27;
	3ed3   :   1f;
	3ed4   :   13;
	3ed5   :   00;
	3ed6   :   00;
	3ed7   :   00;
	3ed8   :   1f;
	3ed9   :   1f;
	3eda   :   1f;
	3edb   :   1f;
	3edc   :   13;
	3edd   :   00;
	3ede   :   00;
	3edf   :   00;
	3ee0   :   1f;
	3ee1   :   1f;
	3ee2   :   1f;
	3ee3   :   1f;
	3ee4   :   13;
	3ee5   :   00;
	3ee6   :   00;
	3ee7   :   00;
	3ee8   :   1f;
	3ee9   :   23;
	3eea   :   10;
	3eeb   :   08;
	3eec   :   13;
	3eed   :   00;
	3eee   :   00;
	3eef   :   00;
	3ef0   :   01;
	3ef1   :   02;
	3ef2   :   03;
	3ef3   :   0c;
	3ef4   :   13;
	3ef5   :   00;
	3ef6   :   00;
	3ef7   :   00;
	3ef8   :   03;
	3ef9   :   03;
	3efa   :   0d;
	3efb   :   16;
	3efc   :   13;
	3efd   :   00;
	3efe   :   00;
	3eff   :   00;
	3f00   :   16;
	3f01   :   1f;
	3f02   :   0b;
	3f03   :   00;
	3f04   :   13;
	3f05   :   00;
	3f06   :   00;
	3f07   :   00;
	3f08   :   08;
	3f09   :   02;
	3f0a   :   0c;
	3f0b   :   0d;
	3f0c   :   13;
	3f0d   :   00;
	3f0e   :   00;
	3f0f   :   00;
	3f10   :   0c;
	3f11   :   0c;
	3f12   :   0c;
	3f13   :   0c;
	3f14   :   13;
	3f15   :   00;
	3f16   :   00;
	3f17   :   00;
	3f18   :   0c;
	3f19   :   15;
	3f1a   :   0c;
	3f1b   :   10;
	3f1c   :   13;
	3f1d   :   00;
	3f1e   :   00;
	3f1f   :   00;
	3f20   :   10;
	3f21   :   00;
	3f22   :   00;
	3f23   :   11;
	3f24   :   13;
	3f25   :   00;
	3f26   :   00;
	3f27   :   00;
	3f28   :   13;
	3f29   :   1d;
	3f2a   :   27;
	3f2b   :   1f;
	3f2c   :   13;
	3f2d   :   00;
	3f2e   :   00;
	3f2f   :   00;
	3f30   :   0c;
	3f31   :   03;
	3f32   :   02;
	3f33   :   03;
	3f34   :   13;
	3f35   :   00;
	3f36   :   00;
	3f37   :   00;
	3f38   :   04;
	3f39   :   0b;
	3f3a   :   49;
	3f3b   :   52;
	3f3c   :   13;
	3f3d   :   00;
	3f3e   :   00;
	3f3f   :   00;
	3f40   :   49;
	3f41   :   00;
	3f42   :   00;
	3f43   :   00;
	3f44   :   13;
	3f45   :   00;
	3f46   :   00;
	3f47   :   00;
	3f48   :   01;
	3f49   :   0a;
	3f4a   :   14;
	3f4b   :   1d;
	3f4c   :   13;
	3f4d   :   00;
	3f4e   :   00;
	3f4f   :   00;
	3f50   :   4a;
	3f51   :   00;
	3f52   :   5d;
	3f53   :   af;
	3f54   :   13;
	3f55   :   00;
	3f56   :   00;
	3f57   :   00;
	3f58   :   af;
	3f59   :   af;
	3f5a   :   b7;
	3f5b   :   af;
	3f5c   :   13;
	3f5d   :   00;
	3f5e   :   00;
	3f5f   :   00;
	3f60   :   f7;
	3f61   :   b7;
	3f62   :   b7;
	3f63   :   f7;
	3f64   :   13;
	3f65   :   00;
	3f66   :   00;
	3f67   :   00;
	3f68   :   f7;
	3f69   :   f7;
	3f6a   :   b7;
	3f6b   :   f7;
	3f6c   :   13;
	3f6d   :   00;
	3f6e   :   00;
	3f6f   :   00;
	3f70   :   f6;
	3f71   :   f7;
	3f72   :   b6;
	3f73   :   5e;
	3f74   :   13;
	3f75   :   00;
	3f76   :   00;
	3f77   :   00;
	3f78   :   67;
	3f79   :   67;
	3f7a   :   16;
	3f7b   :   1f;
	3f7c   :   13;
	3f7d   :   00;
	3f7e   :   00;
	3f7f   :   00;
	3f80   :   1f;
	3f81   :   17;
	3f82   :   17;
	3f83   :   17;
	3f84   :   13;
	3f85   :   00;
	3f86   :   00;
	3f87   :   00;
	3f88   :   17;
	3f89   :   17;
	3f8a   :   17;
	3f8b   :   17;
	3f8c   :   13;
	3f8d   :   00;
	3f8e   :   00;
	3f8f   :   00;
	3f90   :   17;
	3f91   :   17;
	3f92   :   17;
	3f93   :   17;
	3f94   :   13;
	3f95   :   00;
	3f96   :   00;
	3f97   :   00;
	3f98   :   17;
	3f99   :   17;
	3f9a   :   17;
	3f9b   :   17;
	3f9c   :   13;
	3f9d   :   00;
	3f9e   :   00;
	3f9f   :   00;
	3fa0   :   17;
	3fa1   :   17;
	3fa2   :   17;
	3fa3   :   17;
	3fa4   :   13;
	3fa5   :   00;
	3fa6   :   00;
	3fa7   :   00;
	3fa8   :   67;
	3fa9   :   66;
	3faa   :   26;
	3fab   :   26;
	3fac   :   13;
	3fad   :   00;
	3fae   :   00;
	3faf   :   00;
	3fb0   :   1f;
	3fb1   :   17;
	3fb2   :   17;
	3fb3   :   17;
	3fb4   :   13;
	3fb5   :   00;
	3fb6   :   00;
	3fb7   :   00;
	3fb8   :   17;
	3fb9   :   17;
	3fba   :   17;
	3fbb   :   17;
	3fbc   :   13;
	3fbd   :   00;
	3fbe   :   00;
	3fbf   :   00;
	3fc0   :   06;
	3fc1   :   06;
	3fc2   :   0e;
	3fc3   :   0e;
	3fc4   :   13;
	3fc5   :   00;
	3fc6   :   00;
	3fc7   :   00;
	3fc8   :   0e;
	3fc9   :   05;
	3fca   :   05;
	3fcb   :   0e;
	3fcc   :   13;
	3fcd   :   00;
	3fce   :   00;
	3fcf   :   00;
	3fd0   :   0e;
	3fd1   :   0e;
	3fd2   :   17;
	3fd3   :   17;
	3fd4   :   13;
	3fd5   :   00;
	3fd6   :   00;
	3fd7   :   00;
	3fd8   :   17;
	3fd9   :   17;
	3fda   :   17;
	3fdb   :   17;
	3fdc   :   13;
	3fdd   :   00;
	3fde   :   00;
	3fdf   :   00;
	3fe0   :   17;
	3fe1   :   17;
	3fe2   :   17;
	3fe3   :   17;
	3fe4   :   13;
	3fe5   :   00;
	3fe6   :   00;
	3fe7   :   00;
	3fe8   :   17;
	3fe9   :   17;
	3fea   :   17;
	3feb   :   17;
	3fec   :   13;
	3fed   :   00;
	3fee   :   00;
	3fef   :   00;
	3ff0   :   17;
	3ff1   :   0f;
	3ff2   :   0f;
	3ff3   :   17;
	3ff4   :   13;
	3ff5   :   00;
	3ff6   :   00;
	3ff7   :   00;
	3ff8   :   1f;
	3ff9   :   17;
	3ffa   :   1f;
	3ffb   :   1f;
	3ffc   :   13;
	3ffd   :   00;
	3ffe   :   00;
	3fff   :   00;
	4000   :   1f;
	4001   :   1f;
	4002   :   1f;
	4003   :   1f;
	4004   :   13;
	4005   :   00;
	4006   :   00;
	4007   :   00;
	4008   :   27;
	4009   :   27;
	400a   :   27;
	400b   :   27;
	400c   :   13;
	400d   :   00;
	400e   :   00;
	400f   :   00;
	4010   :   27;
	4011   :   27;
	4012   :   27;
	4013   :   1f;
	4014   :   13;
	4015   :   00;
	4016   :   00;
	4017   :   00;
	4018   :   1f;
	4019   :   1f;
	401a   :   1f;
	401b   :   1f;
	401c   :   13;
	401d   :   00;
	401e   :   00;
	401f   :   00;
	4020   :   1f;
	4021   :   1f;
	4022   :   1f;
	4023   :   1f;
	4024   :   13;
	4025   :   00;
	4026   :   00;
	4027   :   00;
	4028   :   1f;
	4029   :   1f;
	402a   :   19;
	402b   :   08;
	402c   :   13;
	402d   :   00;
	402e   :   00;
	402f   :   00;
	4030   :   02;
	4031   :   02;
	4032   :   01;
	4033   :   02;
	4034   :   13;
	4035   :   00;
	4036   :   00;
	4037   :   00;
	4038   :   02;
	4039   :   03;
	403a   :   0c;
	403b   :   0d;
	403c   :   13;
	403d   :   00;
	403e   :   00;
	403f   :   00;
	4040   :   0d;
	4041   :   16;
	4042   :   15;
	4043   :   08;
	4044   :   13;
	4045   :   00;
	4046   :   00;
	4047   :   00;
	4048   :   00;
	4049   :   02;
	404a   :   03;
	404b   :   0c;
	404c   :   13;
	404d   :   00;
	404e   :   00;
	404f   :   00;
	4050   :   0d;
	4051   :   0c;
	4052   :   0b;
	4053   :   0c;
	4054   :   13;
	4055   :   00;
	4056   :   00;
	4057   :   00;
	4058   :   0c;
	4059   :   0c;
	405a   :   12;
	405b   :   18;
	405c   :   13;
	405d   :   00;
	405e   :   00;
	405f   :   00;
	4060   :   10;
	4061   :   08;
	4062   :   09;
	4063   :   11;
	4064   :   13;
	4065   :   00;
	4066   :   00;
	4067   :   00;
	4068   :   59;
	4069   :   09;
	406a   :   1c;
	406b   :   27;
	406c   :   13;
	406d   :   00;
	406e   :   00;
	406f   :   00;
	4070   :   27;
	4071   :   1f;
	4072   :   16;
	4073   :   05;
	4074   :   13;
	4075   :   00;
	4076   :   00;
	4077   :   00;
	4078   :   04;
	4079   :   00;
	407a   :   00;
	407b   :   09;
	407c   :   13;
	407d   :   00;
	407e   :   00;
	407f   :   00;
	4080   :   09;
	4081   :   09;
	4082   :   49;
	4083   :   01;
	4084   :   13;
	4085   :   00;
	4086   :   00;
	4087   :   00;
	4088   :   49;
	4089   :   49;
	408a   :   00;
	408b   :   01;
	408c   :   13;
	408d   :   00;
	408e   :   00;
	408f   :   00;
	4090   :   49;
	4091   :   0a;
	4092   :   1e;
	4093   :   27;
	4094   :   13;
	4095   :   00;
	4096   :   00;
	4097   :   00;
	4098   :   27;
	4099   :   27;
	409a   :   67;
	409b   :   6f;
	409c   :   13;
	409d   :   00;
	409e   :   00;
	409f   :   00;
	40a0   :   6f;
	40a1   :   af;
	40a2   :   af;
	40a3   :   af;
	40a4   :   13;
	40a5   :   00;
	40a6   :   00;
	40a7   :   00;
	40a8   :   b7;
	40a9   :   b7;
	40aa   :   f7;
	40ab   :   f7;
	40ac   :   13;
	40ad   :   00;
	40ae   :   00;
	40af   :   00;
	40b0   :   ff;
	40b1   :   ff;
	40b2   :   ff;
	40b3   :   b7;
	40b4   :   13;
	40b5   :   00;
	40b6   :   00;
	40b7   :   00;
	40b8   :   6f;
	40b9   :   17;
	40ba   :   17;
	40bb   :   1f;
	40bc   :   13;
	40bd   :   00;
	40be   :   00;
	40bf   :   00;
	40c0   :   1f;
	40c1   :   1f;
	40c2   :   1f;
	40c3   :   17;
	40c4   :   13;
	40c5   :   00;
	40c6   :   00;
	40c7   :   00;
	40c8   :   17;
	40c9   :   17;
	40ca   :   17;
	40cb   :   17;
	40cc   :   13;
	40cd   :   00;
	40ce   :   00;
	40cf   :   00;
	40d0   :   17;
	40d1   :   17;
	40d2   :   1f;
	40d3   :   1f;
	40d4   :   13;
	40d5   :   00;
	40d6   :   00;
	40d7   :   00;
	40d8   :   1f;
	40d9   :   1f;
	40da   :   1f;
	40db   :   1f;
	40dc   :   13;
	40dd   :   00;
	40de   :   00;
	40df   :   00;
	40e0   :   1f;
	40e1   :   1f;
	40e2   :   1f;
	40e3   :   27;
	40e4   :   13;
	40e5   :   00;
	40e6   :   00;
	40e7   :   00;
	40e8   :   77;
	40e9   :   1c;
	40ea   :   16;
	40eb   :   1e;
	40ec   :   13;
	40ed   :   00;
	40ee   :   00;
	40ef   :   00;
	40f0   :   1e;
	40f1   :   17;
	40f2   :   17;
	40f3   :   17;
	40f4   :   13;
	40f5   :   00;
	40f6   :   00;
	40f7   :   00;
	40f8   :   17;
	40f9   :   17;
	40fa   :   17;
	40fb   :   17;
	40fc   :   13;
	40fd   :   00;
	40fe   :   00;
	40ff   :   00;
	4100   :   0e;
	4101   :   06;
	4102   :   0e;
	4103   :   0e;
	4104   :   13;
	4105   :   00;
	4106   :   00;
	4107   :   00;
	4108   :   0e;
	4109   :   0e;
	410a   :   05;
	410b   :   0e;
	410c   :   13;
	410d   :   00;
	410e   :   00;
	410f   :   00;
	4110   :   0e;
	4111   :   0e;
	4112   :   0e;
	4113   :   17;
	4114   :   13;
	4115   :   00;
	4116   :   00;
	4117   :   00;
	4118   :   17;
	4119   :   17;
	411a   :   17;
	411b   :   17;
	411c   :   13;
	411d   :   00;
	411e   :   00;
	411f   :   00;
	4120   :   17;
	4121   :   17;
	4122   :   17;
	4123   :   17;
	4124   :   13;
	4125   :   00;
	4126   :   00;
	4127   :   00;
	4128   :   17;
	4129   :   17;
	412a   :   17;
	412b   :   17;
	412c   :   13;
	412d   :   00;
	412e   :   00;
	412f   :   00;
	4130   :   0f;
	4131   :   0f;
	4132   :   0f;
	4133   :   0f;
	4134   :   13;
	4135   :   00;
	4136   :   00;
	4137   :   00;
	4138   :   1f;
	4139   :   1f;
	413a   :   1f;
	413b   :   1f;
	413c   :   13;
	413d   :   00;
	413e   :   00;
	413f   :   00;
	4140   :   1f;
	4141   :   1f;
	4142   :   1f;
	4143   :   1f;
	4144   :   13;
	4145   :   00;
	4146   :   00;
	4147   :   00;
	4148   :   1f;
	4149   :   1f;
	414a   :   1f;
	414b   :   1f;
	414c   :   13;
	414d   :   00;
	414e   :   00;
	414f   :   00;
	4150   :   27;
	4151   :   1f;
	4152   :   1f;
	4153   :   1f;
	4154   :   13;
	4155   :   00;
	4156   :   00;
	4157   :   00;
	4158   :   1f;
	4159   :   1f;
	415a   :   1f;
	415b   :   1f;
	415c   :   13;
	415d   :   00;
	415e   :   00;
	415f   :   00;
	4160   :   1f;
	4161   :   1f;
	4162   :   1f;
	4163   :   1f;
	4164   :   13;
	4165   :   00;
	4166   :   00;
	4167   :   00;
	4168   :   1f;
	4169   :   1f;
	416a   :   1f;
	416b   :   1c;
	416c   :   13;
	416d   :   00;
	416e   :   00;
	416f   :   00;
	4170   :   13;
	4171   :   0c;
	4172   :   02;
	4173   :   02;
	4174   :   13;
	4175   :   00;
	4176   :   00;
	4177   :   00;
	4178   :   02;
	4179   :   02;
	417a   :   0c;
	417b   :   0d;
	417c   :   13;
	417d   :   00;
	417e   :   00;
	417f   :   00;
	4180   :   15;
	4181   :   15;
	4182   :   5e;
	4183   :   55;
	4184   :   13;
	4185   :   00;
	4186   :   00;
	4187   :   00;
	4188   :   09;
	4189   :   02;
	418a   :   03;
	418b   :   03;
	418c   :   13;
	418d   :   00;
	418e   :   00;
	418f   :   00;
	4190   :   03;
	4191   :   0c;
	4192   :   04;
	4193   :   04;
	4194   :   13;
	4195   :   00;
	4196   :   00;
	4197   :   00;
	4198   :   0c;
	4199   :   0a;
	419a   :   10;
	419b   :   09;
	419c   :   13;
	419d   :   00;
	419e   :   00;
	419f   :   00;
	41a0   :   11;
	41a1   :   51;
	41a2   :   09;
	41a3   :   00;
	41a4   :   13;
	41a5   :   00;
	41a6   :   00;
	41a7   :   00;
	41a8   :   09;
	41a9   :   11;
	41aa   :   09;
	41ab   :   1e;
	41ac   :   13;
	41ad   :   00;
	41ae   :   00;
	41af   :   00;
	41b0   :   27;
	41b1   :   1f;
	41b2   :   1f;
	41b3   :   0e;
	41b4   :   13;
	41b5   :   00;
	41b6   :   00;
	41b7   :   00;
	41b8   :   05;
	41b9   :   02;
	41ba   :   00;
	41bb   :   00;
	41bc   :   13;
	41bd   :   00;
	41be   :   00;
	41bf   :   00;
	41c0   :   00;
	41c1   :   01;
	41c2   :   09;
	41c3   :   09;
	41c4   :   13;
	41c5   :   00;
	41c6   :   00;
	41c7   :   00;
	41c8   :   01;
	41c9   :   09;
	41ca   :   09;
	41cb   :   0a;
	41cc   :   13;
	41cd   :   00;
	41ce   :   00;
	41cf   :   00;
	41d0   :   00;
	41d1   :   0a;
	41d2   :   27;
	41d3   :   27;
	41d4   :   13;
	41d5   :   00;
	41d6   :   00;
	41d7   :   00;
	41d8   :   1f;
	41d9   :   1f;
	41da   :   27;
	41db   :   27;
	41dc   :   13;
	41dd   :   00;
	41de   :   00;
	41df   :   00;
	41e0   :   27;
	41e1   :   27;
	41e2   :   27;
	41e3   :   6f;
	41e4   :   13;
	41e5   :   00;
	41e6   :   00;
	41e7   :   00;
	41e8   :   6f;
	41e9   :   b7;
	41ea   :   f7;
	41eb   :   ff;
	41ec   :   13;
	41ed   :   00;
	41ee   :   00;
	41ef   :   00;
	41f0   :   ff;
	41f1   :   ff;
	41f2   :   bf;
	41f3   :   b7;
	41f4   :   13;
	41f5   :   00;
	41f6   :   00;
	41f7   :   00;
	41f8   :   67;
	41f9   :   16;
	41fa   :   1f;
	41fb   :   1f;
	41fc   :   13;
	41fd   :   00;
	41fe   :   00;
	41ff   :   00;
	4200   :   1f;
	4201   :   1f;
	4202   :   1f;
	4203   :   1f;
	4204   :   13;
	4205   :   00;
	4206   :   00;
	4207   :   00;
	4208   :   17;
	4209   :   1f;
	420a   :   1f;
	420b   :   1f;
	420c   :   13;
	420d   :   00;
	420e   :   00;
	420f   :   00;
	4210   :   1f;
	4211   :   1f;
	4212   :   1f;
	4213   :   1f;
	4214   :   13;
	4215   :   00;
	4216   :   00;
	4217   :   00;
	4218   :   1f;
	4219   :   1f;
	421a   :   1f;
	421b   :   1f;
	421c   :   13;
	421d   :   00;
	421e   :   00;
	421f   :   00;
	4220   :   1f;
	4221   :   1f;
	4222   :   1f;
	4223   :   1e;
	4224   :   13;
	4225   :   00;
	4226   :   00;
	4227   :   00;
	4228   :   1d;
	4229   :   14;
	422a   :   17;
	422b   :   1f;
	422c   :   13;
	422d   :   00;
	422e   :   00;
	422f   :   00;
	4230   :   1f;
	4231   :   1f;
	4232   :   1f;
	4233   :   1f;
	4234   :   13;
	4235   :   00;
	4236   :   00;
	4237   :   00;
	4238   :   17;
	4239   :   1f;
	423a   :   17;
	423b   :   17;
	423c   :   13;
	423d   :   00;
	423e   :   00;
	423f   :   00;
	4240   :   0e;
	4241   :   0e;
	4242   :   06;
	4243   :   0e;
	4244   :   13;
	4245   :   00;
	4246   :   00;
	4247   :   00;
	4248   :   0e;
	4249   :   0e;
	424a   :   05;
	424b   :   0e;
	424c   :   13;
	424d   :   00;
	424e   :   00;
	424f   :   00;
	4250   :   0f;
	4251   :   0e;
	4252   :   0e;
	4253   :   0e;
	4254   :   13;
	4255   :   00;
	4256   :   00;
	4257   :   00;
	4258   :   17;
	4259   :   17;
	425a   :   17;
	425b   :   17;
	425c   :   13;
	425d   :   00;
	425e   :   00;
	425f   :   00;
	4260   :   17;
	4261   :   1f;
	4262   :   1f;
	4263   :   17;
	4264   :   13;
	4265   :   00;
	4266   :   00;
	4267   :   00;
	4268   :   17;
	4269   :   17;
	426a   :   17;
	426b   :   0f;
	426c   :   13;
	426d   :   00;
	426e   :   00;
	426f   :   00;
	4270   :   0f;
	4271   :   0f;
	4272   :   0f;
	4273   :   0f;
	4274   :   13;
	4275   :   00;
	4276   :   00;
	4277   :   00;
	4278   :   17;
	4279   :   1f;
	427a   :   1f;
	427b   :   17;
	427c   :   13;
	427d   :   00;
	427e   :   00;
	427f   :   00;
	4280   :   17;
	4281   :   1f;
	4282   :   1f;
	4283   :   1f;
	4284   :   13;
	4285   :   00;
	4286   :   00;
	4287   :   00;
	4288   :   17;
	4289   :   17;
	428a   :   17;
	428b   :   1f;
	428c   :   13;
	428d   :   00;
	428e   :   00;
	428f   :   00;
	4290   :   1f;
	4291   :   1f;
	4292   :   1f;
	4293   :   1f;
	4294   :   13;
	4295   :   00;
	4296   :   00;
	4297   :   00;
	4298   :   1f;
	4299   :   1f;
	429a   :   1f;
	429b   :   1f;
	429c   :   13;
	429d   :   00;
	429e   :   00;
	429f   :   00;
	42a0   :   1f;
	42a1   :   1f;
	42a2   :   1f;
	42a3   :   1f;
	42a4   :   13;
	42a5   :   00;
	42a6   :   00;
	42a7   :   00;
	42a8   :   1f;
	42a9   :   1f;
	42aa   :   1f;
	42ab   :   1f;
	42ac   :   13;
	42ad   :   00;
	42ae   :   00;
	42af   :   00;
	42b0   :   27;
	42b1   :   1f;
	42b2   :   16;
	42b3   :   0b;
	42b4   :   13;
	42b5   :   00;
	42b6   :   00;
	42b7   :   00;
	42b8   :   02;
	42b9   :   01;
	42ba   :   02;
	42bb   :   0b;
	42bc   :   13;
	42bd   :   00;
	42be   :   00;
	42bf   :   00;
	42c0   :   0d;
	42c1   :   16;
	42c2   :   16;
	42c3   :   5e;
	42c4   :   13;
	42c5   :   00;
	42c6   :   00;
	42c7   :   00;
	42c8   :   5e;
	42c9   :   13;
	42ca   :   01;
	42cb   :   02;
	42cc   :   13;
	42cd   :   00;
	42ce   :   00;
	42cf   :   00;
	42d0   :   03;
	42d1   :   0b;
	42d2   :   0a;
	42d3   :   0a;
	42d4   :   13;
	42d5   :   00;
	42d6   :   00;
	42d7   :   00;
	42d8   :   09;
	42d9   :   09;
	42da   :   09;
	42db   :   00;
	42dc   :   13;
	42dd   :   00;
	42de   :   00;
	42df   :   00;
	42e0   :   00;
	42e1   :   08;
	42e2   :   09;
	42e3   :   09;
	42e4   :   13;
	42e5   :   00;
	42e6   :   00;
	42e7   :   00;
	42e8   :   00;
	42e9   :   09;
	42ea   :   11;
	42eb   :   62;
	42ec   :   13;
	42ed   :   00;
	42ee   :   00;
	42ef   :   00;
	42f0   :   1f;
	42f1   :   1f;
	42f2   :   1f;
	42f3   :   1f;
	42f4   :   13;
	42f5   :   00;
	42f6   :   00;
	42f7   :   00;
	42f8   :   1f;
	42f9   :   16;
	42fa   :   05;
	42fb   :   05;
	42fc   :   13;
	42fd   :   00;
	42fe   :   00;
	42ff   :   00;
	4300   :   03;
	4301   :   01;
	4302   :   00;
	4303   :   00;
	4304   :   13;
	4305   :   00;
	4306   :   00;
	4307   :   00;
	4308   :   49;
	4309   :   00;
	430a   :   00;
	430b   :   0a;
	430c   :   13;
	430d   :   00;
	430e   :   00;
	430f   :   00;
	4310   :   01;
	4311   :   0b;
	4312   :   1f;
	4313   :   27;
	4314   :   13;
	4315   :   00;
	4316   :   00;
	4317   :   00;
	4318   :   27;
	4319   :   27;
	431a   :   27;
	431b   :   27;
	431c   :   13;
	431d   :   00;
	431e   :   00;
	431f   :   00;
	4320   :   27;
	4321   :   27;
	4322   :   27;
	4323   :   27;
	4324   :   13;
	4325   :   00;
	4326   :   00;
	4327   :   00;
	4328   :   27;
	4329   :   27;
	432a   :   6f;
	432b   :   b7;
	432c   :   13;
	432d   :   00;
	432e   :   00;
	432f   :   00;
	4330   :   b7;
	4331   :   b7;
	4332   :   af;
	4333   :   6f;
	4334   :   13;
	4335   :   00;
	4336   :   00;
	4337   :   00;
	4338   :   5e;
	4339   :   16;
	433a   :   27;
	433b   :   1f;
	433c   :   13;
	433d   :   00;
	433e   :   00;
	433f   :   00;
	4340   :   1f;
	4341   :   1f;
	4342   :   1f;
	4343   :   1f;
	4344   :   13;
	4345   :   00;
	4346   :   00;
	4347   :   00;
	4348   :   1f;
	4349   :   1f;
	434a   :   1f;
	434b   :   1f;
	434c   :   13;
	434d   :   00;
	434e   :   00;
	434f   :   00;
	4350   :   1f;
	4351   :   67;
	4352   :   26;
	4353   :   26;
	4354   :   13;
	4355   :   00;
	4356   :   00;
	4357   :   00;
	4358   :   26;
	4359   :   1e;
	435a   :   17;
	435b   :   17;
	435c   :   13;
	435d   :   00;
	435e   :   00;
	435f   :   00;
	4360   :   1f;
	4361   :   16;
	4362   :   0d;
	4363   :   0d;
	4364   :   13;
	4365   :   00;
	4366   :   00;
	4367   :   00;
	4368   :   03;
	4369   :   03;
	436a   :   0d;
	436b   :   1f;
	436c   :   13;
	436d   :   00;
	436e   :   00;
	436f   :   00;
	4370   :   16;
	4371   :   1f;
	4372   :   1f;
	4373   :   1f;
	4374   :   13;
	4375   :   00;
	4376   :   00;
	4377   :   00;
	4378   :   1f;
	4379   :   1f;
	437a   :   1f;
	437b   :   1f;
	437c   :   13;
	437d   :   00;
	437e   :   00;
	437f   :   00;
	4380   :   06;
	4381   :   0e;
	4382   :   0e;
	4383   :   0e;
	4384   :   13;
	4385   :   00;
	4386   :   00;
	4387   :   00;
	4388   :   0e;
	4389   :   0e;
	438a   :   0e;
	438b   :   0e;
	438c   :   13;
	438d   :   00;
	438e   :   00;
	438f   :   00;
	4390   :   17;
	4391   :   0f;
	4392   :   0e;
	4393   :   06;
	4394   :   13;
	4395   :   00;
	4396   :   00;
	4397   :   00;
	4398   :   0e;
	4399   :   0f;
	439a   :   17;
	439b   :   17;
	439c   :   13;
	439d   :   00;
	439e   :   00;
	439f   :   00;
	43a0   :   17;
	43a1   :   17;
	43a2   :   17;
	43a3   :   1f;
	43a4   :   13;
	43a5   :   00;
	43a6   :   00;
	43a7   :   00;
	43a8   :   1f;
	43a9   :   17;
	43aa   :   0f;
	43ab   :   0f;
	43ac   :   13;
	43ad   :   00;
	43ae   :   00;
	43af   :   00;
	43b0   :   0f;
	43b1   :   0f;
	43b2   :   0f;
	43b3   :   0f;
	43b4   :   13;
	43b5   :   00;
	43b6   :   00;
	43b7   :   00;
	43b8   :   0f;
	43b9   :   17;
	43ba   :   17;
	43bb   :   17;
	43bc   :   13;
	43bd   :   00;
	43be   :   00;
	43bf   :   00;
	43c0   :   17;
	43c1   :   17;
	43c2   :   17;
	43c3   :   17;
	43c4   :   13;
	43c5   :   00;
	43c6   :   00;
	43c7   :   00;
	43c8   :   15;
	43c9   :   15;
	43ca   :   17;
	43cb   :   17;
	43cc   :   13;
	43cd   :   00;
	43ce   :   00;
	43cf   :   00;
	43d0   :   17;
	43d1   :   17;
	43d2   :   27;
	43d3   :   27;
	43d4   :   13;
	43d5   :   00;
	43d6   :   00;
	43d7   :   00;
	43d8   :   0c;
	43d9   :   0a;
	43da   :   14;
	43db   :   1f;
	43dc   :   13;
	43dd   :   00;
	43de   :   00;
	43df   :   00;
	43e0   :   1f;
	43e1   :   1f;
	43e2   :   1f;
	43e3   :   1f;
	43e4   :   13;
	43e5   :   00;
	43e6   :   00;
	43e7   :   00;
	43e8   :   1f;
	43e9   :   1f;
	43ea   :   1f;
	43eb   :   1f;
	43ec   :   13;
	43ed   :   00;
	43ee   :   00;
	43ef   :   00;
	43f0   :   27;
	43f1   :   27;
	43f2   :   27;
	43f3   :   1f;
	43f4   :   13;
	43f5   :   00;
	43f6   :   00;
	43f7   :   00;
	43f8   :   15;
	43f9   :   02;
	43fa   :   02;
	43fb   :   02;
	43fc   :   13;
	43fd   :   00;
	43fe   :   00;
	43ff   :   00;
	4400   :   0c;
	4401   :   0d;
	4402   :   16;
	4403   :   16;
	4404   :   13;
	4405   :   00;
	4406   :   00;
	4407   :   00;
	4408   :   56;
	4409   :   5f;
	440a   :   15;
	440b   :   09;
	440c   :   13;
	440d   :   00;
	440e   :   00;
	440f   :   00;
	4410   :   08;
	4411   :   00;
	4412   :   11;
	4413   :   09;
	4414   :   13;
	4415   :   00;
	4416   :   00;
	4417   :   00;
	4418   :   49;
	4419   :   0a;
	441a   :   0a;
	441b   :   52;
	441c   :   13;
	441d   :   00;
	441e   :   00;
	441f   :   00;
	4420   :   11;
	4421   :   08;
	4422   :   08;
	4423   :   09;
	4424   :   13;
	4425   :   00;
	4426   :   00;
	4427   :   00;
	4428   :   08;
	4429   :   10;
	442a   :   60;
	442b   :   60;
	442c   :   13;
	442d   :   00;
	442e   :   00;
	442f   :   00;
	4430   :   64;
	4431   :   1f;
	4432   :   1f;
	4433   :   1f;
	4434   :   13;
	4435   :   00;
	4436   :   00;
	4437   :   00;
	4438   :   1f;
	4439   :   27;
	443a   :   17;
	443b   :   06;
	443c   :   13;
	443d   :   00;
	443e   :   00;
	443f   :   00;
	4440   :   05;
	4441   :   05;
	4442   :   03;
	4443   :   02;
	4444   :   13;
	4445   :   00;
	4446   :   00;
	4447   :   00;
	4448   :   01;
	4449   :   01;
	444a   :   0b;
	444b   :   1f;
	444c   :   13;
	444d   :   00;
	444e   :   00;
	444f   :   00;
	4450   :   1f;
	4451   :   27;
	4452   :   27;
	4453   :   27;
	4454   :   13;
	4455   :   00;
	4456   :   00;
	4457   :   00;
	4458   :   27;
	4459   :   27;
	445a   :   27;
	445b   :   27;
	445c   :   13;
	445d   :   00;
	445e   :   00;
	445f   :   00;
	4460   :   27;
	4461   :   27;
	4462   :   27;
	4463   :   27;
	4464   :   13;
	4465   :   00;
	4466   :   00;
	4467   :   00;
	4468   :   27;
	4469   :   27;
	446a   :   27;
	446b   :   6f;
	446c   :   13;
	446d   :   00;
	446e   :   00;
	446f   :   00;
	4470   :   6f;
	4471   :   67;
	4472   :   5f;
	4473   :   17;
	4474   :   13;
	4475   :   00;
	4476   :   00;
	4477   :   00;
	4478   :   0e;
	4479   :   0d;
	447a   :   1f;
	447b   :   1f;
	447c   :   13;
	447d   :   00;
	447e   :   00;
	447f   :   00;
	4480   :   1f;
	4481   :   27;
	4482   :   1f;
	4483   :   1f;
	4484   :   13;
	4485   :   00;
	4486   :   00;
	4487   :   00;
	4488   :   1f;
	4489   :   1f;
	448a   :   1f;
	448b   :   27;
	448c   :   13;
	448d   :   00;
	448e   :   00;
	448f   :   00;
	4490   :   6e;
	4491   :   65;
	4492   :   25;
	4493   :   1d;
	4494   :   13;
	4495   :   00;
	4496   :   00;
	4497   :   00;
	4498   :   1d;
	4499   :   0b;
	449a   :   03;
	449b   :   0d;
	449c   :   13;
	449d   :   00;
	449e   :   00;
	449f   :   00;
	44a0   :   05;
	44a1   :   04;
	44a2   :   03;
	44a3   :   03;
	44a4   :   13;
	44a5   :   00;
	44a6   :   00;
	44a7   :   00;
	44a8   :   03;
	44a9   :   04;
	44aa   :   04;
	44ab   :   04;
	44ac   :   13;
	44ad   :   00;
	44ae   :   00;
	44af   :   00;
	44b0   :   04;
	44b1   :   16;
	44b2   :   1f;
	44b3   :   1f;
	44b4   :   13;
	44b5   :   00;
	44b6   :   00;
	44b7   :   00;
	44b8   :   1f;
	44b9   :   1f;
	44ba   :   1f;
	44bb   :   1f;
	44bc   :   13;
	44bd   :   00;
	44be   :   00;
	44bf   :   00;
	44c0   :   06;
	44c1   :   0e;
	44c2   :   0e;
	44c3   :   05;
	44c4   :   13;
	44c5   :   00;
	44c6   :   00;
	44c7   :   00;
	44c8   :   06;
	44c9   :   0e;
	44ca   :   0e;
	44cb   :   0e;
	44cc   :   13;
	44cd   :   00;
	44ce   :   00;
	44cf   :   00;
	44d0   :   0e;
	44d1   :   0e;
	44d2   :   0e;
	44d3   :   0e;
	44d4   :   13;
	44d5   :   00;
	44d6   :   00;
	44d7   :   00;
	44d8   :   0e;
	44d9   :   0e;
	44da   :   0e;
	44db   :   0f;
	44dc   :   13;
	44dd   :   00;
	44de   :   00;
	44df   :   00;
	44e0   :   0f;
	44e1   :   17;
	44e2   :   17;
	44e3   :   17;
	44e4   :   13;
	44e5   :   00;
	44e6   :   00;
	44e7   :   00;
	44e8   :   17;
	44e9   :   0f;
	44ea   :   0f;
	44eb   :   0f;
	44ec   :   13;
	44ed   :   00;
	44ee   :   00;
	44ef   :   00;
	44f0   :   0f;
	44f1   :   0f;
	44f2   :   0f;
	44f3   :   0f;
	44f4   :   13;
	44f5   :   00;
	44f6   :   00;
	44f7   :   00;
	44f8   :   0f;
	44f9   :   0f;
	44fa   :   0f;
	44fb   :   17;
	44fc   :   13;
	44fd   :   00;
	44fe   :   00;
	44ff   :   00;
	4500   :   17;
	4501   :   17;
	4502   :   17;
	4503   :   0b;
	4504   :   13;
	4505   :   00;
	4506   :   00;
	4507   :   00;
	4508   :   0a;
	4509   :   0b;
	450a   :   0b;
	450b   :   17;
	450c   :   13;
	450d   :   00;
	450e   :   00;
	450f   :   00;
	4510   :   17;
	4511   :   17;
	4512   :   1f;
	4513   :   15;
	4514   :   13;
	4515   :   00;
	4516   :   00;
	4517   :   00;
	4518   :   0b;
	4519   :   1e;
	451a   :   1f;
	451b   :   1f;
	451c   :   13;
	451d   :   00;
	451e   :   00;
	451f   :   00;
	4520   :   1f;
	4521   :   27;
	4522   :   27;
	4523   :   27;
	4524   :   13;
	4525   :   00;
	4526   :   00;
	4527   :   00;
	4528   :   27;
	4529   :   27;
	452a   :   27;
	452b   :   27;
	452c   :   13;
	452d   :   00;
	452e   :   00;
	452f   :   00;
	4530   :   27;
	4531   :   27;
	4532   :   1f;
	4533   :   27;
	4534   :   13;
	4535   :   00;
	4536   :   00;
	4537   :   00;
	4538   :   27;
	4539   :   1e;
	453a   :   03;
	453b   :   02;
	453c   :   13;
	453d   :   00;
	453e   :   00;
	453f   :   00;
	4540   :   02;
	4541   :   03;
	4542   :   0c;
	4543   :   0d;
	4544   :   13;
	4545   :   00;
	4546   :   00;
	4547   :   00;
	4548   :   16;
	4549   :   16;
	454a   :   56;
	454b   :   0a;
	454c   :   13;
	454d   :   00;
	454e   :   00;
	454f   :   00;
	4550   :   00;
	4551   :   00;
	4552   :   0a;
	4553   :   0a;
	4554   :   13;
	4555   :   00;
	4556   :   00;
	4557   :   00;
	4558   :   09;
	4559   :   49;
	455a   :   49;
	455b   :   0a;
	455c   :   13;
	455d   :   00;
	455e   :   00;
	455f   :   00;
	4560   :   5b;
	4561   :   5b;
	4562   :   00;
	4563   :   08;
	4564   :   13;
	4565   :   00;
	4566   :   00;
	4567   :   00;
	4568   :   10;
	4569   :   18;
	456a   :   18;
	456b   :   60;
	456c   :   13;
	456d   :   00;
	456e   :   00;
	456f   :   00;
	4570   :   60;
	4571   :   1e;
	4572   :   1f;
	4573   :   27;
	4574   :   13;
	4575   :   00;
	4576   :   00;
	4577   :   00;
	4578   :   1f;
	4579   :   1f;
	457a   :   27;
	457b   :   17;
	457c   :   13;
	457d   :   00;
	457e   :   00;
	457f   :   00;
	4580   :   05;
	4581   :   04;
	4582   :   04;
	4583   :   05;
	4584   :   13;
	4585   :   00;
	4586   :   00;
	4587   :   00;
	4588   :   06;
	4589   :   05;
	458a   :   0e;
	458b   :   0e;
	458c   :   13;
	458d   :   00;
	458e   :   00;
	458f   :   00;
	4590   :   1f;
	4591   :   2f;
	4592   :   2f;
	4593   :   27;
	4594   :   13;
	4595   :   00;
	4596   :   00;
	4597   :   00;
	4598   :   27;
	4599   :   27;
	459a   :   27;
	459b   :   27;
	459c   :   13;
	459d   :   00;
	459e   :   00;
	459f   :   00;
	45a0   :   27;
	45a1   :   27;
	45a2   :   27;
	45a3   :   27;
	45a4   :   13;
	45a5   :   00;
	45a6   :   00;
	45a7   :   00;
	45a8   :   27;
	45a9   :   27;
	45aa   :   27;
	45ab   :   27;
	45ac   :   13;
	45ad   :   00;
	45ae   :   00;
	45af   :   00;
	45b0   :   27;
	45b1   :   1f;
	45b2   :   17;
	45b3   :   17;
	45b4   :   13;
	45b5   :   00;
	45b6   :   00;
	45b7   :   00;
	45b8   :   0f;
	45b9   :   06;
	45ba   :   05;
	45bb   :   0e;
	45bc   :   13;
	45bd   :   00;
	45be   :   00;
	45bf   :   00;
	45c0   :   17;
	45c1   :   1f;
	45c2   :   1f;
	45c3   :   1f;
	45c4   :   13;
	45c5   :   00;
	45c6   :   00;
	45c7   :   00;
	45c8   :   1f;
	45c9   :   1f;
	45ca   :   1f;
	45cb   :   26;
	45cc   :   13;
	45cd   :   00;
	45ce   :   00;
	45cf   :   00;
	45d0   :   1e;
	45d1   :   1f;
	45d2   :   1f;
	45d3   :   1f;
	45d4   :   13;
	45d5   :   00;
	45d6   :   00;
	45d7   :   00;
	45d8   :   1f;
	45d9   :   0d;
	45da   :   0d;
	45db   :   05;
	45dc   :   13;
	45dd   :   00;
	45de   :   00;
	45df   :   00;
	45e0   :   05;
	45e1   :   0d;
	45e2   :   0e;
	45e3   :   0e;
	45e4   :   13;
	45e5   :   00;
	45e6   :   00;
	45e7   :   00;
	45e8   :   05;
	45e9   :   03;
	45ea   :   03;
	45eb   :   03;
	45ec   :   13;
	45ed   :   00;
	45ee   :   00;
	45ef   :   00;
	45f0   :   03;
	45f1   :   16;
	45f2   :   1f;
	45f3   :   1f;
	45f4   :   13;
	45f5   :   00;
	45f6   :   00;
	45f7   :   00;
	45f8   :   1f;
	45f9   :   1f;
	45fa   :   1f;
	45fb   :   1f;
	45fc   :   13;
	45fd   :   00;
	45fe   :   00;
	45ff   :   00;
	4600   :   0e;
	4601   :   0e;
	4602   :   05;
	4603   :   06;
	4604   :   13;
	4605   :   00;
	4606   :   00;
	4607   :   00;
	4608   :   0e;
	4609   :   0e;
	460a   :   0e;
	460b   :   0e;
	460c   :   13;
	460d   :   00;
	460e   :   00;
	460f   :   00;
	4610   :   0e;
	4611   :   0e;
	4612   :   0e;
	4613   :   0e;
	4614   :   13;
	4615   :   00;
	4616   :   00;
	4617   :   00;
	4618   :   0e;
	4619   :   0f;
	461a   :   0f;
	461b   :   06;
	461c   :   13;
	461d   :   00;
	461e   :   00;
	461f   :   00;
	4620   :   0e;
	4621   :   17;
	4622   :   17;
	4623   :   0f;
	4624   :   13;
	4625   :   00;
	4626   :   00;
	4627   :   00;
	4628   :   0f;
	4629   :   0f;
	462a   :   0f;
	462b   :   0f;
	462c   :   13;
	462d   :   00;
	462e   :   00;
	462f   :   00;
	4630   :   0f;
	4631   :   0f;
	4632   :   0f;
	4633   :   0f;
	4634   :   13;
	4635   :   00;
	4636   :   00;
	4637   :   00;
	4638   :   0f;
	4639   :   0f;
	463a   :   0f;
	463b   :   15;
	463c   :   13;
	463d   :   00;
	463e   :   00;
	463f   :   00;
	4640   :   14;
	4641   :   13;
	4642   :   0b;
	4643   :   0a;
	4644   :   13;
	4645   :   00;
	4646   :   00;
	4647   :   00;
	4648   :   0a;
	4649   :   0a;
	464a   :   0a;
	464b   :   14;
	464c   :   13;
	464d   :   00;
	464e   :   00;
	464f   :   00;
	4650   :   0b;
	4651   :   15;
	4652   :   15;
	4653   :   16;
	4654   :   13;
	4655   :   00;
	4656   :   00;
	4657   :   00;
	4658   :   27;
	4659   :   27;
	465a   :   27;
	465b   :   27;
	465c   :   13;
	465d   :   00;
	465e   :   00;
	465f   :   00;
	4660   :   27;
	4661   :   27;
	4662   :   27;
	4663   :   27;
	4664   :   13;
	4665   :   00;
	4666   :   00;
	4667   :   00;
	4668   :   27;
	4669   :   27;
	466a   :   27;
	466b   :   2f;
	466c   :   13;
	466d   :   00;
	466e   :   00;
	466f   :   00;
	4670   :   2f;
	4671   :   27;
	4672   :   1f;
	4673   :   27;
	4674   :   13;
	4675   :   00;
	4676   :   00;
	4677   :   00;
	4678   :   27;
	4679   :   27;
	467a   :   1d;
	467b   :   02;
	467c   :   13;
	467d   :   00;
	467e   :   00;
	467f   :   00;
	4680   :   02;
	4681   :   02;
	4682   :   03;
	4683   :   0c;
	4684   :   13;
	4685   :   00;
	4686   :   00;
	4687   :   00;
	4688   :   0c;
	4689   :   0b;
	468a   :   0a;
	468b   :   0a;
	468c   :   13;
	468d   :   00;
	468e   :   00;
	468f   :   00;
	4690   :   09;
	4691   :   01;
	4692   :   09;
	4693   :   52;
	4694   :   13;
	4695   :   00;
	4696   :   00;
	4697   :   00;
	4698   :   0a;
	4699   :   09;
	469a   :   08;
	469b   :   49;
	469c   :   13;
	469d   :   00;
	469e   :   00;
	469f   :   00;
	46a0   :   0a;
	46a1   :   13;
	46a2   :   53;
	46a3   :   11;
	46a4   :   13;
	46a5   :   00;
	46a6   :   00;
	46a7   :   00;
	46a8   :   10;
	46a9   :   10;
	46aa   :   18;
	46ab   :   19;
	46ac   :   13;
	46ad   :   00;
	46ae   :   00;
	46af   :   00;
	46b0   :   58;
	46b1   :   5b;
	46b2   :   1f;
	46b3   :   2f;
	46b4   :   13;
	46b5   :   00;
	46b6   :   00;
	46b7   :   00;
	46b8   :   1f;
	46b9   :   27;
	46ba   :   27;
	46bb   :   1f;
	46bc   :   13;
	46bd   :   00;
	46be   :   00;
	46bf   :   00;
	46c0   :   0e;
	46c1   :   05;
	46c2   :   05;
	46c3   :   05;
	46c4   :   13;
	46c5   :   00;
	46c6   :   00;
	46c7   :   00;
	46c8   :   06;
	46c9   :   0f;
	46ca   :   06;
	46cb   :   06;
	46cc   :   13;
	46cd   :   00;
	46ce   :   00;
	46cf   :   00;
	46d0   :   0e;
	46d1   :   27;
	46d2   :   2f;
	46d3   :   27;
	46d4   :   13;
	46d5   :   00;
	46d6   :   00;
	46d7   :   00;
	46d8   :   2f;
	46d9   :   2f;
	46da   :   2f;
	46db   :   2f;
	46dc   :   13;
	46dd   :   00;
	46de   :   00;
	46df   :   00;
	46e0   :   27;
	46e1   :   27;
	46e2   :   27;
	46e3   :   27;
	46e4   :   13;
	46e5   :   00;
	46e6   :   00;
	46e7   :   00;
	46e8   :   27;
	46e9   :   27;
	46ea   :   27;
	46eb   :   27;
	46ec   :   13;
	46ed   :   00;
	46ee   :   00;
	46ef   :   00;
	46f0   :   27;
	46f1   :   27;
	46f2   :   17;
	46f3   :   17;
	46f4   :   13;
	46f5   :   00;
	46f6   :   00;
	46f7   :   00;
	46f8   :   0f;
	46f9   :   0f;
	46fa   :   0f;
	46fb   :   06;
	46fc   :   13;
	46fd   :   00;
	46fe   :   00;
	46ff   :   00;
	4700   :   06;
	4701   :   0e;
	4702   :   0e;
	4703   :   16;
	4704   :   13;
	4705   :   00;
	4706   :   00;
	4707   :   00;
	4708   :   1f;
	4709   :   1f;
	470a   :   1f;
	470b   :   1f;
	470c   :   13;
	470d   :   00;
	470e   :   00;
	470f   :   00;
	4710   :   1f;
	4711   :   1f;
	4712   :   27;
	4713   :   27;
	4714   :   13;
	4715   :   00;
	4716   :   00;
	4717   :   00;
	4718   :   1f;
	4719   :   1f;
	471a   :   16;
	471b   :   16;
	471c   :   13;
	471d   :   00;
	471e   :   00;
	471f   :   00;
	4720   :   0e;
	4721   :   0e;
	4722   :   0d;
	4723   :   0d;
	4724   :   13;
	4725   :   00;
	4726   :   00;
	4727   :   00;
	4728   :   0d;
	4729   :   04;
	472a   :   03;
	472b   :   03;
	472c   :   13;
	472d   :   00;
	472e   :   00;
	472f   :   00;
	4730   :   03;
	4731   :   0c;
	4732   :   17;
	4733   :   27;
	4734   :   13;
	4735   :   00;
	4736   :   00;
	4737   :   00;
	4738   :   27;
	4739   :   1f;
	473a   :   1f;
	473b   :   1f;
	473c   :   13;
	473d   :   00;
	473e   :   00;
	473f   :   00;
	4740   :   0e;
	4741   :   0e;
	4742   :   05;
	4743   :   06;
	4744   :   13;
	4745   :   00;
	4746   :   00;
	4747   :   00;
	4748   :   0e;
	4749   :   0e;
	474a   :   0e;
	474b   :   0e;
	474c   :   13;
	474d   :   00;
	474e   :   00;
	474f   :   00;
	4750   :   0e;
	4751   :   0f;
	4752   :   0e;
	4753   :   17;
	4754   :   13;
	4755   :   00;
	4756   :   00;
	4757   :   00;
	4758   :   0e;
	4759   :   0f;
	475a   :   17;
	475b   :   0e;
	475c   :   13;
	475d   :   00;
	475e   :   00;
	475f   :   00;
	4760   :   0e;
	4761   :   0f;
	4762   :   0f;
	4763   :   0f;
	4764   :   13;
	4765   :   00;
	4766   :   00;
	4767   :   00;
	4768   :   0f;
	4769   :   0f;
	476a   :   0f;
	476b   :   0f;
	476c   :   13;
	476d   :   00;
	476e   :   00;
	476f   :   00;
	4770   :   0f;
	4771   :   0f;
	4772   :   0f;
	4773   :   0f;
	4774   :   13;
	4775   :   00;
	4776   :   00;
	4777   :   00;
	4778   :   0f;
	4779   :   0f;
	477a   :   15;
	477b   :   0b;
	477c   :   13;
	477d   :   00;
	477e   :   00;
	477f   :   00;
	4780   :   0a;
	4781   :   01;
	4782   :   09;
	4783   :   0a;
	4784   :   13;
	4785   :   00;
	4786   :   00;
	4787   :   00;
	4788   :   01;
	4789   :   01;
	478a   :   0a;
	478b   :   01;
	478c   :   13;
	478d   :   00;
	478e   :   00;
	478f   :   00;
	4790   :   0a;
	4791   :   15;
	4792   :   17;
	4793   :   17;
	4794   :   13;
	4795   :   00;
	4796   :   00;
	4797   :   00;
	4798   :   1f;
	4799   :   27;
	479a   :   27;
	479b   :   27;
	479c   :   13;
	479d   :   00;
	479e   :   00;
	479f   :   00;
	47a0   :   2f;
	47a1   :   2f;
	47a2   :   27;
	47a3   :   2f;
	47a4   :   13;
	47a5   :   00;
	47a6   :   00;
	47a7   :   00;
	47a8   :   2f;
	47a9   :   1f;
	47aa   :   1f;
	47ab   :   2f;
	47ac   :   13;
	47ad   :   00;
	47ae   :   00;
	47af   :   00;
	47b0   :   2f;
	47b1   :   27;
	47b2   :   27;
	47b3   :   2f;
	47b4   :   13;
	47b5   :   00;
	47b6   :   00;
	47b7   :   00;
	47b8   :   25;
	47b9   :   1b;
	47ba   :   59;
	47bb   :   11;
	47bc   :   13;
	47bd   :   00;
	47be   :   00;
	47bf   :   00;
	47c0   :   0a;
	47c1   :   02;
	47c2   :   02;
	47c3   :   02;
	47c4   :   13;
	47c5   :   00;
	47c6   :   00;
	47c7   :   00;
	47c8   :   01;
	47c9   :   00;
	47ca   :   00;
	47cb   :   01;
	47cc   :   13;
	47cd   :   00;
	47ce   :   00;
	47cf   :   00;
	47d0   :   01;
	47d1   :   0a;
	47d2   :   09;
	47d3   :   00;
	47d4   :   13;
	47d5   :   00;
	47d6   :   00;
	47d7   :   00;
	47d8   :   52;
	47d9   :   0a;
	47da   :   0a;
	47db   :   08;
	47dc   :   13;
	47dd   :   00;
	47de   :   00;
	47df   :   00;
	47e0   :   49;
	47e1   :   52;
	47e2   :   52;
	47e3   :   5c;
	47e4   :   13;
	47e5   :   00;
	47e6   :   00;
	47e7   :   00;
	47e8   :   5b;
	47e9   :   18;
	47ea   :   10;
	47eb   :   18;
	47ec   :   13;
	47ed   :   00;
	47ee   :   00;
	47ef   :   00;
	47f0   :   59;
	47f1   :   61;
	47f2   :   2f;
	47f3   :   2f;
	47f4   :   13;
	47f5   :   00;
	47f6   :   00;
	47f7   :   00;
	47f8   :   27;
	47f9   :   2f;
	47fa   :   27;
	47fb   :   27;
	47fc   :   13;
	47fd   :   00;
	47fe   :   00;
	47ff   :   00;
	4800   :   17;
	4801   :   05;
	4802   :   05;
	4803   :   0e;
	4804   :   13;
	4805   :   00;
	4806   :   00;
	4807   :   00;
	4808   :   06;
	4809   :   0e;
	480a   :   0e;
	480b   :   0e;
	480c   :   13;
	480d   :   00;
	480e   :   00;
	480f   :   00;
	4810   :   05;
	4811   :   17;
	4812   :   2f;
	4813   :   2f;
	4814   :   13;
	4815   :   00;
	4816   :   00;
	4817   :   00;
	4818   :   2f;
	4819   :   2f;
	481a   :   27;
	481b   :   27;
	481c   :   13;
	481d   :   00;
	481e   :   00;
	481f   :   00;
	4820   :   27;
	4821   :   27;
	4822   :   27;
	4823   :   27;
	4824   :   13;
	4825   :   00;
	4826   :   00;
	4827   :   00;
	4828   :   27;
	4829   :   27;
	482a   :   27;
	482b   :   27;
	482c   :   13;
	482d   :   00;
	482e   :   00;
	482f   :   00;
	4830   :   27;
	4831   :   2f;
	4832   :   6e;
	4833   :   6e;
	4834   :   13;
	4835   :   00;
	4836   :   00;
	4837   :   00;
	4838   :   27;
	4839   :   17;
	483a   :   0f;
	483b   :   0f;
	483c   :   13;
	483d   :   00;
	483e   :   00;
	483f   :   00;
	4840   :   0f;
	4841   :   0f;
	4842   :   06;
	4843   :   05;
	4844   :   13;
	4845   :   00;
	4846   :   00;
	4847   :   00;
	4848   :   05;
	4849   :   16;
	484a   :   27;
	484b   :   27;
	484c   :   13;
	484d   :   00;
	484e   :   00;
	484f   :   00;
	4850   :   27;
	4851   :   1f;
	4852   :   27;
	4853   :   1f;
	4854   :   13;
	4855   :   00;
	4856   :   00;
	4857   :   00;
	4858   :   27;
	4859   :   27;
	485a   :   16;
	485b   :   0d;
	485c   :   13;
	485d   :   00;
	485e   :   00;
	485f   :   00;
	4860   :   0d;
	4861   :   0d;
	4862   :   04;
	4863   :   0c;
	4864   :   13;
	4865   :   00;
	4866   :   00;
	4867   :   00;
	4868   :   0c;
	4869   :   0d;
	486a   :   05;
	486b   :   04;
	486c   :   13;
	486d   :   00;
	486e   :   00;
	486f   :   00;
	4870   :   03;
	4871   :   04;
	4872   :   0d;
	4873   :   16;
	4874   :   13;
	4875   :   00;
	4876   :   00;
	4877   :   00;
	4878   :   1f;
	4879   :   1f;
	487a   :   27;
	487b   :   1f;
	487c   :   13;
	487d   :   00;
	487e   :   00;
	487f   :   00;
	4880   :   05;
	4881   :   0e;
	4882   :   0e;
	4883   :   05;
	4884   :   13;
	4885   :   00;
	4886   :   00;
	4887   :   00;
	4888   :   0e;
	4889   :   0e;
	488a   :   0e;
	488b   :   17;
	488c   :   13;
	488d   :   00;
	488e   :   00;
	488f   :   00;
	4890   :   0e;
	4891   :   0e;
	4892   :   0e;
	4893   :   0f;
	4894   :   13;
	4895   :   00;
	4896   :   00;
	4897   :   00;
	4898   :   0f;
	4899   :   06;
	489a   :   0f;
	489b   :   0f;
	489c   :   13;
	489d   :   00;
	489e   :   00;
	489f   :   00;
	48a0   :   06;
	48a1   :   0f;
	48a2   :   0e;
	48a3   :   0f;
	48a4   :   13;
	48a5   :   00;
	48a6   :   00;
	48a7   :   00;
	48a8   :   0f;
	48a9   :   0f;
	48aa   :   0f;
	48ab   :   0f;
	48ac   :   13;
	48ad   :   00;
	48ae   :   00;
	48af   :   00;
	48b0   :   0f;
	48b1   :   06;
	48b2   :   0f;
	48b3   :   0f;
	48b4   :   13;
	48b5   :   00;
	48b6   :   00;
	48b7   :   00;
	48b8   :   0f;
	48b9   :   15;
	48ba   :   0c;
	48bb   :   0d;
	48bc   :   13;
	48bd   :   00;
	48be   :   00;
	48bf   :   00;
	48c0   :   0c;
	48c1   :   09;
	48c2   :   0a;
	48c3   :   09;
	48c4   :   13;
	48c5   :   00;
	48c6   :   00;
	48c7   :   00;
	48c8   :   01;
	48c9   :   09;
	48ca   :   0a;
	48cb   :   0a;
	48cc   :   13;
	48cd   :   00;
	48ce   :   00;
	48cf   :   00;
	48d0   :   0e;
	48d1   :   17;
	48d2   :   17;
	48d3   :   1f;
	48d4   :   13;
	48d5   :   00;
	48d6   :   00;
	48d7   :   00;
	48d8   :   1f;
	48d9   :   1f;
	48da   :   1f;
	48db   :   27;
	48dc   :   13;
	48dd   :   00;
	48de   :   00;
	48df   :   00;
	48e0   :   27;
	48e1   :   1f;
	48e2   :   17;
	48e3   :   1f;
	48e4   :   13;
	48e5   :   00;
	48e6   :   00;
	48e7   :   00;
	48e8   :   27;
	48e9   :   17;
	48ea   :   17;
	48eb   :   1f;
	48ec   :   13;
	48ed   :   00;
	48ee   :   00;
	48ef   :   00;
	48f0   :   1f;
	48f1   :   25;
	48f2   :   23;
	48f3   :   59;
	48f4   :   13;
	48f5   :   00;
	48f6   :   00;
	48f7   :   00;
	48f8   :   58;
	48f9   :   10;
	48fa   :   08;
	48fb   :   09;
	48fc   :   13;
	48fd   :   00;
	48fe   :   00;
	48ff   :   00;
	4900   :   09;
	4901   :   0a;
	4902   :   03;
	4903   :   02;
	4904   :   13;
	4905   :   00;
	4906   :   00;
	4907   :   00;
	4908   :   00;
	4909   :   01;
	490a   :   01;
	490b   :   01;
	490c   :   13;
	490d   :   00;
	490e   :   00;
	490f   :   00;
	4910   :   01;
	4911   :   0a;
	4912   :   0a;
	4913   :   09;
	4914   :   13;
	4915   :   00;
	4916   :   00;
	4917   :   00;
	4918   :   00;
	4919   :   49;
	491a   :   52;
	491b   :   0a;
	491c   :   13;
	491d   :   00;
	491e   :   00;
	491f   :   00;
	4920   :   4a;
	4921   :   09;
	4922   :   52;
	4923   :   53;
	4924   :   13;
	4925   :   00;
	4926   :   00;
	4927   :   00;
	4928   :   0b;
	4929   :   63;
	492a   :   58;
	492b   :   60;
	492c   :   13;
	492d   :   00;
	492e   :   00;
	492f   :   00;
	4930   :   61;
	4931   :   61;
	4932   :   2e;
	4933   :   2f;
	4934   :   13;
	4935   :   00;
	4936   :   00;
	4937   :   00;
	4938   :   37;
	4939   :   37;
	493a   :   2f;
	493b   :   2f;
	493c   :   13;
	493d   :   00;
	493e   :   00;
	493f   :   00;
	4940   :   27;
	4941   :   0f;
	4942   :   0e;
	4943   :   06;
	4944   :   13;
	4945   :   00;
	4946   :   00;
	4947   :   00;
	4948   :   0e;
	4949   :   0e;
	494a   :   0e;
	494b   :   0e;
	494c   :   13;
	494d   :   00;
	494e   :   00;
	494f   :   00;
	4950   :   05;
	4951   :   0d;
	4952   :   27;
	4953   :   2f;
	4954   :   13;
	4955   :   00;
	4956   :   00;
	4957   :   00;
	4958   :   27;
	4959   :   27;
	495a   :   1f;
	495b   :   27;
	495c   :   13;
	495d   :   00;
	495e   :   00;
	495f   :   00;
	4960   :   27;
	4961   :   27;
	4962   :   27;
	4963   :   27;
	4964   :   13;
	4965   :   00;
	4966   :   00;
	4967   :   00;
	4968   :   27;
	4969   :   27;
	496a   :   27;
	496b   :   27;
	496c   :   13;
	496d   :   00;
	496e   :   00;
	496f   :   00;
	4970   :   27;
	4971   :   27;
	4972   :   1f;
	4973   :   66;
	4974   :   13;
	4975   :   00;
	4976   :   00;
	4977   :   00;
	4978   :   6e;
	4979   :   25;
	497a   :   16;
	497b   :   0f;
	497c   :   13;
	497d   :   00;
	497e   :   00;
	497f   :   00;
	4980   :   0f;
	4981   :   0f;
	4982   :   0f;
	4983   :   0e;
	4984   :   13;
	4985   :   00;
	4986   :   00;
	4987   :   00;
	4988   :   05;
	4989   :   04;
	498a   :   16;
	498b   :   17;
	498c   :   13;
	498d   :   00;
	498e   :   00;
	498f   :   00;
	4990   :   1f;
	4991   :   1f;
	4992   :   27;
	4993   :   1f;
	4994   :   13;
	4995   :   00;
	4996   :   00;
	4997   :   00;
	4998   :   1f;
	4999   :   27;
	499a   :   1e;
	499b   :   16;
	499c   :   13;
	499d   :   00;
	499e   :   00;
	499f   :   00;
	49a0   :   15;
	49a1   :   0b;
	49a2   :   0d;
	49a3   :   0e;
	49a4   :   13;
	49a5   :   00;
	49a6   :   00;
	49a7   :   00;
	49a8   :   0d;
	49a9   :   04;
	49aa   :   03;
	49ab   :   05;
	49ac   :   13;
	49ad   :   00;
	49ae   :   00;
	49af   :   00;
	49b0   :   03;
	49b1   :   03;
	49b2   :   04;
	49b3   :   05;
	49b4   :   13;
	49b5   :   00;
	49b6   :   00;
	49b7   :   00;
	49b8   :   0e;
	49b9   :   17;
	49ba   :   17;
	49bb   :   16;
	49bc   :   13;
	49bd   :   00;
	49be   :   00;
	49bf   :   00;
	49c0   :   05;
	49c1   :   0e;
	49c2   :   0e;
	49c3   :   06;
	49c4   :   13;
	49c5   :   00;
	49c6   :   00;
	49c7   :   00;
	49c8   :   0e;
	49c9   :   0f;
	49ca   :   0f;
	49cb   :   17;
	49cc   :   13;
	49cd   :   00;
	49ce   :   00;
	49cf   :   00;
	49d0   :   17;
	49d1   :   06;
	49d2   :   0f;
	49d3   :   0e;
	49d4   :   13;
	49d5   :   00;
	49d6   :   00;
	49d7   :   00;
	49d8   :   0e;
	49d9   :   06;
	49da   :   0e;
	49db   :   0f;
	49dc   :   13;
	49dd   :   00;
	49de   :   00;
	49df   :   00;
	49e0   :   0e;
	49e1   :   06;
	49e2   :   0e;
	49e3   :   0e;
	49e4   :   13;
	49e5   :   00;
	49e6   :   00;
	49e7   :   00;
	49e8   :   0e;
	49e9   :   0f;
	49ea   :   0f;
	49eb   :   0f;
	49ec   :   13;
	49ed   :   00;
	49ee   :   00;
	49ef   :   00;
	49f0   :   0f;
	49f1   :   0f;
	49f2   :   0e;
	49f3   :   0d;
	49f4   :   13;
	49f5   :   00;
	49f6   :   00;
	49f7   :   00;
	49f8   :   0e;
	49f9   :   0d;
	49fa   :   0e;
	49fb   :   0c;
	49fc   :   13;
	49fd   :   00;
	49fe   :   00;
	49ff   :   00;
	4a00   :   0d;
	4a01   :   13;
	4a02   :   0a;
	4a03   :   01;
	4a04   :   13;
	4a05   :   00;
	4a06   :   00;
	4a07   :   00;
	4a08   :   01;
	4a09   :   01;
	4a0a   :   09;
	4a0b   :   0d;
	4a0c   :   13;
	4a0d   :   00;
	4a0e   :   00;
	4a0f   :   00;
	4a10   :   0f;
	4a11   :   0f;
	4a12   :   0f;
	4a13   :   17;
	4a14   :   13;
	4a15   :   00;
	4a16   :   00;
	4a17   :   00;
	4a18   :   1f;
	4a19   :   1f;
	4a1a   :   1f;
	4a1b   :   1f;
	4a1c   :   13;
	4a1d   :   00;
	4a1e   :   00;
	4a1f   :   00;
	4a20   :   1f;
	4a21   :   1f;
	4a22   :   1f;
	4a23   :   17;
	4a24   :   13;
	4a25   :   00;
	4a26   :   00;
	4a27   :   00;
	4a28   :   17;
	4a29   :   17;
	4a2a   :   17;
	4a2b   :   1f;
	4a2c   :   13;
	4a2d   :   00;
	4a2e   :   00;
	4a2f   :   00;
	4a30   :   1b;
	4a31   :   58;
	4a32   :   18;
	4a33   :   10;
	4a34   :   13;
	4a35   :   00;
	4a36   :   00;
	4a37   :   00;
	4a38   :   10;
	4a39   :   08;
	4a3a   :   03;
	4a3b   :   04;
	4a3c   :   13;
	4a3d   :   00;
	4a3e   :   00;
	4a3f   :   00;
	4a40   :   04;
	4a41   :   04;
	4a42   :   0c;
	4a43   :   02;
	4a44   :   13;
	4a45   :   00;
	4a46   :   00;
	4a47   :   00;
	4a48   :   00;
	4a49   :   00;
	4a4a   :   01;
	4a4b   :   00;
	4a4c   :   13;
	4a4d   :   00;
	4a4e   :   00;
	4a4f   :   00;
	4a50   :   01;
	4a51   :   00;
	4a52   :   0a;
	4a53   :   0a;
	4a54   :   13;
	4a55   :   00;
	4a56   :   00;
	4a57   :   00;
	4a58   :   09;
	4a59   :   01;
	4a5a   :   49;
	4a5b   :   53;
	4a5c   :   13;
	4a5d   :   00;
	4a5e   :   00;
	4a5f   :   00;
	4a60   :   0a;
	4a61   :   0a;
	4a62   :   51;
	4a63   :   4a;
	4a64   :   13;
	4a65   :   00;
	4a66   :   00;
	4a67   :   00;
	4a68   :   53;
	4a69   :   5c;
	4a6a   :   62;
	4a6b   :   58;
	4a6c   :   13;
	4a6d   :   00;
	4a6e   :   00;
	4a6f   :   00;
	4a70   :   60;
	4a71   :   62;
	4a72   :   6e;
	4a73   :   37;
	4a74   :   13;
	4a75   :   00;
	4a76   :   00;
	4a77   :   00;
	4a78   :   2f;
	4a79   :   2f;
	4a7a   :   2f;
	4a7b   :   2f;
	4a7c   :   13;
	4a7d   :   00;
	4a7e   :   00;
	4a7f   :   00;
	4a80   :   2f;
	4a81   :   1f;
	4a82   :   0f;
	4a83   :   0e;
	4a84   :   13;
	4a85   :   00;
	4a86   :   00;
	4a87   :   00;
	4a88   :   05;
	4a89   :   06;
	4a8a   :   06;
	4a8b   :   05;
	4a8c   :   13;
	4a8d   :   00;
	4a8e   :   00;
	4a8f   :   00;
	4a90   :   05;
	4a91   :   03;
	4a92   :   15;
	4a93   :   1f;
	4a94   :   13;
	4a95   :   00;
	4a96   :   00;
	4a97   :   00;
	4a98   :   27;
	4a99   :   27;
	4a9a   :   27;
	4a9b   :   27;
	4a9c   :   13;
	4a9d   :   00;
	4a9e   :   00;
	4a9f   :   00;
	4aa0   :   27;
	4aa1   :   27;
	4aa2   :   27;
	4aa3   :   27;
	4aa4   :   13;
	4aa5   :   00;
	4aa6   :   00;
	4aa7   :   00;
	4aa8   :   27;
	4aa9   :   27;
	4aaa   :   27;
	4aab   :   27;
	4aac   :   13;
	4aad   :   00;
	4aae   :   00;
	4aaf   :   00;
	4ab0   :   27;
	4ab1   :   27;
	4ab2   :   27;
	4ab3   :   1f;
	4ab4   :   13;
	4ab5   :   00;
	4ab6   :   00;
	4ab7   :   00;
	4ab8   :   1e;
	4ab9   :   26;
	4aba   :   1c;
	4abb   :   16;
	4abc   :   13;
	4abd   :   00;
	4abe   :   00;
	4abf   :   00;
	4ac0   :   0f;
	4ac1   :   0f;
	4ac2   :   0f;
	4ac3   :   0e;
	4ac4   :   13;
	4ac5   :   00;
	4ac6   :   00;
	4ac7   :   00;
	4ac8   :   06;
	4ac9   :   04;
	4aca   :   04;
	4acb   :   04;
	4acc   :   13;
	4acd   :   00;
	4ace   :   00;
	4acf   :   00;
	4ad0   :   05;
	4ad1   :   05;
	4ad2   :   0d;
	4ad3   :   0d;
	4ad4   :   13;
	4ad5   :   00;
	4ad6   :   00;
	4ad7   :   00;
	4ad8   :   0e;
	4ad9   :   0e;
	4ada   :   0e;
	4adb   :   0e;
	4adc   :   13;
	4add   :   00;
	4ade   :   00;
	4adf   :   00;
	4ae0   :   16;
	4ae1   :   1f;
	4ae2   :   1e;
	4ae3   :   16;
	4ae4   :   13;
	4ae5   :   00;
	4ae6   :   00;
	4ae7   :   00;
	4ae8   :   15;
	4ae9   :   14;
	4aea   :   0b;
	4aeb   :   04;
	4aec   :   13;
	4aed   :   00;
	4aee   :   00;
	4aef   :   00;
	4af0   :   02;
	4af1   :   03;
	4af2   :   03;
	4af3   :   03;
	4af4   :   13;
	4af5   :   00;
	4af6   :   00;
	4af7   :   00;
	4af8   :   04;
	4af9   :   05;
	4afa   :   05;
	4afb   :   04;
	4afc   :   13;
	4afd   :   00;
	4afe   :   00;
	4aff   :   00;
	4b00   :   0e;
	4b01   :   0e;
	4b02   :   0e;
	4b03   :   0e;
	4b04   :   13;
	4b05   :   00;
	4b06   :   00;
	4b07   :   00;
	4b08   :   0e;
	4b09   :   0f;
	4b0a   :   0f;
	4b0b   :   0f;
	4b0c   :   13;
	4b0d   :   00;
	4b0e   :   00;
	4b0f   :   00;
	4b10   :   17;
	4b11   :   06;
	4b12   :   06;
	4b13   :   0e;
	4b14   :   13;
	4b15   :   00;
	4b16   :   00;
	4b17   :   00;
	4b18   :   0e;
	4b19   :   0e;
	4b1a   :   06;
	4b1b   :   0e;
	4b1c   :   13;
	4b1d   :   00;
	4b1e   :   00;
	4b1f   :   00;
	4b20   :   16;
	4b21   :   0e;
	4b22   :   0e;
	4b23   :   0f;
	4b24   :   13;
	4b25   :   00;
	4b26   :   00;
	4b27   :   00;
	4b28   :   0e;
	4b29   :   0e;
	4b2a   :   0f;
	4b2b   :   0f;
	4b2c   :   13;
	4b2d   :   00;
	4b2e   :   00;
	4b2f   :   00;
	4b30   :   0f;
	4b31   :   0f;
	4b32   :   0f;
	4b33   :   0e;
	4b34   :   13;
	4b35   :   00;
	4b36   :   00;
	4b37   :   00;
	4b38   :   0a;
	4b39   :   04;
	4b3a   :   0f;
	4b3b   :   0c;
	4b3c   :   13;
	4b3d   :   00;
	4b3e   :   00;
	4b3f   :   00;
	4b40   :   0a;
	4b41   :   0b;
	4b42   :   0a;
	4b43   :   01;
	4b44   :   13;
	4b45   :   00;
	4b46   :   00;
	4b47   :   00;
	4b48   :   01;
	4b49   :   0a;
	4b4a   :   0b;
	4b4b   :   0f;
	4b4c   :   13;
	4b4d   :   00;
	4b4e   :   00;
	4b4f   :   00;
	4b50   :   0f;
	4b51   :   17;
	4b52   :   17;
	4b53   :   0f;
	4b54   :   13;
	4b55   :   00;
	4b56   :   00;
	4b57   :   00;
	4b58   :   0f;
	4b59   :   17;
	4b5a   :   1f;
	4b5b   :   1f;
	4b5c   :   13;
	4b5d   :   00;
	4b5e   :   00;
	4b5f   :   00;
	4b60   :   1f;
	4b61   :   17;
	4b62   :   17;
	4b63   :   17;
	4b64   :   13;
	4b65   :   00;
	4b66   :   00;
	4b67   :   00;
	4b68   :   17;
	4b69   :   17;
	4b6a   :   1e;
	4b6b   :   5a;
	4b6c   :   13;
	4b6d   :   00;
	4b6e   :   00;
	4b6f   :   00;
	4b70   :   18;
	4b71   :   11;
	4b72   :   08;
	4b73   :   0a;
	4b74   :   13;
	4b75   :   00;
	4b76   :   00;
	4b77   :   00;
	4b78   :   0c;
	4b79   :   0c;
	4b7a   :   0d;
	4b7b   :   04;
	4b7c   :   13;
	4b7d   :   00;
	4b7e   :   00;
	4b7f   :   00;
	4b80   :   03;
	4b81   :   03;
	4b82   :   04;
	4b83   :   03;
	4b84   :   13;
	4b85   :   00;
	4b86   :   00;
	4b87   :   00;
	4b88   :   01;
	4b89   :   00;
	4b8a   :   00;
	4b8b   :   00;
	4b8c   :   13;
	4b8d   :   00;
	4b8e   :   00;
	4b8f   :   00;
	4b90   :   01;
	4b91   :   00;
	4b92   :   00;
	4b93   :   00;
	4b94   :   13;
	4b95   :   00;
	4b96   :   00;
	4b97   :   00;
	4b98   :   01;
	4b99   :   0a;
	4b9a   :   09;
	4b9b   :   0a;
	4b9c   :   13;
	4b9d   :   00;
	4b9e   :   00;
	4b9f   :   00;
	4ba0   :   13;
	4ba1   :   12;
	4ba2   :   09;
	4ba3   :   09;
	4ba4   :   13;
	4ba5   :   00;
	4ba6   :   00;
	4ba7   :   00;
	4ba8   :   49;
	4ba9   :   53;
	4baa   :   5c;
	4bab   :   64;
	4bac   :   13;
	4bad   :   00;
	4bae   :   00;
	4baf   :   00;
	4bb0   :   63;
	4bb1   :   ad;
	4bb2   :   77;
	4bb3   :   6f;
	4bb4   :   13;
	4bb5   :   00;
	4bb6   :   00;
	4bb7   :   00;
	4bb8   :   67;
	4bb9   :   67;
	4bba   :   67;
	4bbb   :   67;
	4bbc   :   13;
	4bbd   :   00;
	4bbe   :   00;
	4bbf   :   00;
	4bc0   :   27;
	4bc1   :   27;
	4bc2   :   1f;
	4bc3   :   57;
	4bc4   :   13;
	4bc5   :   00;
	4bc6   :   00;
	4bc7   :   00;
	4bc8   :   0e;
	4bc9   :   05;
	4bca   :   06;
	4bcb   :   05;
	4bcc   :   13;
	4bcd   :   00;
	4bce   :   00;
	4bcf   :   00;
	4bd0   :   04;
	4bd1   :   04;
	4bd2   :   03;
	4bd3   :   04;
	4bd4   :   13;
	4bd5   :   00;
	4bd6   :   00;
	4bd7   :   00;
	4bd8   :   0e;
	4bd9   :   1f;
	4bda   :   27;
	4bdb   :   27;
	4bdc   :   13;
	4bdd   :   00;
	4bde   :   00;
	4bdf   :   00;
	4be0   :   27;
	4be1   :   27;
	4be2   :   27;
	4be3   :   27;
	4be4   :   13;
	4be5   :   00;
	4be6   :   00;
	4be7   :   00;
	4be8   :   27;
	4be9   :   27;
	4bea   :   27;
	4beb   :   27;
	4bec   :   13;
	4bed   :   00;
	4bee   :   00;
	4bef   :   00;
	4bf0   :   27;
	4bf1   :   27;
	4bf2   :   27;
	4bf3   :   27;
	4bf4   :   13;
	4bf5   :   00;
	4bf6   :   00;
	4bf7   :   00;
	4bf8   :   1e;
	4bf9   :   1e;
	4bfa   :   15;
	4bfb   :   0c;
	4bfc   :   13;
	4bfd   :   00;
	4bfe   :   00;
	4bff   :   00;
	4c00   :   17;
	4c01   :   0f;
	4c02   :   0e;
	4c03   :   0e;
	4c04   :   13;
	4c05   :   00;
	4c06   :   00;
	4c07   :   00;
	4c08   :   06;
	4c09   :   0d;
	4c0a   :   15;
	4c0b   :   5e;
	4c0c   :   13;
	4c0d   :   00;
	4c0e   :   00;
	4c0f   :   00;
	4c10   :   1e;
	4c11   :   15;
	4c12   :   04;
	4c13   :   04;
	4c14   :   13;
	4c15   :   00;
	4c16   :   00;
	4c17   :   00;
	4c18   :   05;
	4c19   :   05;
	4c1a   :   05;
	4c1b   :   04;
	4c1c   :   13;
	4c1d   :   00;
	4c1e   :   00;
	4c1f   :   00;
	4c20   :   0d;
	4c21   :   16;
	4c22   :   02;
	4c23   :   0c;
	4c24   :   13;
	4c25   :   00;
	4c26   :   00;
	4c27   :   00;
	4c28   :   0c;
	4c29   :   0e;
	4c2a   :   04;
	4c2b   :   02;
	4c2c   :   13;
	4c2d   :   00;
	4c2e   :   00;
	4c2f   :   00;
	4c30   :   02;
	4c31   :   04;
	4c32   :   03;
	4c33   :   03;
	4c34   :   13;
	4c35   :   00;
	4c36   :   00;
	4c37   :   00;
	4c38   :   02;
	4c39   :   02;
	4c3a   :   02;
	4c3b   :   02;
	4c3c   :   13;
	4c3d   :   00;
	4c3e   :   00;
	4c3f   :   00;
	4c40   :   0e;
	4c41   :   06;
	4c42   :   0e;
	4c43   :   0e;
	4c44   :   13;
	4c45   :   00;
	4c46   :   00;
	4c47   :   00;
	4c48   :   0e;
	4c49   :   0e;
	4c4a   :   0e;
	4c4b   :   17;
	4c4c   :   13;
	4c4d   :   00;
	4c4e   :   00;
	4c4f   :   00;
	4c50   :   0e;
	4c51   :   06;
	4c52   :   05;
	4c53   :   05;
	4c54   :   13;
	4c55   :   00;
	4c56   :   00;
	4c57   :   00;
	4c58   :   0e;
	4c59   :   0e;
	4c5a   :   0e;
	4c5b   :   0e;
	4c5c   :   13;
	4c5d   :   00;
	4c5e   :   00;
	4c5f   :   00;
	4c60   :   0f;
	4c61   :   0e;
	4c62   :   0e;
	4c63   :   0f;
	4c64   :   13;
	4c65   :   00;
	4c66   :   00;
	4c67   :   00;
	4c68   :   17;
	4c69   :   0e;
	4c6a   :   05;
	4c6b   :   0e;
	4c6c   :   13;
	4c6d   :   00;
	4c6e   :   00;
	4c6f   :   00;
	4c70   :   0e;
	4c71   :   0f;
	4c72   :   0f;
	4c73   :   0e;
	4c74   :   13;
	4c75   :   00;
	4c76   :   00;
	4c77   :   00;
	4c78   :   0b;
	4c79   :   0b;
	4c7a   :   0e;
	4c7b   :   0c;
	4c7c   :   13;
	4c7d   :   00;
	4c7e   :   00;
	4c7f   :   00;
	4c80   :   09;
	4c81   :   13;
	4c82   :   0a;
	4c83   :   01;
	4c84   :   13;
	4c85   :   00;
	4c86   :   00;
	4c87   :   00;
	4c88   :   01;
	4c89   :   01;
	4c8a   :   13;
	4c8b   :   16;
	4c8c   :   13;
	4c8d   :   00;
	4c8e   :   00;
	4c8f   :   00;
	4c90   :   0f;
	4c91   :   0f;
	4c92   :   17;
	4c93   :   17;
	4c94   :   13;
	4c95   :   00;
	4c96   :   00;
	4c97   :   00;
	4c98   :   17;
	4c99   :   0f;
	4c9a   :   17;
	4c9b   :   17;
	4c9c   :   13;
	4c9d   :   00;
	4c9e   :   00;
	4c9f   :   00;
	4ca0   :   0f;
	4ca1   :   17;
	4ca2   :   17;
	4ca3   :   17;
	4ca4   :   13;
	4ca5   :   00;
	4ca6   :   00;
	4ca7   :   00;
	4ca8   :   17;
	4ca9   :   54;
	4caa   :   52;
	4cab   :   08;
	4cac   :   13;
	4cad   :   00;
	4cae   :   00;
	4caf   :   00;
	4cb0   :   08;
	4cb1   :   10;
	4cb2   :   09;
	4cb3   :   0c;
	4cb4   :   13;
	4cb5   :   00;
	4cb6   :   00;
	4cb7   :   00;
	4cb8   :   0b;
	4cb9   :   0b;
	4cba   :   03;
	4cbb   :   03;
	4cbc   :   13;
	4cbd   :   00;
	4cbe   :   00;
	4cbf   :   00;
	4cc0   :   03;
	4cc1   :   03;
	4cc2   :   02;
	4cc3   :   01;
	4cc4   :   13;
	4cc5   :   00;
	4cc6   :   00;
	4cc7   :   00;
	4cc8   :   08;
	4cc9   :   00;
	4cca   :   01;
	4ccb   :   00;
	4ccc   :   13;
	4ccd   :   00;
	4cce   :   00;
	4ccf   :   00;
	4cd0   :   00;
	4cd1   :   00;
	4cd2   :   00;
	4cd3   :   00;
	4cd4   :   13;
	4cd5   :   00;
	4cd6   :   00;
	4cd7   :   00;
	4cd8   :   00;
	4cd9   :   0a;
	4cda   :   53;
	4cdb   :   4a;
	4cdc   :   13;
	4cdd   :   00;
	4cde   :   00;
	4cdf   :   00;
	4ce0   :   09;
	4ce1   :   0a;
	4ce2   :   53;
	4ce3   :   4a;
	4ce4   :   13;
	4ce5   :   00;
	4ce6   :   00;
	4ce7   :   00;
	4ce8   :   4a;
	4ce9   :   5b;
	4cea   :   5c;
	4ceb   :   65;
	4cec   :   13;
	4ced   :   00;
	4cee   :   00;
	4cef   :   00;
	4cf0   :   af;
	4cf1   :   b7;
	4cf2   :   b7;
	4cf3   :   af;
	4cf4   :   13;
	4cf5   :   00;
	4cf6   :   00;
	4cf7   :   00;
	4cf8   :   a7;
	4cf9   :   af;
	4cfa   :   6f;
	4cfb   :   67;
	4cfc   :   13;
	4cfd   :   00;
	4cfe   :   00;
	4cff   :   00;
	4d00   :   67;
	4d01   :   5f;
	4d02   :   af;
	4d03   :   a7;
	4d04   :   13;
	4d05   :   00;
	4d06   :   00;
	4d07   :   00;
	4d08   :   a7;
	4d09   :   16;
	4d0a   :   0e;
	4d0b   :   0e;
	4d0c   :   13;
	4d0d   :   00;
	4d0e   :   00;
	4d0f   :   00;
	4d10   :   05;
	4d11   :   05;
	4d12   :   06;
	4d13   :   06;
	4d14   :   13;
	4d15   :   00;
	4d16   :   00;
	4d17   :   00;
	4d18   :   05;
	4d19   :   05;
	4d1a   :   17;
	4d1b   :   1f;
	4d1c   :   13;
	4d1d   :   00;
	4d1e   :   00;
	4d1f   :   00;
	4d20   :   27;
	4d21   :   27;
	4d22   :   27;
	4d23   :   27;
	4d24   :   13;
	4d25   :   00;
	4d26   :   00;
	4d27   :   00;
	4d28   :   27;
	4d29   :   1f;
	4d2a   :   17;
	4d2b   :   27;
	4d2c   :   13;
	4d2d   :   00;
	4d2e   :   00;
	4d2f   :   00;
	4d30   :   27;
	4d31   :   27;
	4d32   :   1f;
	4d33   :   1e;
	4d34   :   13;
	4d35   :   00;
	4d36   :   00;
	4d37   :   00;
	4d38   :   16;
	4d39   :   0d;
	4d3a   :   0c;
	4d3b   :   03;
	4d3c   :   13;
	4d3d   :   00;
	4d3e   :   00;
	4d3f   :   00;
	4d40   :   0c;
	4d41   :   0d;
	4d42   :   16;
	4d43   :   16;
	4d44   :   13;
	4d45   :   00;
	4d46   :   00;
	4d47   :   00;
	4d48   :   1e;
	4d49   :   6e;
	4d4a   :   6e;
	4d4b   :   25;
	4d4c   :   13;
	4d4d   :   00;
	4d4e   :   00;
	4d4f   :   00;
	4d50   :   15;
	4d51   :   16;
	4d52   :   16;
	4d53   :   03;
	4d54   :   13;
	4d55   :   00;
	4d56   :   00;
	4d57   :   00;
	4d58   :   03;
	4d59   :   03;
	4d5a   :   03;
	4d5b   :   03;
	4d5c   :   13;
	4d5d   :   00;
	4d5e   :   00;
	4d5f   :   00;
	4d60   :   0c;
	4d61   :   0d;
	4d62   :   5e;
	4d63   :   67;
	4d64   :   13;
	4d65   :   00;
	4d66   :   00;
	4d67   :   00;
	4d68   :   27;
	4d69   :   1f;
	4d6a   :   0c;
	4d6b   :   01;
	4d6c   :   13;
	4d6d   :   00;
	4d6e   :   00;
	4d6f   :   00;
	4d70   :   01;
	4d71   :   02;
	4d72   :   02;
	4d73   :   03;
	4d74   :   13;
	4d75   :   00;
	4d76   :   00;
	4d77   :   00;
	4d78   :   03;
	4d79   :   03;
	4d7a   :   03;
	4d7b   :   03;
	4d7c   :   13;
	4d7d   :   00;
	4d7e   :   00;
	4d7f   :   00;
	4d80   :   0e;
	4d81   :   06;
	4d82   :   0e;
	4d83   :   0e;
	4d84   :   13;
	4d85   :   00;
	4d86   :   00;
	4d87   :   00;
	4d88   :   0e;
	4d89   :   0e;
	4d8a   :   0e;
	4d8b   :   17;
	4d8c   :   13;
	4d8d   :   00;
	4d8e   :   00;
	4d8f   :   00;
	4d90   :   0e;
	4d91   :   0e;
	4d92   :   0e;
	4d93   :   0d;
	4d94   :   13;
	4d95   :   00;
	4d96   :   00;
	4d97   :   00;
	4d98   :   0e;
	4d99   :   04;
	4d9a   :   0e;
	4d9b   :   06;
	4d9c   :   13;
	4d9d   :   00;
	4d9e   :   00;
	4d9f   :   00;
	4da0   :   0f;
	4da1   :   17;
	4da2   :   17;
	4da3   :   0f;
	4da4   :   13;
	4da5   :   00;
	4da6   :   00;
	4da7   :   00;
	4da8   :   0f;
	4da9   :   17;
	4daa   :   0e;
	4dab   :   06;
	4dac   :   13;
	4dad   :   00;
	4dae   :   00;
	4daf   :   00;
	4db0   :   0e;
	4db1   :   17;
	4db2   :   0f;
	4db3   :   0d;
	4db4   :   13;
	4db5   :   00;
	4db6   :   00;
	4db7   :   00;
	4db8   :   0b;
	4db9   :   0a;
	4dba   :   0b;
	4dbb   :   0e;
	4dbc   :   13;
	4dbd   :   00;
	4dbe   :   00;
	4dbf   :   00;
	4dc0   :   0d;
	4dc1   :   12;
	4dc2   :   0a;
	4dc3   :   01;
	4dc4   :   13;
	4dc5   :   00;
	4dc6   :   00;
	4dc7   :   00;
	4dc8   :   01;
	4dc9   :   01;
	4dca   :   0a;
	4dcb   :   13;
	4dcc   :   13;
	4dcd   :   00;
	4dce   :   00;
	4dcf   :   00;
	4dd0   :   0f;
	4dd1   :   0f;
	4dd2   :   0f;
	4dd3   :   0f;
	4dd4   :   13;
	4dd5   :   00;
	4dd6   :   00;
	4dd7   :   00;
	4dd8   :   17;
	4dd9   :   17;
	4dda   :   17;
	4ddb   :   17;
	4ddc   :   13;
	4ddd   :   00;
	4dde   :   00;
	4ddf   :   00;
	4de0   :   17;
	4de1   :   17;
	4de2   :   17;
	4de3   :   17;
	4de4   :   13;
	4de5   :   00;
	4de6   :   00;
	4de7   :   00;
	4de8   :   55;
	4de9   :   49;
	4dea   :   4a;
	4deb   :   09;
	4dec   :   13;
	4ded   :   00;
	4dee   :   00;
	4def   :   00;
	4df0   :   08;
	4df1   :   10;
	4df2   :   10;
	4df3   :   10;
	4df4   :   13;
	4df5   :   00;
	4df6   :   00;
	4df7   :   00;
	4df8   :   10;
	4df9   :   08;
	4dfa   :   08;
	4dfb   :   00;
	4dfc   :   13;
	4dfd   :   00;
	4dfe   :   00;
	4dff   :   00;
	4e00   :   00;
	4e01   :   00;
	4e02   :   00;
	4e03   :   00;
	4e04   :   13;
	4e05   :   00;
	4e06   :   00;
	4e07   :   00;
	4e08   :   08;
	4e09   :   00;
	4e0a   :   00;
	4e0b   :   00;
	4e0c   :   13;
	4e0d   :   00;
	4e0e   :   00;
	4e0f   :   00;
	4e10   :   00;
	4e11   :   00;
	4e12   :   00;
	4e13   :   01;
	4e14   :   13;
	4e15   :   00;
	4e16   :   00;
	4e17   :   00;
	4e18   :   0a;
	4e19   :   0a;
	4e1a   :   53;
	4e1b   :   53;
	4e1c   :   13;
	4e1d   :   00;
	4e1e   :   00;
	4e1f   :   00;
	4e20   :   53;
	4e21   :   52;
	4e22   :   9c;
	4e23   :   a5;
	4e24   :   13;
	4e25   :   00;
	4e26   :   00;
	4e27   :   00;
	4e28   :   a4;
	4e29   :   ad;
	4e2a   :   ad;
	4e2b   :   b6;
	4e2c   :   13;
	4e2d   :   00;
	4e2e   :   00;
	4e2f   :   00;
	4e30   :   b7;
	4e31   :   bf;
	4e32   :   bf;
	4e33   :   b7;
	4e34   :   13;
	4e35   :   00;
	4e36   :   00;
	4e37   :   00;
	4e38   :   b7;
	4e39   :   b7;
	4e3a   :   77;
	4e3b   :   af;
	4e3c   :   13;
	4e3d   :   00;
	4e3e   :   00;
	4e3f   :   00;
	4e40   :   af;
	4e41   :   af;
	4e42   :   ef;
	4e43   :   af;
	4e44   :   13;
	4e45   :   00;
	4e46   :   00;
	4e47   :   00;
	4e48   :   67;
	4e49   :   0e;
	4e4a   :   0e;
	4e4b   :   0e;
	4e4c   :   13;
	4e4d   :   00;
	4e4e   :   00;
	4e4f   :   00;
	4e50   :   0f;
	4e51   :   06;
	4e52   :   05;
	4e53   :   06;
	4e54   :   13;
	4e55   :   00;
	4e56   :   00;
	4e57   :   00;
	4e58   :   0e;
	4e59   :   05;
	4e5a   :   04;
	4e5b   :   0d;
	4e5c   :   13;
	4e5d   :   00;
	4e5e   :   00;
	4e5f   :   00;
	4e60   :   0e;
	4e61   :   16;
	4e62   :   1f;
	4e63   :   27;
	4e64   :   13;
	4e65   :   00;
	4e66   :   00;
	4e67   :   00;
	4e68   :   1f;
	4e69   :   0f;
	4e6a   :   17;
	4e6b   :   1f;
	4e6c   :   13;
	4e6d   :   00;
	4e6e   :   00;
	4e6f   :   00;
	4e70   :   1e;
	4e71   :   15;
	4e72   :   0c;
	4e73   :   0d;
	4e74   :   13;
	4e75   :   00;
	4e76   :   00;
	4e77   :   00;
	4e78   :   0d;
	4e79   :   0d;
	4e7a   :   0d;
	4e7b   :   04;
	4e7c   :   13;
	4e7d   :   00;
	4e7e   :   00;
	4e7f   :   00;
	4e80   :   04;
	4e81   :   03;
	4e82   :   03;
	4e83   :   0d;
	4e84   :   13;
	4e85   :   00;
	4e86   :   00;
	4e87   :   00;
	4e88   :   15;
	4e89   :   1c;
	4e8a   :   13;
	4e8b   :   02;
	4e8c   :   13;
	4e8d   :   00;
	4e8e   :   00;
	4e8f   :   00;
	4e90   :   02;
	4e91   :   04;
	4e92   :   0e;
	4e93   :   02;
	4e94   :   13;
	4e95   :   00;
	4e96   :   00;
	4e97   :   00;
	4e98   :   01;
	4e99   :   02;
	4e9a   :   02;
	4e9b   :   02;
	4e9c   :   13;
	4e9d   :   00;
	4e9e   :   00;
	4e9f   :   00;
	4ea0   :   02;
	4ea1   :   14;
	4ea2   :   14;
	4ea3   :   0b;
	4ea4   :   13;
	4ea5   :   00;
	4ea6   :   00;
	4ea7   :   00;
	4ea8   :   14;
	4ea9   :   25;
	4eaa   :   1f;
	4eab   :   0c;
	4eac   :   13;
	4ead   :   00;
	4eae   :   00;
	4eaf   :   00;
	4eb0   :   03;
	4eb1   :   04;
	4eb2   :   05;
	4eb3   :   05;
	4eb4   :   13;
	4eb5   :   00;
	4eb6   :   00;
	4eb7   :   00;
	4eb8   :   0d;
	4eb9   :   16;
	4eba   :   1e;
	4ebb   :   15;
	4ebc   :   13;
	4ebd   :   00;
	4ebe   :   00;
	4ebf   :   00;
	4ec0   :   05;
	4ec1   :   05;
	4ec2   :   0e;
	4ec3   :   0e;
	4ec4   :   13;
	4ec5   :   00;
	4ec6   :   00;
	4ec7   :   00;
	4ec8   :   06;
	4ec9   :   0e;
	4eca   :   0e;
	4ecb   :   0e;
	4ecc   :   13;
	4ecd   :   00;
	4ece   :   00;
	4ecf   :   00;
	4ed0   :   06;
	4ed1   :   0e;
	4ed2   :   0e;
	4ed3   :   0f;
	4ed4   :   13;
	4ed5   :   00;
	4ed6   :   00;
	4ed7   :   00;
	4ed8   :   0e;
	4ed9   :   04;
	4eda   :   05;
	4edb   :   0f;
	4edc   :   13;
	4edd   :   00;
	4ede   :   00;
	4edf   :   00;
	4ee0   :   0e;
	4ee1   :   17;
	4ee2   :   17;
	4ee3   :   0e;
	4ee4   :   13;
	4ee5   :   00;
	4ee6   :   00;
	4ee7   :   00;
	4ee8   :   0e;
	4ee9   :   17;
	4eea   :   0f;
	4eeb   :   0f;
	4eec   :   13;
	4eed   :   00;
	4eee   :   00;
	4eef   :   00;
	4ef0   :   0e;
	4ef1   :   0e;
	4ef2   :   0f;
	4ef3   :   0d;
	4ef4   :   13;
	4ef5   :   00;
	4ef6   :   00;
	4ef7   :   00;
	4ef8   :   0c;
	4ef9   :   0c;
	4efa   :   01;
	4efb   :   0d;
	4efc   :   13;
	4efd   :   00;
	4efe   :   00;
	4eff   :   00;
	4f00   :   17;
	4f01   :   13;
	4f02   :   0a;
	4f03   :   01;
	4f04   :   13;
	4f05   :   00;
	4f06   :   00;
	4f07   :   00;
	4f08   :   0d;
	4f09   :   0c;
	4f0a   :   01;
	4f0b   :   12;
	4f0c   :   13;
	4f0d   :   00;
	4f0e   :   00;
	4f0f   :   00;
	4f10   :   14;
	4f11   :   0f;
	4f12   :   0f;
	4f13   :   0f;
	4f14   :   13;
	4f15   :   00;
	4f16   :   00;
	4f17   :   00;
	4f18   :   0f;
	4f19   :   17;
	4f1a   :   17;
	4f1b   :   1f;
	4f1c   :   13;
	4f1d   :   00;
	4f1e   :   00;
	4f1f   :   00;
	4f20   :   1f;
	4f21   :   1f;
	4f22   :   1f;
	4f23   :   1f;
	4f24   :   13;
	4f25   :   00;
	4f26   :   00;
	4f27   :   00;
	4f28   :   1d;
	4f29   :   09;
	4f2a   :   01;
	4f2b   :   01;
	4f2c   :   13;
	4f2d   :   00;
	4f2e   :   00;
	4f2f   :   00;
	4f30   :   01;
	4f31   :   08;
	4f32   :   08;
	4f33   :   08;
	4f34   :   13;
	4f35   :   00;
	4f36   :   00;
	4f37   :   00;
	4f38   :   08;
	4f39   :   08;
	4f3a   :   08;
	4f3b   :   00;
	4f3c   :   13;
	4f3d   :   00;
	4f3e   :   00;
	4f3f   :   00;
	4f40   :   00;
	4f41   :   09;
	4f42   :   0a;
	4f43   :   09;
	4f44   :   13;
	4f45   :   00;
	4f46   :   00;
	4f47   :   00;
	4f48   :   12;
	4f49   :   12;
	4f4a   :   14;
	4f4b   :   16;
	4f4c   :   13;
	4f4d   :   00;
	4f4e   :   00;
	4f4f   :   00;
	4f50   :   0c;
	4f51   :   01;
	4f52   :   09;
	4f53   :   0a;
	4f54   :   13;
	4f55   :   00;
	4f56   :   00;
	4f57   :   00;
	4f58   :   0a;
	4f59   :   09;
	4f5a   :   52;
	4f5b   :   12;
	4f5c   :   13;
	4f5d   :   00;
	4f5e   :   00;
	4f5f   :   00;
	4f60   :   54;
	4f61   :   54;
	4f62   :   9c;
	4f63   :   a7;
	4f64   :   13;
	4f65   :   00;
	4f66   :   00;
	4f67   :   00;
	4f68   :   b7;
	4f69   :   b7;
	4f6a   :   b7;
	4f6b   :   bf;
	4f6c   :   13;
	4f6d   :   00;
	4f6e   :   00;
	4f6f   :   00;
	4f70   :   ff;
	4f71   :   ff;
	4f72   :   ff;
	4f73   :   ff;
	4f74   :   13;
	4f75   :   00;
	4f76   :   00;
	4f77   :   00;
	4f78   :   ff;
	4f79   :   bf;
	4f7a   :   bf;
	4f7b   :   b7;
	4f7c   :   13;
	4f7d   :   00;
	4f7e   :   00;
	4f7f   :   00;
	4f80   :   b7;
	4f81   :   af;
	4f82   :   67;
	4f83   :   67;
	4f84   :   13;
	4f85   :   00;
	4f86   :   00;
	4f87   :   00;
	4f88   :   67;
	4f89   :   17;
	4f8a   :   0f;
	4f8b   :   05;
	4f8c   :   13;
	4f8d   :   00;
	4f8e   :   00;
	4f8f   :   00;
	4f90   :   05;
	4f91   :   0e;
	4f92   :   06;
	4f93   :   05;
	4f94   :   13;
	4f95   :   00;
	4f96   :   00;
	4f97   :   00;
	4f98   :   05;
	4f99   :   05;
	4f9a   :   04;
	4f9b   :   02;
	4f9c   :   13;
	4f9d   :   00;
	4f9e   :   00;
	4f9f   :   00;
	4fa0   :   03;
	4fa1   :   03;
	4fa2   :   04;
	4fa3   :   0e;
	4fa4   :   13;
	4fa5   :   00;
	4fa6   :   00;
	4fa7   :   00;
	4fa8   :   1f;
	4fa9   :   17;
	4faa   :   0f;
	4fab   :   16;
	4fac   :   13;
	4fad   :   00;
	4fae   :   00;
	4faf   :   00;
	4fb0   :   16;
	4fb1   :   0c;
	4fb2   :   0b;
	4fb3   :   0c;
	4fb4   :   13;
	4fb5   :   00;
	4fb6   :   00;
	4fb7   :   00;
	4fb8   :   0d;
	4fb9   :   0c;
	4fba   :   0c;
	4fbb   :   04;
	4fbc   :   13;
	4fbd   :   00;
	4fbe   :   00;
	4fbf   :   00;
	4fc0   :   05;
	4fc1   :   03;
	4fc2   :   03;
	4fc3   :   03;
	4fc4   :   13;
	4fc5   :   00;
	4fc6   :   00;
	4fc7   :   00;
	4fc8   :   03;
	4fc9   :   04;
	4fca   :   0d;
	4fcb   :   04;
	4fcc   :   13;
	4fcd   :   00;
	4fce   :   00;
	4fcf   :   00;
	4fd0   :   03;
	4fd1   :   02;
	4fd2   :   0b;
	4fd3   :   02;
	4fd4   :   13;
	4fd5   :   00;
	4fd6   :   00;
	4fd7   :   00;
	4fd8   :   01;
	4fd9   :   02;
	4fda   :   02;
	4fdb   :   02;
	4fdc   :   13;
	4fdd   :   00;
	4fde   :   00;
	4fdf   :   00;
	4fe0   :   03;
	4fe1   :   03;
	4fe2   :   04;
	4fe3   :   04;
	4fe4   :   13;
	4fe5   :   00;
	4fe6   :   00;
	4fe7   :   00;
	4fe8   :   0d;
	4fe9   :   0c;
	4fea   :   0c;
	4feb   :   0e;
	4fec   :   13;
	4fed   :   00;
	4fee   :   00;
	4fef   :   00;
	4ff0   :   0e;
	4ff1   :   0e;
	4ff2   :   0e;
	4ff3   :   16;
	4ff4   :   13;
	4ff5   :   00;
	4ff6   :   00;
	4ff7   :   00;
	4ff8   :   26;
	4ff9   :   1d;
	4ffa   :   15;
	4ffb   :   15;
	4ffc   :   13;
	4ffd   :   00;
	4ffe   :   00;
	4fff   :   00;
	5000   :   05;
	5001   :   05;
	5002   :   06;
	5003   :   06;
	5004   :   13;
	5005   :   00;
	5006   :   00;
	5007   :   00;
	5008   :   05;
	5009   :   0e;
	500a   :   0e;
	500b   :   05;
	500c   :   13;
	500d   :   00;
	500e   :   00;
	500f   :   00;
	5010   :   06;
	5011   :   0e;
	5012   :   0f;
	5013   :   16;
	5014   :   13;
	5015   :   00;
	5016   :   00;
	5017   :   00;
	5018   :   0d;
	5019   :   04;
	501a   :   04;
	501b   :   0f;
	501c   :   13;
	501d   :   00;
	501e   :   00;
	501f   :   00;
	5020   :   0e;
	5021   :   0e;
	5022   :   0f;
	5023   :   0e;
	5024   :   13;
	5025   :   00;
	5026   :   00;
	5027   :   00;
	5028   :   0e;
	5029   :   0f;
	502a   :   0f;
	502b   :   0f;
	502c   :   13;
	502d   :   00;
	502e   :   00;
	502f   :   00;
	5030   :   0f;
	5031   :   0f;
	5032   :   0f;
	5033   :   0f;
	5034   :   13;
	5035   :   00;
	5036   :   00;
	5037   :   00;
	5038   :   0f;
	5039   :   0f;
	503a   :   0c;
	503b   :   0d;
	503c   :   13;
	503d   :   00;
	503e   :   00;
	503f   :   00;
	5040   :   17;
	5041   :   0c;
	5042   :   0a;
	5043   :   01;
	5044   :   13;
	5045   :   00;
	5046   :   00;
	5047   :   00;
	5048   :   0c;
	5049   :   17;
	504a   :   0a;
	504b   :   09;
	504c   :   13;
	504d   :   00;
	504e   :   00;
	504f   :   00;
	5050   :   15;
	5051   :   17;
	5052   :   17;
	5053   :   0f;
	5054   :   13;
	5055   :   00;
	5056   :   00;
	5057   :   00;
	5058   :   17;
	5059   :   17;
	505a   :   17;
	505b   :   17;
	505c   :   13;
	505d   :   00;
	505e   :   00;
	505f   :   00;
	5060   :   17;
	5061   :   1f;
	5062   :   1f;
	5063   :   1f;
	5064   :   13;
	5065   :   00;
	5066   :   00;
	5067   :   00;
	5068   :   1f;
	5069   :   12;
	506a   :   00;
	506b   :   00;
	506c   :   13;
	506d   :   00;
	506e   :   00;
	506f   :   00;
	5070   :   01;
	5071   :   00;
	5072   :   08;
	5073   :   00;
	5074   :   13;
	5075   :   00;
	5076   :   00;
	5077   :   00;
	5078   :   00;
	5079   :   00;
	507a   :   00;
	507b   :   00;
	507c   :   13;
	507d   :   00;
	507e   :   00;
	507f   :   00;
	5080   :   0a;
	5081   :   5c;
	5082   :   17;
	5083   :   17;
	5084   :   13;
	5085   :   00;
	5086   :   00;
	5087   :   00;
	5088   :   17;
	5089   :   1f;
	508a   :   1f;
	508b   :   1e;
	508c   :   13;
	508d   :   00;
	508e   :   00;
	508f   :   00;
	5090   :   14;
	5091   :   0a;
	5092   :   0a;
	5093   :   09;
	5094   :   13;
	5095   :   00;
	5096   :   00;
	5097   :   00;
	5098   :   4a;
	5099   :   52;
	509a   :   15;
	509b   :   13;
	509c   :   13;
	509d   :   00;
	509e   :   00;
	509f   :   00;
	50a0   :   08;
	50a1   :   53;
	50a2   :   55;
	50a3   :   a6;
	50a4   :   13;
	50a5   :   00;
	50a6   :   00;
	50a7   :   00;
	50a8   :   ae;
	50a9   :   af;
	50aa   :   b7;
	50ab   :   bf;
	50ac   :   13;
	50ad   :   00;
	50ae   :   00;
	50af   :   00;
	50b0   :   ff;
	50b1   :   ff;
	50b2   :   ff;
	50b3   :   ff;
	50b4   :   13;
	50b5   :   00;
	50b6   :   00;
	50b7   :   00;
	50b8   :   ff;
	50b9   :   ff;
	50ba   :   f7;
	50bb   :   b7;
	50bc   :   13;
	50bd   :   00;
	50be   :   00;
	50bf   :   00;
	50c0   :   af;
	50c1   :   67;
	50c2   :   27;
	50c3   :   27;
	50c4   :   13;
	50c5   :   00;
	50c6   :   00;
	50c7   :   00;
	50c8   :   27;
	50c9   :   27;
	50ca   :   0f;
	50cb   :   0f;
	50cc   :   13;
	50cd   :   00;
	50ce   :   00;
	50cf   :   00;
	50d0   :   05;
	50d1   :   05;
	50d2   :   0f;
	50d3   :   06;
	50d4   :   13;
	50d5   :   00;
	50d6   :   00;
	50d7   :   00;
	50d8   :   05;
	50d9   :   05;
	50da   :   04;
	50db   :   03;
	50dc   :   13;
	50dd   :   00;
	50de   :   00;
	50df   :   00;
	50e0   :   03;
	50e1   :   03;
	50e2   :   03;
	50e3   :   03;
	50e4   :   13;
	50e5   :   00;
	50e6   :   00;
	50e7   :   00;
	50e8   :   04;
	50e9   :   0e;
	50ea   :   16;
	50eb   :   16;
	50ec   :   13;
	50ed   :   00;
	50ee   :   00;
	50ef   :   00;
	50f0   :   16;
	50f1   :   14;
	50f2   :   1e;
	50f3   :   0d;
	50f4   :   13;
	50f5   :   00;
	50f6   :   00;
	50f7   :   00;
	50f8   :   03;
	50f9   :   02;
	50fa   :   0b;
	50fb   :   0a;
	50fc   :   13;
	50fd   :   00;
	50fe   :   00;
	50ff   :   00;
	5100   :   04;
	5101   :   03;
	5102   :   02;
	5103   :   02;
	5104   :   13;
	5105   :   00;
	5106   :   00;
	5107   :   00;
	5108   :   01;
	5109   :   0c;
	510a   :   1f;
	510b   :   1f;
	510c   :   13;
	510d   :   00;
	510e   :   00;
	510f   :   00;
	5110   :   1f;
	5111   :   16;
	5112   :   0c;
	5113   :   0d;
	5114   :   13;
	5115   :   00;
	5116   :   00;
	5117   :   00;
	5118   :   03;
	5119   :   02;
	511a   :   04;
	511b   :   04;
	511c   :   13;
	511d   :   00;
	511e   :   00;
	511f   :   00;
	5120   :   05;
	5121   :   05;
	5122   :   0e;
	5123   :   16;
	5124   :   13;
	5125   :   00;
	5126   :   00;
	5127   :   00;
	5128   :   16;
	5129   :   15;
	512a   :   04;
	512b   :   05;
	512c   :   13;
	512d   :   00;
	512e   :   00;
	512f   :   00;
	5130   :   0e;
	5131   :   05;
	5132   :   0c;
	5133   :   0b;
	5134   :   13;
	5135   :   00;
	5136   :   00;
	5137   :   00;
	5138   :   14;
	5139   :   0d;
	513a   :   05;
	513b   :   04;
	513c   :   13;
	513d   :   00;
	513e   :   00;
	513f   :   00;
	5140   :   05;
	5141   :   05;
	5142   :   05;
	5143   :   05;
	5144   :   13;
	5145   :   00;
	5146   :   00;
	5147   :   00;
	5148   :   05;
	5149   :   06;
	514a   :   05;
	514b   :   06;
	514c   :   13;
	514d   :   00;
	514e   :   00;
	514f   :   00;
	5150   :   0e;
	5151   :   0e;
	5152   :   17;
	5153   :   0e;
	5154   :   13;
	5155   :   00;
	5156   :   00;
	5157   :   00;
	5158   :   04;
	5159   :   03;
	515a   :   04;
	515b   :   0d;
	515c   :   13;
	515d   :   00;
	515e   :   00;
	515f   :   00;
	5160   :   0f;
	5161   :   0f;
	5162   :   0e;
	5163   :   0e;
	5164   :   13;
	5165   :   00;
	5166   :   00;
	5167   :   00;
	5168   :   0e;
	5169   :   0f;
	516a   :   0f;
	516b   :   06;
	516c   :   13;
	516d   :   00;
	516e   :   00;
	516f   :   00;
	5170   :   0f;
	5171   :   0f;
	5172   :   0f;
	5173   :   0f;
	5174   :   13;
	5175   :   00;
	5176   :   00;
	5177   :   00;
	5178   :   0f;
	5179   :   0f;
	517a   :   17;
	517b   :   0f;
	517c   :   13;
	517d   :   00;
	517e   :   00;
	517f   :   00;
	5180   :   17;
	5181   :   16;
	5182   :   0b;
	5183   :   0a;
	5184   :   13;
	5185   :   00;
	5186   :   00;
	5187   :   00;
	5188   :   0b;
	5189   :   0f;
	518a   :   0c;
	518b   :   03;
	518c   :   13;
	518d   :   00;
	518e   :   00;
	518f   :   00;
	5190   :   0f;
	5191   :   17;
	5192   :   0f;
	5193   :   0f;
	5194   :   13;
	5195   :   00;
	5196   :   00;
	5197   :   00;
	5198   :   17;
	5199   :   17;
	519a   :   17;
	519b   :   17;
	519c   :   13;
	519d   :   00;
	519e   :   00;
	519f   :   00;
	51a0   :   0f;
	51a1   :   17;
	51a2   :   17;
	51a3   :   17;
	51a4   :   13;
	51a5   :   00;
	51a6   :   00;
	51a7   :   00;
	51a8   :   17;
	51a9   :   17;
	51aa   :   0a;
	51ab   :   00;
	51ac   :   13;
	51ad   :   00;
	51ae   :   00;
	51af   :   00;
	51b0   :   00;
	51b1   :   00;
	51b2   :   00;
	51b3   :   00;
	51b4   :   13;
	51b5   :   00;
	51b6   :   00;
	51b7   :   00;
	51b8   :   00;
	51b9   :   00;
	51ba   :   00;
	51bb   :   09;
	51bc   :   13;
	51bd   :   00;
	51be   :   00;
	51bf   :   00;
	51c0   :   0a;
	51c1   :   52;
	51c2   :   5c;
	51c3   :   17;
	51c4   :   13;
	51c5   :   00;
	51c6   :   00;
	51c7   :   00;
	51c8   :   1f;
	51c9   :   1f;
	51ca   :   1f;
	51cb   :   1f;
	51cc   :   13;
	51cd   :   00;
	51ce   :   00;
	51cf   :   00;
	51d0   :   0a;
	51d1   :   09;
	51d2   :   52;
	51d3   :   12;
	51d4   :   13;
	51d5   :   00;
	51d6   :   00;
	51d7   :   00;
	51d8   :   14;
	51d9   :   16;
	51da   :   1f;
	51db   :   15;
	51dc   :   13;
	51dd   :   00;
	51de   :   00;
	51df   :   00;
	51e0   :   08;
	51e1   :   08;
	51e2   :   5b;
	51e3   :   a5;
	51e4   :   13;
	51e5   :   00;
	51e6   :   00;
	51e7   :   00;
	51e8   :   a5;
	51e9   :   ae;
	51ea   :   b7;
	51eb   :   b7;
	51ec   :   13;
	51ed   :   00;
	51ee   :   00;
	51ef   :   00;
	51f0   :   ff;
	51f1   :   ff;
	51f2   :   ff;
	51f3   :   ff;
	51f4   :   13;
	51f5   :   00;
	51f6   :   00;
	51f7   :   00;
	51f8   :   ff;
	51f9   :   ff;
	51fa   :   ff;
	51fb   :   b7;
	51fc   :   13;
	51fd   :   00;
	51fe   :   00;
	51ff   :   00;
	5200   :   6f;
	5201   :   67;
	5202   :   27;
	5203   :   27;
	5204   :   13;
	5205   :   00;
	5206   :   00;
	5207   :   00;
	5208   :   27;
	5209   :   27;
	520a   :   1f;
	520b   :   17;
	520c   :   13;
	520d   :   00;
	520e   :   00;
	520f   :   00;
	5210   :   0f;
	5211   :   05;
	5212   :   05;
	5213   :   0e;
	5214   :   13;
	5215   :   00;
	5216   :   00;
	5217   :   00;
	5218   :   06;
	5219   :   06;
	521a   :   05;
	521b   :   03;
	521c   :   13;
	521d   :   00;
	521e   :   00;
	521f   :   00;
	5220   :   03;
	5221   :   04;
	5222   :   04;
	5223   :   04;
	5224   :   13;
	5225   :   00;
	5226   :   00;
	5227   :   00;
	5228   :   04;
	5229   :   05;
	522a   :   1f;
	522b   :   1f;
	522c   :   13;
	522d   :   00;
	522e   :   00;
	522f   :   00;
	5230   :   1e;
	5231   :   0b;
	5232   :   01;
	5233   :   0c;
	5234   :   13;
	5235   :   00;
	5236   :   00;
	5237   :   00;
	5238   :   05;
	5239   :   04;
	523a   :   04;
	523b   :   04;
	523c   :   13;
	523d   :   00;
	523e   :   00;
	523f   :   00;
	5240   :   02;
	5241   :   03;
	5242   :   02;
	5243   :   02;
	5244   :   13;
	5245   :   00;
	5246   :   00;
	5247   :   00;
	5248   :   03;
	5249   :   0c;
	524a   :   16;
	524b   :   1f;
	524c   :   13;
	524d   :   00;
	524e   :   00;
	524f   :   00;
	5250   :   1f;
	5251   :   1f;
	5252   :   0d;
	5253   :   1f;
	5254   :   13;
	5255   :   00;
	5256   :   00;
	5257   :   00;
	5258   :   0e;
	5259   :   0c;
	525a   :   04;
	525b   :   05;
	525c   :   13;
	525d   :   00;
	525e   :   00;
	525f   :   00;
	5260   :   0e;
	5261   :   0e;
	5262   :   17;
	5263   :   1e;
	5264   :   13;
	5265   :   00;
	5266   :   00;
	5267   :   00;
	5268   :   0d;
	5269   :   0c;
	526a   :   0c;
	526b   :   0d;
	526c   :   13;
	526d   :   00;
	526e   :   00;
	526f   :   00;
	5270   :   0d;
	5271   :   0d;
	5272   :   04;
	5273   :   02;
	5274   :   13;
	5275   :   00;
	5276   :   00;
	5277   :   00;
	5278   :   03;
	5279   :   0d;
	527a   :   0e;
	527b   :   0e;
	527c   :   13;
	527d   :   00;
	527e   :   00;
	527f   :   00;
	5280   :   0e;
	5281   :   0e;
	5282   :   0e;
	5283   :   05;
	5284   :   13;
	5285   :   00;
	5286   :   00;
	5287   :   00;
	5288   :   05;
	5289   :   05;
	528a   :   05;
	528b   :   0e;
	528c   :   13;
	528d   :   00;
	528e   :   00;
	528f   :   00;
	5290   :   0e;
	5291   :   0f;
	5292   :   0e;
	5293   :   04;
	5294   :   13;
	5295   :   00;
	5296   :   00;
	5297   :   00;
	5298   :   04;
	5299   :   03;
	529a   :   03;
	529b   :   04;
	529c   :   13;
	529d   :   00;
	529e   :   00;
	529f   :   00;
	52a0   :   05;
	52a1   :   0d;
	52a2   :   0f;
	52a3   :   0f;
	52a4   :   13;
	52a5   :   00;
	52a6   :   00;
	52a7   :   00;
	52a8   :   0e;
	52a9   :   0e;
	52aa   :   0e;
	52ab   :   5f;
	52ac   :   13;
	52ad   :   00;
	52ae   :   00;
	52af   :   00;
	52b0   :   0f;
	52b1   :   06;
	52b2   :   0e;
	52b3   :   06;
	52b4   :   13;
	52b5   :   00;
	52b6   :   00;
	52b7   :   00;
	52b8   :   0e;
	52b9   :   17;
	52ba   :   0f;
	52bb   :   0f;
	52bc   :   13;
	52bd   :   00;
	52be   :   00;
	52bf   :   00;
	52c0   :   17;
	52c1   :   17;
	52c2   :   0c;
	52c3   :   0a;
	52c4   :   13;
	52c5   :   00;
	52c6   :   00;
	52c7   :   00;
	52c8   :   0b;
	52c9   :   0f;
	52ca   :   17;
	52cb   :   17;
	52cc   :   13;
	52cd   :   00;
	52ce   :   00;
	52cf   :   00;
	52d0   :   17;
	52d1   :   17;
	52d2   :   17;
	52d3   :   17;
	52d4   :   13;
	52d5   :   00;
	52d6   :   00;
	52d7   :   00;
	52d8   :   0e;
	52d9   :   0e;
	52da   :   17;
	52db   :   0e;
	52dc   :   13;
	52dd   :   00;
	52de   :   00;
	52df   :   00;
	52e0   :   0e;
	52e1   :   0e;
	52e2   :   17;
	52e3   :   17;
	52e4   :   13;
	52e5   :   00;
	52e6   :   00;
	52e7   :   00;
	52e8   :   17;
	52e9   :   17;
	52ea   :   17;
	52eb   :   13;
	52ec   :   13;
	52ed   :   00;
	52ee   :   00;
	52ef   :   00;
	52f0   :   09;
	52f1   :   00;
	52f2   :   00;
	52f3   :   00;
	52f4   :   13;
	52f5   :   00;
	52f6   :   00;
	52f7   :   00;
	52f8   :   00;
	52f9   :   00;
	52fa   :   01;
	52fb   :   0a;
	52fc   :   13;
	52fd   :   00;
	52fe   :   00;
	52ff   :   00;
	5300   :   0a;
	5301   :   0a;
	5302   :   53;
	5303   :   1e;
	5304   :   13;
	5305   :   00;
	5306   :   00;
	5307   :   00;
	5308   :   1f;
	5309   :   1f;
	530a   :   1f;
	530b   :   1f;
	530c   :   13;
	530d   :   00;
	530e   :   00;
	530f   :   00;
	5310   :   15;
	5311   :   53;
	5312   :   54;
	5313   :   16;
	5314   :   13;
	5315   :   00;
	5316   :   00;
	5317   :   00;
	5318   :   1f;
	5319   :   17;
	531a   :   17;
	531b   :   15;
	531c   :   13;
	531d   :   00;
	531e   :   00;
	531f   :   00;
	5320   :   08;
	5321   :   09;
	5322   :   a4;
	5323   :   ae;
	5324   :   13;
	5325   :   00;
	5326   :   00;
	5327   :   00;
	5328   :   af;
	5329   :   af;
	532a   :   b7;
	532b   :   b7;
	532c   :   13;
	532d   :   00;
	532e   :   00;
	532f   :   00;
	5330   :   f6;
	5331   :   ff;
	5332   :   ff;
	5333   :   ff;
	5334   :   13;
	5335   :   00;
	5336   :   00;
	5337   :   00;
	5338   :   bf;
	5339   :   bf;
	533a   :   ff;
	533b   :   f7;
	533c   :   13;
	533d   :   00;
	533e   :   00;
	533f   :   00;
	5340   :   b7;
	5341   :   af;
	5342   :   67;
	5343   :   27;
	5344   :   13;
	5345   :   00;
	5346   :   00;
	5347   :   00;
	5348   :   27;
	5349   :   27;
	534a   :   27;
	534b   :   27;
	534c   :   13;
	534d   :   00;
	534e   :   00;
	534f   :   00;
	5350   :   17;
	5351   :   0f;
	5352   :   06;
	5353   :   05;
	5354   :   13;
	5355   :   00;
	5356   :   00;
	5357   :   00;
	5358   :   05;
	5359   :   04;
	535a   :   04;
	535b   :   02;
	535c   :   13;
	535d   :   00;
	535e   :   00;
	535f   :   00;
	5360   :   04;
	5361   :   04;
	5362   :   04;
	5363   :   05;
	5364   :   13;
	5365   :   00;
	5366   :   00;
	5367   :   00;
	5368   :   05;
	5369   :   0d;
	536a   :   16;
	536b   :   16;
	536c   :   13;
	536d   :   00;
	536e   :   00;
	536f   :   00;
	5370   :   5f;
	5371   :   1f;
	5372   :   16;
	5373   :   17;
	5374   :   13;
	5375   :   00;
	5376   :   00;
	5377   :   00;
	5378   :   0f;
	5379   :   0e;
	537a   :   03;
	537b   :   04;
	537c   :   13;
	537d   :   00;
	537e   :   00;
	537f   :   00;
	5380   :   05;
	5381   :   03;
	5382   :   03;
	5383   :   03;
	5384   :   13;
	5385   :   00;
	5386   :   00;
	5387   :   00;
	5388   :   04;
	5389   :   16;
	538a   :   1e;
	538b   :   0c;
	538c   :   13;
	538d   :   00;
	538e   :   00;
	538f   :   00;
	5390   :   0d;
	5391   :   1e;
	5392   :   04;
	5393   :   1f;
	5394   :   13;
	5395   :   00;
	5396   :   00;
	5397   :   00;
	5398   :   0b;
	5399   :   0d;
	539a   :   04;
	539b   :   04;
	539c   :   13;
	539d   :   00;
	539e   :   00;
	539f   :   00;
	53a0   :   0e;
	53a1   :   0e;
	53a2   :   16;
	53a3   :   1f;
	53a4   :   13;
	53a5   :   00;
	53a6   :   00;
	53a7   :   00;
	53a8   :   16;
	53a9   :   0d;
	53aa   :   02;
	53ab   :   03;
	53ac   :   13;
	53ad   :   00;
	53ae   :   00;
	53af   :   00;
	53b0   :   03;
	53b1   :   0c;
	53b2   :   0d;
	53b3   :   03;
	53b4   :   13;
	53b5   :   00;
	53b6   :   00;
	53b7   :   00;
	53b8   :   02;
	53b9   :   0d;
	53ba   :   0e;
	53bb   :   0e;
	53bc   :   13;
	53bd   :   00;
	53be   :   00;
	53bf   :   00;
	53c0   :   06;
	53c1   :   06;
	53c2   :   0e;
	53c3   :   0e;
	53c4   :   13;
	53c5   :   00;
	53c6   :   00;
	53c7   :   00;
	53c8   :   0e;
	53c9   :   0e;
	53ca   :   05;
	53cb   :   0e;
	53cc   :   13;
	53cd   :   00;
	53ce   :   00;
	53cf   :   00;
	53d0   :   0e;
	53d1   :   0e;
	53d2   :   04;
	53d3   :   04;
	53d4   :   13;
	53d5   :   00;
	53d6   :   00;
	53d7   :   00;
	53d8   :   04;
	53d9   :   04;
	53da   :   03;
	53db   :   04;
	53dc   :   13;
	53dd   :   00;
	53de   :   00;
	53df   :   00;
	53e0   :   05;
	53e1   :   04;
	53e2   :   04;
	53e3   :   0e;
	53e4   :   13;
	53e5   :   00;
	53e6   :   00;
	53e7   :   00;
	53e8   :   16;
	53e9   :   1e;
	53ea   :   1e;
	53eb   :   1e;
	53ec   :   13;
	53ed   :   00;
	53ee   :   00;
	53ef   :   00;
	53f0   :   5e;
	53f1   :   56;
	53f2   :   0e;
	53f3   :   0e;
	53f4   :   13;
	53f5   :   00;
	53f6   :   00;
	53f7   :   00;
	53f8   :   0f;
	53f9   :   0e;
	53fa   :   0f;
	53fb   :   17;
	53fc   :   13;
	53fd   :   00;
	53fe   :   00;
	53ff   :   00;
	5400   :   17;
	5401   :   17;
	5402   :   17;
	5403   :   0b;
	5404   :   13;
	5405   :   00;
	5406   :   00;
	5407   :   00;
	5408   :   0a;
	5409   :   17;
	540a   :   0f;
	540b   :   0f;
	540c   :   13;
	540d   :   00;
	540e   :   00;
	540f   :   00;
	5410   :   0f;
	5411   :   0e;
	5412   :   0e;
	5413   :   0e;
	5414   :   13;
	5415   :   00;
	5416   :   00;
	5417   :   00;
	5418   :   05;
	5419   :   05;
	541a   :   0e;
	541b   :   05;
	541c   :   13;
	541d   :   00;
	541e   :   00;
	541f   :   00;
	5420   :   0e;
	5421   :   0e;
	5422   :   0f;
	5423   :   17;
	5424   :   13;
	5425   :   00;
	5426   :   00;
	5427   :   00;
	5428   :   17;
	5429   :   17;
	542a   :   17;
	542b   :   17;
	542c   :   13;
	542d   :   00;
	542e   :   00;
	542f   :   00;
	5430   :   15;
	5431   :   0a;
	5432   :   01;
	5433   :   01;
	5434   :   13;
	5435   :   00;
	5436   :   00;
	5437   :   00;
	5438   :   01;
	5439   :   00;
	543a   :   01;
	543b   :   09;
	543c   :   13;
	543d   :   00;
	543e   :   00;
	543f   :   00;
	5440   :   0a;
	5441   :   0a;
	5442   :   12;
	5443   :   1c;
	5444   :   13;
	5445   :   00;
	5446   :   00;
	5447   :   00;
	5448   :   16;
	5449   :   16;
	544a   :   0e;
	544b   :   0e;
	544c   :   13;
	544d   :   00;
	544e   :   00;
	544f   :   00;
	5450   :   16;
	5451   :   16;
	5452   :   17;
	5453   :   1f;
	5454   :   13;
	5455   :   00;
	5456   :   00;
	5457   :   00;
	5458   :   1f;
	5459   :   1f;
	545a   :   1f;
	545b   :   1f;
	545c   :   13;
	545d   :   00;
	545e   :   00;
	545f   :   00;
	5460   :   5b;
	5461   :   e5;
	5462   :   e7;
	5463   :   a7;
	5464   :   13;
	5465   :   00;
	5466   :   00;
	5467   :   00;
	5468   :   a7;
	5469   :   af;
	546a   :   ad;
	546b   :   ae;
	546c   :   13;
	546d   :   00;
	546e   :   00;
	546f   :   00;
	5470   :   b7;
	5471   :   b7;
	5472   :   b7;
	5473   :   b7;
	5474   :   13;
	5475   :   00;
	5476   :   00;
	5477   :   00;
	5478   :   b7;
	5479   :   b7;
	547a   :   b7;
	547b   :   b7;
	547c   :   13;
	547d   :   00;
	547e   :   00;
	547f   :   00;
	5480   :   f7;
	5481   :   ef;
	5482   :   af;
	5483   :   a7;
	5484   :   13;
	5485   :   00;
	5486   :   00;
	5487   :   00;
	5488   :   a7;
	5489   :   27;
	548a   :   27;
	548b   :   27;
	548c   :   13;
	548d   :   00;
	548e   :   00;
	548f   :   00;
	5490   :   27;
	5491   :   27;
	5492   :   17;
	5493   :   0f;
	5494   :   13;
	5495   :   00;
	5496   :   00;
	5497   :   00;
	5498   :   0d;
	5499   :   03;
	549a   :   02;
	549b   :   03;
	549c   :   13;
	549d   :   00;
	549e   :   00;
	549f   :   00;
	54a0   :   04;
	54a1   :   05;
	54a2   :   05;
	54a3   :   05;
	54a4   :   13;
	54a5   :   00;
	54a6   :   00;
	54a7   :   00;
	54a8   :   06;
	54a9   :   0d;
	54aa   :   05;
	54ab   :   0d;
	54ac   :   13;
	54ad   :   00;
	54ae   :   00;
	54af   :   00;
	54b0   :   55;
	54b1   :   02;
	54b2   :   0c;
	54b3   :   15;
	54b4   :   13;
	54b5   :   00;
	54b6   :   00;
	54b7   :   00;
	54b8   :   0c;
	54b9   :   02;
	54ba   :   02;
	54bb   :   02;
	54bc   :   13;
	54bd   :   00;
	54be   :   00;
	54bf   :   00;
	54c0   :   02;
	54c1   :   02;
	54c2   :   02;
	54c3   :   02;
	54c4   :   13;
	54c5   :   00;
	54c6   :   00;
	54c7   :   00;
	54c8   :   03;
	54c9   :   17;
	54ca   :   1f;
	54cb   :   1f;
	54cc   :   13;
	54cd   :   00;
	54ce   :   00;
	54cf   :   00;
	54d0   :   0d;
	54d1   :   0d;
	54d2   :   03;
	54d3   :   0d;
	54d4   :   13;
	54d5   :   00;
	54d6   :   00;
	54d7   :   00;
	54d8   :   04;
	54d9   :   17;
	54da   :   0e;
	54db   :   05;
	54dc   :   13;
	54dd   :   00;
	54de   :   00;
	54df   :   00;
	54e0   :   0d;
	54e1   :   04;
	54e2   :   0d;
	54e3   :   16;
	54e4   :   13;
	54e5   :   00;
	54e6   :   00;
	54e7   :   00;
	54e8   :   17;
	54e9   :   17;
	54ea   :   16;
	54eb   :   0e;
	54ec   :   13;
	54ed   :   00;
	54ee   :   00;
	54ef   :   00;
	54f0   :   0e;
	54f1   :   04;
	54f2   :   05;
	54f3   :   03;
	54f4   :   13;
	54f5   :   00;
	54f6   :   00;
	54f7   :   00;
	54f8   :   0c;
	54f9   :   0e;
	54fa   :   0e;
	54fb   :   0d;
	54fc   :   13;
	54fd   :   00;
	54fe   :   00;
	54ff   :   00;
	5500   :   0e;
	5501   :   0e;
	5502   :   0e;
	5503   :   06;
	5504   :   13;
	5505   :   00;
	5506   :   00;
	5507   :   00;
	5508   :   0e;
	5509   :   0e;
	550a   :   06;
	550b   :   0e;
	550c   :   13;
	550d   :   00;
	550e   :   00;
	550f   :   00;
	5510   :   04;
	5511   :   04;
	5512   :   04;
	5513   :   04;
	5514   :   13;
	5515   :   00;
	5516   :   00;
	5517   :   00;
	5518   :   04;
	5519   :   04;
	551a   :   04;
	551b   :   03;
	551c   :   13;
	551d   :   00;
	551e   :   00;
	551f   :   00;
	5520   :   04;
	5521   :   04;
	5522   :   03;
	5523   :   03;
	5524   :   13;
	5525   :   00;
	5526   :   00;
	5527   :   00;
	5528   :   1d;
	5529   :   1d;
	552a   :   14;
	552b   :   0c;
	552c   :   13;
	552d   :   00;
	552e   :   00;
	552f   :   00;
	5530   :   0d;
	5531   :   15;
	5532   :   16;
	5533   :   0e;
	5534   :   13;
	5535   :   00;
	5536   :   00;
	5537   :   00;
	5538   :   0e;
	5539   :   06;
	553a   :   06;
	553b   :   0e;
	553c   :   13;
	553d   :   00;
	553e   :   00;
	553f   :   00;
	5540   :   0e;
	5541   :   17;
	5542   :   0f;
	5543   :   05;
	5544   :   13;
	5545   :   00;
	5546   :   00;
	5547   :   00;
	5548   :   01;
	5549   :   0c;
	554a   :   06;
	554b   :   0e;
	554c   :   13;
	554d   :   00;
	554e   :   00;
	554f   :   00;
	5550   :   0e;
	5551   :   0e;
	5552   :   0e;
	5553   :   0e;
	5554   :   13;
	5555   :   00;
	5556   :   00;
	5557   :   00;
	5558   :   05;
	5559   :   04;
	555a   :   04;
	555b   :   0e;
	555c   :   13;
	555d   :   00;
	555e   :   00;
	555f   :   00;
	5560   :   0e;
	5561   :   0e;
	5562   :   0e;
	5563   :   0f;
	5564   :   13;
	5565   :   00;
	5566   :   00;
	5567   :   00;
	5568   :   0f;
	5569   :   0e;
	556a   :   0f;
	556b   :   17;
	556c   :   13;
	556d   :   00;
	556e   :   00;
	556f   :   00;
	5570   :   17;
	5571   :   16;
	5572   :   13;
	5573   :   01;
	5574   :   13;
	5575   :   00;
	5576   :   00;
	5577   :   00;
	5578   :   00;
	5579   :   00;
	557a   :   00;
	557b   :   01;
	557c   :   13;
	557d   :   00;
	557e   :   00;
	557f   :   00;
	5580   :   09;
	5581   :   0a;
	5582   :   0a;
	5583   :   53;
	5584   :   13;
	5585   :   00;
	5586   :   00;
	5587   :   00;
	5588   :   0d;
	5589   :   0e;
	558a   :   0d;
	558b   :   0e;
	558c   :   13;
	558d   :   00;
	558e   :   00;
	558f   :   00;
	5590   :   0d;
	5591   :   16;
	5592   :   16;
	5593   :   15;
	5594   :   13;
	5595   :   00;
	5596   :   00;
	5597   :   00;
	5598   :   1f;
	5599   :   1f;
	559a   :   1f;
	559b   :   1f;
	559c   :   13;
	559d   :   00;
	559e   :   00;
	559f   :   00;
	55a0   :   67;
	55a1   :   a5;
	55a2   :   9c;
	55a3   :   53;
	55a4   :   13;
	55a5   :   00;
	55a6   :   00;
	55a7   :   00;
	55a8   :   53;
	55a9   :   5c;
	55aa   :   5c;
	55ab   :   a6;
	55ac   :   13;
	55ad   :   00;
	55ae   :   00;
	55af   :   00;
	55b0   :   af;
	55b1   :   af;
	55b2   :   b7;
	55b3   :   b7;
	55b4   :   13;
	55b5   :   00;
	55b6   :   00;
	55b7   :   00;
	55b8   :   af;
	55b9   :   6f;
	55ba   :   6f;
	55bb   :   67;
	55bc   :   13;
	55bd   :   00;
	55be   :   00;
	55bf   :   00;
	55c0   :   af;
	55c1   :   ef;
	55c2   :   af;
	55c3   :   ef;
	55c4   :   13;
	55c5   :   00;
	55c6   :   00;
	55c7   :   00;
	55c8   :   ef;
	55c9   :   67;
	55ca   :   17;
	55cb   :   17;
	55cc   :   13;
	55cd   :   00;
	55ce   :   00;
	55cf   :   00;
	55d0   :   1f;
	55d1   :   17;
	55d2   :   17;
	55d3   :   0f;
	55d4   :   13;
	55d5   :   00;
	55d6   :   00;
	55d7   :   00;
	55d8   :   17;
	55d9   :   0e;
	55da   :   03;
	55db   :   03;
	55dc   :   13;
	55dd   :   00;
	55de   :   00;
	55df   :   00;
	55e0   :   03;
	55e1   :   05;
	55e2   :   0e;
	55e3   :   06;
	55e4   :   13;
	55e5   :   00;
	55e6   :   00;
	55e7   :   00;
	55e8   :   0e;
	55e9   :   16;
	55ea   :   0d;
	55eb   :   15;
	55ec   :   13;
	55ed   :   00;
	55ee   :   00;
	55ef   :   00;
	55f0   :   02;
	55f1   :   01;
	55f2   :   02;
	55f3   :   02;
	55f4   :   13;
	55f5   :   00;
	55f6   :   00;
	55f7   :   00;
	55f8   :   00;
	55f9   :   02;
	55fa   :   03;
	55fb   :   02;
	55fc   :   13;
	55fd   :   00;
	55fe   :   00;
	55ff   :   00;
	5600   :   03;
	5601   :   02;
	5602   :   01;
	5603   :   02;
	5604   :   13;
	5605   :   00;
	5606   :   00;
	5607   :   00;
	5608   :   02;
	5609   :   03;
	560a   :   04;
	560b   :   0e;
	560c   :   13;
	560d   :   00;
	560e   :   00;
	560f   :   00;
	5610   :   1f;
	5611   :   16;
	5612   :   04;
	5613   :   02;
	5614   :   13;
	5615   :   00;
	5616   :   00;
	5617   :   00;
	5618   :   0d;
	5619   :   1f;
	561a   :   16;
	561b   :   04;
	561c   :   13;
	561d   :   00;
	561e   :   00;
	561f   :   00;
	5620   :   0e;
	5621   :   0d;
	5622   :   0d;
	5623   :   16;
	5624   :   13;
	5625   :   00;
	5626   :   00;
	5627   :   00;
	5628   :   0b;
	5629   :   13;
	562a   :   14;
	562b   :   0c;
	562c   :   13;
	562d   :   00;
	562e   :   00;
	562f   :   00;
	5630   :   0d;
	5631   :   03;
	5632   :   02;
	5633   :   02;
	5634   :   13;
	5635   :   00;
	5636   :   00;
	5637   :   00;
	5638   :   0d;
	5639   :   0d;
	563a   :   05;
	563b   :   05;
	563c   :   13;
	563d   :   00;
	563e   :   00;
	563f   :   00;
	5640   :   0e;
	5641   :   0e;
	5642   :   0e;
	5643   :   0e;
	5644   :   13;
	5645   :   00;
	5646   :   00;
	5647   :   00;
	5648   :   0e;
	5649   :   06;
	564a   :   0e;
	564b   :   05;
	564c   :   13;
	564d   :   00;
	564e   :   00;
	564f   :   00;
	5650   :   04;
	5651   :   04;
	5652   :   04;
	5653   :   03;
	5654   :   13;
	5655   :   00;
	5656   :   00;
	5657   :   00;
	5658   :   03;
	5659   :   04;
	565a   :   03;
	565b   :   0c;
	565c   :   13;
	565d   :   00;
	565e   :   00;
	565f   :   00;
	5660   :   15;
	5661   :   16;
	5662   :   0d;
	5663   :   0d;
	5664   :   13;
	5665   :   00;
	5666   :   00;
	5667   :   00;
	5668   :   1d;
	5669   :   12;
	566a   :   13;
	566b   :   15;
	566c   :   13;
	566d   :   00;
	566e   :   00;
	566f   :   00;
	5670   :   0e;
	5671   :   0e;
	5672   :   0d;
	5673   :   06;
	5674   :   13;
	5675   :   00;
	5676   :   00;
	5677   :   00;
	5678   :   06;
	5679   :   06;
	567a   :   0e;
	567b   :   0e;
	567c   :   13;
	567d   :   00;
	567e   :   00;
	567f   :   00;
	5680   :   0e;
	5681   :   05;
	5682   :   04;
	5683   :   0d;
	5684   :   13;
	5685   :   00;
	5686   :   00;
	5687   :   00;
	5688   :   0c;
	5689   :   0d;
	568a   :   0d;
	568b   :   0e;
	568c   :   13;
	568d   :   00;
	568e   :   00;
	568f   :   00;
	5690   :   05;
	5691   :   06;
	5692   :   05;
	5693   :   05;
	5694   :   13;
	5695   :   00;
	5696   :   00;
	5697   :   00;
	5698   :   05;
	5699   :   05;
	569a   :   04;
	569b   :   05;
	569c   :   13;
	569d   :   00;
	569e   :   00;
	569f   :   00;
	56a0   :   0f;
	56a1   :   0f;
	56a2   :   17;
	56a3   :   17;
	56a4   :   13;
	56a5   :   00;
	56a6   :   00;
	56a7   :   00;
	56a8   :   17;
	56a9   :   17;
	56aa   :   17;
	56ab   :   17;
	56ac   :   13;
	56ad   :   00;
	56ae   :   00;
	56af   :   00;
	56b0   :   17;
	56b1   :   17;
	56b2   :   17;
	56b3   :   14;
	56b4   :   13;
	56b5   :   00;
	56b6   :   00;
	56b7   :   00;
	56b8   :   09;
	56b9   :   00;
	56ba   :   00;
	56bb   :   01;
	56bc   :   13;
	56bd   :   00;
	56be   :   00;
	56bf   :   00;
	56c0   :   01;
	56c1   :   01;
	56c2   :   0a;
	56c3   :   12;
	56c4   :   13;
	56c5   :   00;
	56c6   :   00;
	56c7   :   00;
	56c8   :   14;
	56c9   :   0d;
	56ca   :   0e;
	56cb   :   0e;
	56cc   :   13;
	56cd   :   00;
	56ce   :   00;
	56cf   :   00;
	56d0   :   16;
	56d1   :   17;
	56d2   :   1f;
	56d3   :   1f;
	56d4   :   13;
	56d5   :   00;
	56d6   :   00;
	56d7   :   00;
	56d8   :   1f;
	56d9   :   27;
	56da   :   1f;
	56db   :   27;
	56dc   :   13;
	56dd   :   00;
	56de   :   00;
	56df   :   00;
	56e0   :   1e;
	56e1   :   52;
	56e2   :   09;
	56e3   :   01;
	56e4   :   13;
	56e5   :   00;
	56e6   :   00;
	56e7   :   00;
	56e8   :   01;
	56e9   :   01;
	56ea   :   4b;
	56eb   :   9d;
	56ec   :   13;
	56ed   :   00;
	56ee   :   00;
	56ef   :   00;
	56f0   :   a5;
	56f1   :   a5;
	56f2   :   a4;
	56f3   :   a5;
	56f4   :   13;
	56f5   :   00;
	56f6   :   00;
	56f7   :   00;
	56f8   :   67;
	56f9   :   67;
	56fa   :   1f;
	56fb   :   1f;
	56fc   :   13;
	56fd   :   00;
	56fe   :   00;
	56ff   :   00;
	5700   :   27;
	5701   :   67;
	5702   :   27;
	5703   :   67;
	5704   :   13;
	5705   :   00;
	5706   :   00;
	5707   :   00;
	5708   :   5f;
	5709   :   5f;
	570a   :   17;
	570b   :   0f;
	570c   :   13;
	570d   :   00;
	570e   :   00;
	570f   :   00;
	5710   :   0f;
	5711   :   0f;
	5712   :   0f;
	5713   :   0f;
	5714   :   13;
	5715   :   00;
	5716   :   00;
	5717   :   00;
	5718   :   0f;
	5719   :   17;
	571a   :   0d;
	571b   :   04;
	571c   :   13;
	571d   :   00;
	571e   :   00;
	571f   :   00;
	5720   :   05;
	5721   :   05;
	5722   :   05;
	5723   :   06;
	5724   :   13;
	5725   :   00;
	5726   :   00;
	5727   :   00;
	5728   :   0e;
	5729   :   0e;
	572a   :   0d;
	572b   :   0b;
	572c   :   13;
	572d   :   00;
	572e   :   00;
	572f   :   00;
	5730   :   0c;
	5731   :   0b;
	5732   :   03;
	5733   :   04;
	5734   :   13;
	5735   :   00;
	5736   :   00;
	5737   :   00;
	5738   :   02;
	5739   :   03;
	573a   :   03;
	573b   :   03;
	573c   :   13;
	573d   :   00;
	573e   :   00;
	573f   :   00;
	5740   :   02;
	5741   :   01;
	5742   :   02;
	5743   :   02;
	5744   :   13;
	5745   :   00;
	5746   :   00;
	5747   :   00;
	5748   :   03;
	5749   :   03;
	574a   :   03;
	574b   :   03;
	574c   :   13;
	574d   :   00;
	574e   :   00;
	574f   :   00;
	5750   :   04;
	5751   :   0d;
	5752   :   0d;
	5753   :   0c;
	5754   :   13;
	5755   :   00;
	5756   :   00;
	5757   :   00;
	5758   :   0e;
	5759   :   17;
	575a   :   16;
	575b   :   16;
	575c   :   13;
	575d   :   00;
	575e   :   00;
	575f   :   00;
	5760   :   17;
	5761   :   0e;
	5762   :   16;
	5763   :   15;
	5764   :   13;
	5765   :   00;
	5766   :   00;
	5767   :   00;
	5768   :   01;
	5769   :   02;
	576a   :   02;
	576b   :   0b;
	576c   :   13;
	576d   :   00;
	576e   :   00;
	576f   :   00;
	5770   :   02;
	5771   :   02;
	5772   :   02;
	5773   :   02;
	5774   :   13;
	5775   :   00;
	5776   :   00;
	5777   :   00;
	5778   :   0e;
	5779   :   0e;
	577a   :   0e;
	577b   :   0e;
	577c   :   13;
	577d   :   00;
	577e   :   00;
	577f   :   00;
	5780   :   05;
	5781   :   0e;
	5782   :   0e;
	5783   :   0e;
	5784   :   13;
	5785   :   00;
	5786   :   00;
	5787   :   00;
	5788   :   05;
	5789   :   05;
	578a   :   04;
	578b   :   04;
	578c   :   13;
	578d   :   00;
	578e   :   00;
	578f   :   00;
	5790   :   04;
	5791   :   0d;
	5792   :   0d;
	5793   :   04;
	5794   :   13;
	5795   :   00;
	5796   :   00;
	5797   :   00;
	5798   :   03;
	5799   :   0d;
	579a   :   1f;
	579b   :   17;
	579c   :   13;
	579d   :   00;
	579e   :   00;
	579f   :   00;
	57a0   :   16;
	57a1   :   0d;
	57a2   :   04;
	57a3   :   03;
	57a4   :   13;
	57a5   :   00;
	57a6   :   00;
	57a7   :   00;
	57a8   :   03;
	57a9   :   02;
	57aa   :   0b;
	57ab   :   16;
	57ac   :   13;
	57ad   :   00;
	57ae   :   00;
	57af   :   00;
	57b0   :   16;
	57b1   :   0d;
	57b2   :   0d;
	57b3   :   0d;
	57b4   :   13;
	57b5   :   00;
	57b6   :   00;
	57b7   :   00;
	57b8   :   0d;
	57b9   :   0e;
	57ba   :   0d;
	57bb   :   0d;
	57bc   :   13;
	57bd   :   00;
	57be   :   00;
	57bf   :   00;
	57c0   :   0e;
	57c1   :   16;
	57c2   :   16;
	57c3   :   16;
	57c4   :   13;
	57c5   :   00;
	57c6   :   00;
	57c7   :   00;
	57c8   :   17;
	57c9   :   17;
	57ca   :   17;
	57cb   :   1f;
	57cc   :   13;
	57cd   :   00;
	57ce   :   00;
	57cf   :   00;
	57d0   :   17;
	57d1   :   16;
	57d2   :   0d;
	57d3   :   0e;
	57d4   :   13;
	57d5   :   00;
	57d6   :   00;
	57d7   :   00;
	57d8   :   0e;
	57d9   :   0e;
	57da   :   0e;
	57db   :   0e;
	57dc   :   13;
	57dd   :   00;
	57de   :   00;
	57df   :   00;
	57e0   :   16;
	57e1   :   15;
	57e2   :   0c;
	57e3   :   0c;
	57e4   :   13;
	57e5   :   00;
	57e6   :   00;
	57e7   :   00;
	57e8   :   0d;
	57e9   :   0c;
	57ea   :   0c;
	57eb   :   0c;
	57ec   :   13;
	57ed   :   00;
	57ee   :   00;
	57ef   :   00;
	57f0   :   0c;
	57f1   :   0c;
	57f2   :   0c;
	57f3   :   04;
	57f4   :   13;
	57f5   :   00;
	57f6   :   00;
	57f7   :   00;
	57f8   :   0c;
	57f9   :   0a;
	57fa   :   00;
	57fb   :   00;
	57fc   :   13;
	57fd   :   00;
	57fe   :   00;
	57ff   :   00;
	5800   :   00;
	5801   :   01;
	5802   :   09;
	5803   :   0a;
	5804   :   13;
	5805   :   00;
	5806   :   00;
	5807   :   00;
	5808   :   12;
	5809   :   54;
	580a   :   0d;
	580b   :   0e;
	580c   :   13;
	580d   :   00;
	580e   :   00;
	580f   :   00;
	5810   :   16;
	5811   :   16;
	5812   :   16;
	5813   :   16;
	5814   :   13;
	5815   :   00;
	5816   :   00;
	5817   :   00;
	5818   :   1e;
	5819   :   27;
	581a   :   27;
	581b   :   27;
	581c   :   13;
	581d   :   00;
	581e   :   00;
	581f   :   00;
	5820   :   27;
	5821   :   13;
	5822   :   01;
	5823   :   01;
	5824   :   13;
	5825   :   00;
	5826   :   00;
	5827   :   00;
	5828   :   01;
	5829   :   01;
	582a   :   4a;
	582b   :   4a;
	582c   :   13;
	582d   :   00;
	582e   :   00;
	582f   :   00;
	5830   :   54;
	5831   :   a5;
	5832   :   5b;
	5833   :   5c;
	5834   :   13;
	5835   :   00;
	5836   :   00;
	5837   :   00;
	5838   :   5e;
	5839   :   27;
	583a   :   1f;
	583b   :   1f;
	583c   :   13;
	583d   :   00;
	583e   :   00;
	583f   :   00;
	5840   :   17;
	5841   :   1f;
	5842   :   1f;
	5843   :   17;
	5844   :   13;
	5845   :   00;
	5846   :   00;
	5847   :   00;
	5848   :   17;
	5849   :   17;
	584a   :   17;
	584b   :   17;
	584c   :   13;
	584d   :   00;
	584e   :   00;
	584f   :   00;
	5850   :   17;
	5851   :   0f;
	5852   :   0f;
	5853   :   17;
	5854   :   13;
	5855   :   00;
	5856   :   00;
	5857   :   00;
	5858   :   17;
	5859   :   17;
	585a   :   16;
	585b   :   04;
	585c   :   13;
	585d   :   00;
	585e   :   00;
	585f   :   00;
	5860   :   05;
	5861   :   0e;
	5862   :   06;
	5863   :   06;
	5864   :   13;
	5865   :   00;
	5866   :   00;
	5867   :   00;
	5868   :   06;
	5869   :   0e;
	586a   :   0e;
	586b   :   16;
	586c   :   13;
	586d   :   00;
	586e   :   00;
	586f   :   00;
	5870   :   0e;
	5871   :   05;
	5872   :   05;
	5873   :   04;
	5874   :   13;
	5875   :   00;
	5876   :   00;
	5877   :   00;
	5878   :   03;
	5879   :   02;
	587a   :   02;
	587b   :   04;
	587c   :   13;
	587d   :   00;
	587e   :   00;
	587f   :   00;
	5880   :   03;
	5881   :   03;
	5882   :   04;
	5883   :   04;
	5884   :   13;
	5885   :   00;
	5886   :   00;
	5887   :   00;
	5888   :   04;
	5889   :   04;
	588a   :   03;
	588b   :   04;
	588c   :   13;
	588d   :   00;
	588e   :   00;
	588f   :   00;
	5890   :   04;
	5891   :   03;
	5892   :   03;
	5893   :   03;
	5894   :   13;
	5895   :   00;
	5896   :   00;
	5897   :   00;
	5898   :   03;
	5899   :   03;
	589a   :   04;
	589b   :   0e;
	589c   :   13;
	589d   :   00;
	589e   :   00;
	589f   :   00;
	58a0   :   1f;
	58a1   :   0e;
	58a2   :   0e;
	58a3   :   17;
	58a4   :   13;
	58a5   :   00;
	58a6   :   00;
	58a7   :   00;
	58a8   :   16;
	58a9   :   17;
	58aa   :   16;
	58ab   :   17;
	58ac   :   13;
	58ad   :   00;
	58ae   :   00;
	58af   :   00;
	58b0   :   04;
	58b1   :   02;
	58b2   :   02;
	58b3   :   0c;
	58b4   :   13;
	58b5   :   00;
	58b6   :   00;
	58b7   :   00;
	58b8   :   0e;
	58b9   :   0e;
	58ba   :   05;
	58bb   :   04;
	58bc   :   13;
	58bd   :   00;
	58be   :   00;
	58bf   :   00;
	58c0   :   0d;
	58c1   :   05;
	58c2   :   05;
	58c3   :   05;
	58c4   :   13;
	58c5   :   00;
	58c6   :   00;
	58c7   :   00;
	58c8   :   04;
	58c9   :   04;
	58ca   :   05;
	58cb   :   0d;
	58cc   :   13;
	58cd   :   00;
	58ce   :   00;
	58cf   :   00;
	58d0   :   0e;
	58d1   :   0e;
	58d2   :   0e;
	58d3   :   05;
	58d4   :   13;
	58d5   :   00;
	58d6   :   00;
	58d7   :   00;
	58d8   :   0d;
	58d9   :   17;
	58da   :   0e;
	58db   :   04;
	58dc   :   13;
	58dd   :   00;
	58de   :   00;
	58df   :   00;
	58e0   :   03;
	58e1   :   03;
	58e2   :   03;
	58e3   :   02;
	58e4   :   13;
	58e5   :   00;
	58e6   :   00;
	58e7   :   00;
	58e8   :   02;
	58e9   :   02;
	58ea   :   03;
	58eb   :   0c;
	58ec   :   13;
	58ed   :   00;
	58ee   :   00;
	58ef   :   00;
	58f0   :   16;
	58f1   :   16;
	58f2   :   16;
	58f3   :   16;
	58f4   :   13;
	58f5   :   00;
	58f6   :   00;
	58f7   :   00;
	58f8   :   16;
	58f9   :   15;
	58fa   :   15;
	58fb   :   0e;
	58fc   :   13;
	58fd   :   00;
	58fe   :   00;
	58ff   :   00;
	5900   :   0e;
	5901   :   04;
	5902   :   04;
	5903   :   03;
	5904   :   13;
	5905   :   00;
	5906   :   00;
	5907   :   00;
	5908   :   04;
	5909   :   04;
	590a   :   04;
	590b   :   03;
	590c   :   13;
	590d   :   00;
	590e   :   00;
	590f   :   00;
	5910   :   03;
	5911   :   0d;
	5912   :   0d;
	5913   :   0d;
	5914   :   13;
	5915   :   00;
	5916   :   00;
	5917   :   00;
	5918   :   0d;
	5919   :   0d;
	591a   :   0d;
	591b   :   0d;
	591c   :   13;
	591d   :   00;
	591e   :   00;
	591f   :   00;
	5920   :   04;
	5921   :   04;
	5922   :   04;
	5923   :   05;
	5924   :   13;
	5925   :   00;
	5926   :   00;
	5927   :   00;
	5928   :   05;
	5929   :   05;
	592a   :   04;
	592b   :   05;
	592c   :   13;
	592d   :   00;
	592e   :   00;
	592f   :   00;
	5930   :   06;
	5931   :   06;
	5932   :   06;
	5933   :   06;
	5934   :   13;
	5935   :   00;
	5936   :   00;
	5937   :   00;
	5938   :   0e;
	5939   :   14;
	593a   :   12;
	593b   :   4a;
	593c   :   13;
	593d   :   00;
	593e   :   00;
	593f   :   00;
	5940   :   52;
	5941   :   52;
	5942   :   52;
	5943   :   52;
	5944   :   13;
	5945   :   00;
	5946   :   00;
	5947   :   00;
	5948   :   52;
	5949   :   52;
	594a   :   53;
	594b   :   16;
	594c   :   13;
	594d   :   00;
	594e   :   00;
	594f   :   00;
	5950   :   17;
	5951   :   17;
	5952   :   16;
	5953   :   1f;
	5954   :   13;
	5955   :   00;
	5956   :   00;
	5957   :   00;
	5958   :   27;
	5959   :   1f;
	595a   :   17;
	595b   :   1f;
	595c   :   13;
	595d   :   00;
	595e   :   00;
	595f   :   00;
	5960   :   27;
	5961   :   1d;
	5962   :   09;
	5963   :   01;
	5964   :   13;
	5965   :   00;
	5966   :   00;
	5967   :   00;
	5968   :   09;
	5969   :   09;
	596a   :   01;
	596b   :   0a;
	596c   :   13;
	596d   :   00;
	596e   :   00;
	596f   :   00;
	5970   :   53;
	5971   :   9b;
	5972   :   53;
	5973   :   52;
	5974   :   13;
	5975   :   00;
	5976   :   00;
	5977   :   00;
	5978   :   5c;
	5979   :   1f;
	597a   :   1f;
	597b   :   17;
	597c   :   13;
	597d   :   00;
	597e   :   00;
	597f   :   00;
	5980   :   07;
	5981   :   17;
	5982   :   17;
	5983   :   17;
	5984   :   13;
	5985   :   00;
	5986   :   00;
	5987   :   00;
	5988   :   17;
	5989   :   17;
	598a   :   17;
	598b   :   17;
	598c   :   13;
	598d   :   00;
	598e   :   00;
	598f   :   00;
	5990   :   17;
	5991   :   17;
	5992   :   17;
	5993   :   17;
	5994   :   13;
	5995   :   00;
	5996   :   00;
	5997   :   00;
	5998   :   17;
	5999   :   17;
	599a   :   17;
	599b   :   0e;
	599c   :   13;
	599d   :   00;
	599e   :   00;
	599f   :   00;
	59a0   :   05;
	59a1   :   04;
	59a2   :   0e;
	59a3   :   0e;
	59a4   :   13;
	59a5   :   00;
	59a6   :   00;
	59a7   :   00;
	59a8   :   0e;
	59a9   :   0e;
	59aa   :   06;
	59ab   :   06;
	59ac   :   13;
	59ad   :   00;
	59ae   :   00;
	59af   :   00;
	59b0   :   06;
	59b1   :   05;
	59b2   :   05;
	59b3   :   04;
	59b4   :   13;
	59b5   :   00;
	59b6   :   00;
	59b7   :   00;
	59b8   :   0c;
	59b9   :   26;
	59ba   :   1f;
	59bb   :   1f;
	59bc   :   13;
	59bd   :   00;
	59be   :   00;
	59bf   :   00;
	59c0   :   16;
	59c1   :   16;
	59c2   :   16;
	59c3   :   0e;
	59c4   :   13;
	59c5   :   00;
	59c6   :   00;
	59c7   :   00;
	59c8   :   0d;
	59c9   :   0c;
	59ca   :   0c;
	59cb   :   0e;
	59cc   :   13;
	59cd   :   00;
	59ce   :   00;
	59cf   :   00;
	59d0   :   06;
	59d1   :   05;
	59d2   :   05;
	59d3   :   05;
	59d4   :   13;
	59d5   :   00;
	59d6   :   00;
	59d7   :   00;
	59d8   :   05;
	59d9   :   04;
	59da   :   04;
	59db   :   03;
	59dc   :   13;
	59dd   :   00;
	59de   :   00;
	59df   :   00;
	59e0   :   05;
	59e1   :   17;
	59e2   :   04;
	59e3   :   0c;
	59e4   :   13;
	59e5   :   00;
	59e6   :   00;
	59e7   :   00;
	59e8   :   0c;
	59e9   :   0c;
	59ea   :   0d;
	59eb   :   04;
	59ec   :   13;
	59ed   :   00;
	59ee   :   00;
	59ef   :   00;
	59f0   :   02;
	59f1   :   02;
	59f2   :   02;
	59f3   :   04;
	59f4   :   13;
	59f5   :   00;
	59f6   :   00;
	59f7   :   00;
	59f8   :   0e;
	59f9   :   05;
	59fa   :   05;
	59fb   :   04;
	59fc   :   13;
	59fd   :   00;
	59fe   :   00;
	59ff   :   00;
	5a00   :   05;
	5a01   :   05;
	5a02   :   05;
	5a03   :   05;
	5a04   :   13;
	5a05   :   00;
	5a06   :   00;
	5a07   :   00;
	5a08   :   05;
	5a09   :   0d;
	5a0a   :   0d;
	5a0b   :   0e;
	5a0c   :   13;
	5a0d   :   00;
	5a0e   :   00;
	5a0f   :   00;
	5a10   :   05;
	5a11   :   0c;
	5a12   :   15;
	5a13   :   16;
	5a14   :   13;
	5a15   :   00;
	5a16   :   00;
	5a17   :   00;
	5a18   :   1e;
	5a19   :   16;
	5a1a   :   03;
	5a1b   :   03;
	5a1c   :   13;
	5a1d   :   00;
	5a1e   :   00;
	5a1f   :   00;
	5a20   :   03;
	5a21   :   02;
	5a22   :   02;
	5a23   :   02;
	5a24   :   13;
	5a25   :   00;
	5a26   :   00;
	5a27   :   00;
	5a28   :   02;
	5a29   :   03;
	5a2a   :   0a;
	5a2b   :   02;
	5a2c   :   13;
	5a2d   :   00;
	5a2e   :   00;
	5a2f   :   00;
	5a30   :   04;
	5a31   :   1e;
	5a32   :   15;
	5a33   :   03;
	5a34   :   13;
	5a35   :   00;
	5a36   :   00;
	5a37   :   00;
	5a38   :   03;
	5a39   :   02;
	5a3a   :   03;
	5a3b   :   03;
	5a3c   :   13;
	5a3d   :   00;
	5a3e   :   00;
	5a3f   :   00;
	5a40   :   02;
	5a41   :   03;
	5a42   :   04;
	5a43   :   05;
	5a44   :   13;
	5a45   :   00;
	5a46   :   00;
	5a47   :   00;
	5a48   :   05;
	5a49   :   05;
	5a4a   :   04;
	5a4b   :   03;
	5a4c   :   13;
	5a4d   :   00;
	5a4e   :   00;
	5a4f   :   00;
	5a50   :   04;
	5a51   :   05;
	5a52   :   05;
	5a53   :   04;
	5a54   :   13;
	5a55   :   00;
	5a56   :   00;
	5a57   :   00;
	5a58   :   04;
	5a59   :   04;
	5a5a   :   04;
	5a5b   :   05;
	5a5c   :   13;
	5a5d   :   00;
	5a5e   :   00;
	5a5f   :   00;
	5a60   :   05;
	5a61   :   06;
	5a62   :   0e;
	5a63   :   0e;
	5a64   :   13;
	5a65   :   00;
	5a66   :   00;
	5a67   :   00;
	5a68   :   0f;
	5a69   :   0f;
	5a6a   :   0f;
	5a6b   :   0f;
	5a6c   :   13;
	5a6d   :   00;
	5a6e   :   00;
	5a6f   :   00;
	5a70   :   15;
	5a71   :   0c;
	5a72   :   0c;
	5a73   :   0b;
	5a74   :   13;
	5a75   :   00;
	5a76   :   00;
	5a77   :   00;
	5a78   :   13;
	5a79   :   13;
	5a7a   :   13;
	5a7b   :   0a;
	5a7c   :   13;
	5a7d   :   00;
	5a7e   :   00;
	5a7f   :   00;
	5a80   :   4a;
	5a81   :   49;
	5a82   :   49;
	5a83   :   52;
	5a84   :   13;
	5a85   :   00;
	5a86   :   00;
	5a87   :   00;
	5a88   :   52;
	5a89   :   52;
	5a8a   :   5b;
	5a8b   :   14;
	5a8c   :   13;
	5a8d   :   00;
	5a8e   :   00;
	5a8f   :   00;
	5a90   :   16;
	5a91   :   17;
	5a92   :   16;
	5a93   :   17;
	5a94   :   13;
	5a95   :   00;
	5a96   :   00;
	5a97   :   00;
	5a98   :   17;
	5a99   :   0f;
	5a9a   :   0f;
	5a9b   :   17;
	5a9c   :   13;
	5a9d   :   00;
	5a9e   :   00;
	5a9f   :   00;
	5aa0   :   1f;
	5aa1   :   26;
	5aa2   :   09;
	5aa3   :   01;
	5aa4   :   13;
	5aa5   :   00;
	5aa6   :   00;
	5aa7   :   00;
	5aa8   :   09;
	5aa9   :   01;
	5aaa   :   01;
	5aab   :   0a;
	5aac   :   13;
	5aad   :   00;
	5aae   :   00;
	5aaf   :   00;
	5ab0   :   12;
	5ab1   :   52;
	5ab2   :   53;
	5ab3   :   53;
	5ab4   :   13;
	5ab5   :   00;
	5ab6   :   00;
	5ab7   :   00;
	5ab8   :   13;
	5ab9   :   17;
	5aba   :   17;
	5abb   :   0f;
	5abc   :   13;
	5abd   :   00;
	5abe   :   00;
	5abf   :   00;
	5ac0   :   0f;
	5ac1   :   0f;
	5ac2   :   17;
	5ac3   :   17;
	5ac4   :   13;
	5ac5   :   00;
	5ac6   :   00;
	5ac7   :   00;
	5ac8   :   17;
	5ac9   :   17;
	5aca   :   17;
	5acb   :   1f;
	5acc   :   13;
	5acd   :   00;
	5ace   :   00;
	5acf   :   00;
	5ad0   :   17;
	5ad1   :   17;
	5ad2   :   1f;
	5ad3   :   17;
	5ad4   :   13;
	5ad5   :   00;
	5ad6   :   00;
	5ad7   :   00;
	5ad8   :   17;
	5ad9   :   17;
	5ada   :   1f;
	5adb   :   1f;
	5adc   :   13;
	5add   :   00;
	5ade   :   00;
	5adf   :   00;
	5ae0   :   0f;
	5ae1   :   05;
	5ae2   :   05;
	5ae3   :   0e;
	5ae4   :   13;
	5ae5   :   00;
	5ae6   :   00;
	5ae7   :   00;
	5ae8   :   0e;
	5ae9   :   0f;
	5aea   :   0e;
	5aeb   :   0e;
	5aec   :   13;
	5aed   :   00;
	5aee   :   00;
	5aef   :   00;
	5af0   :   05;
	5af1   :   05;
	5af2   :   05;
	5af3   :   0d;
	5af4   :   13;
	5af5   :   00;
	5af6   :   00;
	5af7   :   00;
	5af8   :   27;
	5af9   :   2f;
	5afa   :   27;
	5afb   :   1f;
	5afc   :   13;
	5afd   :   00;
	5afe   :   00;
	5aff   :   00;
	5b00   :   1f;
	5b01   :   1f;
	5b02   :   1f;
	5b03   :   1f;
	5b04   :   13;
	5b05   :   00;
	5b06   :   00;
	5b07   :   00;
	5b08   :   1f;
	5b09   :   1f;
	5b0a   :   1f;
	5b0b   :   16;
	5b0c   :   13;
	5b0d   :   00;
	5b0e   :   00;
	5b0f   :   00;
	5b10   :   17;
	5b11   :   0e;
	5b12   :   0e;
	5b13   :   0e;
	5b14   :   13;
	5b15   :   00;
	5b16   :   00;
	5b17   :   00;
	5b18   :   0e;
	5b19   :   0e;
	5b1a   :   05;
	5b1b   :   04;
	5b1c   :   13;
	5b1d   :   00;
	5b1e   :   00;
	5b1f   :   00;
	5b20   :   03;
	5b21   :   04;
	5b22   :   0e;
	5b23   :   0e;
	5b24   :   13;
	5b25   :   00;
	5b26   :   00;
	5b27   :   00;
	5b28   :   0d;
	5b29   :   03;
	5b2a   :   03;
	5b2b   :   03;
	5b2c   :   13;
	5b2d   :   00;
	5b2e   :   00;
	5b2f   :   00;
	5b30   :   03;
	5b31   :   04;
	5b32   :   03;
	5b33   :   03;
	5b34   :   13;
	5b35   :   00;
	5b36   :   00;
	5b37   :   00;
	5b38   :   0e;
	5b39   :   0e;
	5b3a   :   06;
	5b3b   :   05;
	5b3c   :   13;
	5b3d   :   00;
	5b3e   :   00;
	5b3f   :   00;
	5b40   :   0d;
	5b41   :   0e;
	5b42   :   0e;
	5b43   :   0d;
	5b44   :   13;
	5b45   :   00;
	5b46   :   00;
	5b47   :   00;
	5b48   :   0e;
	5b49   :   0e;
	5b4a   :   0e;
	5b4b   :   0e;
	5b4c   :   13;
	5b4d   :   00;
	5b4e   :   00;
	5b4f   :   00;
	5b50   :   16;
	5b51   :   1e;
	5b52   :   1e;
	5b53   :   65;
	5b54   :   13;
	5b55   :   00;
	5b56   :   00;
	5b57   :   00;
	5b58   :   1d;
	5b59   :   1d;
	5b5a   :   0c;
	5b5b   :   02;
	5b5c   :   13;
	5b5d   :   00;
	5b5e   :   00;
	5b5f   :   00;
	5b60   :   01;
	5b61   :   02;
	5b62   :   03;
	5b63   :   04;
	5b64   :   13;
	5b65   :   00;
	5b66   :   00;
	5b67   :   00;
	5b68   :   02;
	5b69   :   01;
	5b6a   :   02;
	5b6b   :   03;
	5b6c   :   13;
	5b6d   :   00;
	5b6e   :   00;
	5b6f   :   00;
	5b70   :   05;
	5b71   :   0e;
	5b72   :   16;
	5b73   :   03;
	5b74   :   13;
	5b75   :   00;
	5b76   :   00;
	5b77   :   00;
	5b78   :   02;
	5b79   :   01;
	5b7a   :   02;
	5b7b   :   02;
	5b7c   :   13;
	5b7d   :   00;
	5b7e   :   00;
	5b7f   :   00;
	5b80   :   04;
	5b81   :   04;
	5b82   :   05;
	5b83   :   06;
	5b84   :   13;
	5b85   :   00;
	5b86   :   00;
	5b87   :   00;
	5b88   :   06;
	5b89   :   05;
	5b8a   :   04;
	5b8b   :   05;
	5b8c   :   13;
	5b8d   :   00;
	5b8e   :   00;
	5b8f   :   00;
	5b90   :   06;
	5b91   :   0e;
	5b92   :   06;
	5b93   :   06;
	5b94   :   13;
	5b95   :   00;
	5b96   :   00;
	5b97   :   00;
	5b98   :   0e;
	5b99   :   0e;
	5b9a   :   05;
	5b9b   :   04;
	5b9c   :   13;
	5b9d   :   00;
	5b9e   :   00;
	5b9f   :   00;
	5ba0   :   04;
	5ba1   :   0e;
	5ba2   :   0f;
	5ba3   :   0f;
	5ba4   :   13;
	5ba5   :   00;
	5ba6   :   00;
	5ba7   :   00;
	5ba8   :   0f;
	5ba9   :   0f;
	5baa   :   0e;
	5bab   :   0a;
	5bac   :   13;
	5bad   :   00;
	5bae   :   00;
	5baf   :   00;
	5bb0   :   09;
	5bb1   :   09;
	5bb2   :   01;
	5bb3   :   01;
	5bb4   :   13;
	5bb5   :   00;
	5bb6   :   00;
	5bb7   :   00;
	5bb8   :   01;
	5bb9   :   01;
	5bba   :   00;
	5bbb   :   0a;
	5bbc   :   13;
	5bbd   :   00;
	5bbe   :   00;
	5bbf   :   00;
	5bc0   :   4a;
	5bc1   :   49;
	5bc2   :   52;
	5bc3   :   4a;
	5bc4   :   13;
	5bc5   :   00;
	5bc6   :   00;
	5bc7   :   00;
	5bc8   :   49;
	5bc9   :   52;
	5bca   :   53;
	5bcb   :   12;
	5bcc   :   13;
	5bcd   :   00;
	5bce   :   00;
	5bcf   :   00;
	5bd0   :   17;
	5bd1   :   0f;
	5bd2   :   0f;
	5bd3   :   0f;
	5bd4   :   13;
	5bd5   :   00;
	5bd6   :   00;
	5bd7   :   00;
	5bd8   :   0f;
	5bd9   :   0f;
	5bda   :   0f;
	5bdb   :   0f;
	5bdc   :   13;
	5bdd   :   00;
	5bde   :   00;
	5bdf   :   00;
	5be0   :   17;
	5be1   :   1f;
	5be2   :   13;
	5be3   :   01;
	5be4   :   13;
	5be5   :   00;
	5be6   :   00;
	5be7   :   00;
	5be8   :   01;
	5be9   :   09;
	5bea   :   01;
	5beb   :   09;
	5bec   :   13;
	5bed   :   00;
	5bee   :   00;
	5bef   :   00;
	5bf0   :   0a;
	5bf1   :   53;
	5bf2   :   53;
	5bf3   :   53;
	5bf4   :   13;
	5bf5   :   00;
	5bf6   :   00;
	5bf7   :   00;
	5bf8   :   14;
	5bf9   :   0f;
	5bfa   :   0f;
	5bfb   :   0f;
	5bfc   :   13;
	5bfd   :   00;
	5bfe   :   00;
	5bff   :   00;
	5c00   :   0f;
	5c01   :   0f;
	5c02   :   0f;
	5c03   :   17;
	5c04   :   13;
	5c05   :   00;
	5c06   :   00;
	5c07   :   00;
	5c08   :   17;
	5c09   :   17;
	5c0a   :   17;
	5c0b   :   17;
	5c0c   :   13;
	5c0d   :   00;
	5c0e   :   00;
	5c0f   :   00;
	5c10   :   17;
	5c11   :   17;
	5c12   :   17;
	5c13   :   1f;
	5c14   :   13;
	5c15   :   00;
	5c16   :   00;
	5c17   :   00;
	5c18   :   1f;
	5c19   :   1f;
	5c1a   :   1f;
	5c1b   :   17;
	5c1c   :   13;
	5c1d   :   00;
	5c1e   :   00;
	5c1f   :   00;
	5c20   :   0f;
	5c21   :   0f;
	5c22   :   0e;
	5c23   :   0f;
	5c24   :   13;
	5c25   :   00;
	5c26   :   00;
	5c27   :   00;
	5c28   :   0f;
	5c29   :   0f;
	5c2a   :   0f;
	5c2b   :   0e;
	5c2c   :   13;
	5c2d   :   00;
	5c2e   :   00;
	5c2f   :   00;
	5c30   :   0e;
	5c31   :   0e;
	5c32   :   0d;
	5c33   :   27;
	5c34   :   13;
	5c35   :   00;
	5c36   :   00;
	5c37   :   00;
	5c38   :   27;
	5c39   :   17;
	5c3a   :   17;
	5c3b   :   17;
	5c3c   :   13;
	5c3d   :   00;
	5c3e   :   00;
	5c3f   :   00;
	5c40   :   0f;
	5c41   :   0f;
	5c42   :   0f;
	5c43   :   0f;
	5c44   :   13;
	5c45   :   00;
	5c46   :   00;
	5c47   :   00;
	5c48   :   0f;
	5c49   :   17;
	5c4a   :   17;
	5c4b   :   17;
	5c4c   :   13;
	5c4d   :   00;
	5c4e   :   00;
	5c4f   :   00;
	5c50   :   1f;
	5c51   :   17;
	5c52   :   17;
	5c53   :   0f;
	5c54   :   13;
	5c55   :   00;
	5c56   :   00;
	5c57   :   00;
	5c58   :   0e;
	5c59   :   06;
	5c5a   :   06;
	5c5b   :   05;
	5c5c   :   13;
	5c5d   :   00;
	5c5e   :   00;
	5c5f   :   00;
	5c60   :   04;
	5c61   :   03;
	5c62   :   03;
	5c63   :   04;
	5c64   :   13;
	5c65   :   00;
	5c66   :   00;
	5c67   :   00;
	5c68   :   0d;
	5c69   :   0f;
	5c6a   :   0e;
	5c6b   :   05;
	5c6c   :   13;
	5c6d   :   00;
	5c6e   :   00;
	5c6f   :   00;
	5c70   :   04;
	5c71   :   05;
	5c72   :   04;
	5c73   :   03;
	5c74   :   13;
	5c75   :   00;
	5c76   :   00;
	5c77   :   00;
	5c78   :   03;
	5c79   :   04;
	5c7a   :   0e;
	5c7b   :   06;
	5c7c   :   13;
	5c7d   :   00;
	5c7e   :   00;
	5c7f   :   00;
	5c80   :   0e;
	5c81   :   0f;
	5c82   :   0f;
	5c83   :   0f;
	5c84   :   13;
	5c85   :   00;
	5c86   :   00;
	5c87   :   00;
	5c88   :   0e;
	5c89   :   05;
	5c8a   :   05;
	5c8b   :   05;
	5c8c   :   13;
	5c8d   :   00;
	5c8e   :   00;
	5c8f   :   00;
	5c90   :   0d;
	5c91   :   17;
	5c92   :   0c;
	5c93   :   0a;
	5c94   :   13;
	5c95   :   00;
	5c96   :   00;
	5c97   :   00;
	5c98   :   0a;
	5c99   :   0a;
	5c9a   :   02;
	5c9b   :   02;
	5c9c   :   13;
	5c9d   :   00;
	5c9e   :   00;
	5c9f   :   00;
	5ca0   :   02;
	5ca1   :   04;
	5ca2   :   03;
	5ca3   :   02;
	5ca4   :   13;
	5ca5   :   00;
	5ca6   :   00;
	5ca7   :   00;
	5ca8   :   01;
	5ca9   :   03;
	5caa   :   04;
	5cab   :   03;
	5cac   :   13;
	5cad   :   00;
	5cae   :   00;
	5caf   :   00;
	5cb0   :   04;
	5cb1   :   05;
	5cb2   :   0e;
	5cb3   :   17;
	5cb4   :   13;
	5cb5   :   00;
	5cb6   :   00;
	5cb7   :   00;
	5cb8   :   04;
	5cb9   :   03;
	5cba   :   02;
	5cbb   :   03;
	5cbc   :   13;
	5cbd   :   00;
	5cbe   :   00;
	5cbf   :   00;
	5cc0   :   05;
	5cc1   :   0e;
	5cc2   :   0e;
	5cc3   :   0e;
	5cc4   :   13;
	5cc5   :   00;
	5cc6   :   00;
	5cc7   :   00;
	5cc8   :   05;
	5cc9   :   04;
	5cca   :   05;
	5ccb   :   06;
	5ccc   :   13;
	5ccd   :   00;
	5cce   :   00;
	5ccf   :   00;
	5cd0   :   0e;
	5cd1   :   06;
	5cd2   :   0e;
	5cd3   :   0e;
	5cd4   :   13;
	5cd5   :   00;
	5cd6   :   00;
	5cd7   :   00;
	5cd8   :   0e;
	5cd9   :   0e;
	5cda   :   06;
	5cdb   :   05;
	5cdc   :   13;
	5cdd   :   00;
	5cde   :   00;
	5cdf   :   00;
	5ce0   :   04;
	5ce1   :   04;
	5ce2   :   0e;
	5ce3   :   0e;
	5ce4   :   13;
	5ce5   :   00;
	5ce6   :   00;
	5ce7   :   00;
	5ce8   :   0e;
	5ce9   :   0f;
	5cea   :   0c;
	5ceb   :   09;
	5cec   :   13;
	5ced   :   00;
	5cee   :   00;
	5cef   :   00;
	5cf0   :   01;
	5cf1   :   01;
	5cf2   :   01;
	5cf3   :   01;
	5cf4   :   13;
	5cf5   :   00;
	5cf6   :   00;
	5cf7   :   00;
	5cf8   :   0a;
	5cf9   :   4a;
	5cfa   :   49;
	5cfb   :   49;
	5cfc   :   13;
	5cfd   :   00;
	5cfe   :   00;
	5cff   :   00;
	5d00   :   09;
	5d01   :   52;
	5d02   :   4a;
	5d03   :   4a;
	5d04   :   13;
	5d05   :   00;
	5d06   :   00;
	5d07   :   00;
	5d08   :   49;
	5d09   :   53;
	5d0a   :   09;
	5d0b   :   0a;
	5d0c   :   13;
	5d0d   :   00;
	5d0e   :   00;
	5d0f   :   00;
	5d10   :   15;
	5d11   :   17;
	5d12   :   17;
	5d13   :   17;
	5d14   :   13;
	5d15   :   00;
	5d16   :   00;
	5d17   :   00;
	5d18   :   17;
	5d19   :   0f;
	5d1a   :   0f;
	5d1b   :   0f;
	5d1c   :   13;
	5d1d   :   00;
	5d1e   :   00;
	5d1f   :   00;
	5d20   :   17;
	5d21   :   17;
	5d22   :   15;
	5d23   :   09;
	5d24   :   13;
	5d25   :   00;
	5d26   :   00;
	5d27   :   00;
	5d28   :   01;
	5d29   :   09;
	5d2a   :   01;
	5d2b   :   01;
	5d2c   :   13;
	5d2d   :   00;
	5d2e   :   00;
	5d2f   :   00;
	5d30   :   0a;
	5d31   :   53;
	5d32   :   53;
	5d33   :   5b;
	5d34   :   13;
	5d35   :   00;
	5d36   :   00;
	5d37   :   00;
	5d38   :   0d;
	5d39   :   0f;
	5d3a   :   0f;
	5d3b   :   0f;
	5d3c   :   13;
	5d3d   :   00;
	5d3e   :   00;
	5d3f   :   00;
	5d40   :   0f;
	5d41   :   0f;
	5d42   :   0f;
	5d43   :   0f;
	5d44   :   13;
	5d45   :   00;
	5d46   :   00;
	5d47   :   00;
	5d48   :   0f;
	5d49   :   0f;
	5d4a   :   0f;
	5d4b   :   17;
	5d4c   :   13;
	5d4d   :   00;
	5d4e   :   00;
	5d4f   :   00;
	5d50   :   17;
	5d51   :   1f;
	5d52   :   27;
	5d53   :   27;
	5d54   :   13;
	5d55   :   00;
	5d56   :   00;
	5d57   :   00;
	5d58   :   1f;
	5d59   :   1f;
	5d5a   :   1f;
	5d5b   :   1f;
	5d5c   :   13;
	5d5d   :   00;
	5d5e   :   00;
	5d5f   :   00;
	5d60   :   17;
	5d61   :   0f;
	5d62   :   0f;
	5d63   :   0e;
	5d64   :   13;
	5d65   :   00;
	5d66   :   00;
	5d67   :   00;
	5d68   :   0f;
	5d69   :   0f;
	5d6a   :   0f;
	5d6b   :   0f;
	5d6c   :   13;
	5d6d   :   00;
	5d6e   :   00;
	5d6f   :   00;
	5d70   :   0f;
	5d71   :   0f;
	5d72   :   1f;
	5d73   :   27;
	5d74   :   13;
	5d75   :   00;
	5d76   :   00;
	5d77   :   00;
	5d78   :   17;
	5d79   :   0e;
	5d7a   :   0f;
	5d7b   :   0f;
	5d7c   :   13;
	5d7d   :   00;
	5d7e   :   00;
	5d7f   :   00;
	5d80   :   0e;
	5d81   :   0e;
	5d82   :   06;
	5d83   :   0f;
	5d84   :   13;
	5d85   :   00;
	5d86   :   00;
	5d87   :   00;
	5d88   :   0f;
	5d89   :   0f;
	5d8a   :   0f;
	5d8b   :   0f;
	5d8c   :   13;
	5d8d   :   00;
	5d8e   :   00;
	5d8f   :   00;
	5d90   :   0f;
	5d91   :   0f;
	5d92   :   17;
	5d93   :   17;
	5d94   :   13;
	5d95   :   00;
	5d96   :   00;
	5d97   :   00;
	5d98   :   17;
	5d99   :   0f;
	5d9a   :   0e;
	5d9b   :   06;
	5d9c   :   13;
	5d9d   :   00;
	5d9e   :   00;
	5d9f   :   00;
	5da0   :   05;
	5da1   :   04;
	5da2   :   04;
	5da3   :   03;
	5da4   :   13;
	5da5   :   00;
	5da6   :   00;
	5da7   :   00;
	5da8   :   03;
	5da9   :   03;
	5daa   :   0d;
	5dab   :   0e;
	5dac   :   13;
	5dad   :   00;
	5dae   :   00;
	5daf   :   00;
	5db0   :   05;
	5db1   :   0e;
	5db2   :   0e;
	5db3   :   06;
	5db4   :   13;
	5db5   :   00;
	5db6   :   00;
	5db7   :   00;
	5db8   :   05;
	5db9   :   04;
	5dba   :   03;
	5dbb   :   0d;
	5dbc   :   13;
	5dbd   :   00;
	5dbe   :   00;
	5dbf   :   00;
	5dc0   :   05;
	5dc1   :   05;
	5dc2   :   0e;
	5dc3   :   05;
	5dc4   :   13;
	5dc5   :   00;
	5dc6   :   00;
	5dc7   :   00;
	5dc8   :   04;
	5dc9   :   04;
	5dca   :   05;
	5dcb   :   06;
	5dcc   :   13;
	5dcd   :   00;
	5dce   :   00;
	5dcf   :   00;
	5dd0   :   0d;
	5dd1   :   0e;
	5dd2   :   05;
	5dd3   :   03;
	5dd4   :   13;
	5dd5   :   00;
	5dd6   :   00;
	5dd7   :   00;
	5dd8   :   04;
	5dd9   :   02;
	5dda   :   02;
	5ddb   :   02;
	5ddc   :   13;
	5ddd   :   00;
	5dde   :   00;
	5ddf   :   00;
	5de0   :   02;
	5de1   :   02;
	5de2   :   03;
	5de3   :   03;
	5de4   :   13;
	5de5   :   00;
	5de6   :   00;
	5de7   :   00;
	5de8   :   02;
	5de9   :   03;
	5dea   :   01;
	5deb   :   02;
	5dec   :   13;
	5ded   :   00;
	5dee   :   00;
	5def   :   00;
	5df0   :   06;
	5df1   :   16;
	5df2   :   14;
	5df3   :   16;
	5df4   :   13;
	5df5   :   00;
	5df6   :   00;
	5df7   :   00;
	5df8   :   0c;
	5df9   :   01;
	5dfa   :   03;
	5dfb   :   05;
	5dfc   :   13;
	5dfd   :   00;
	5dfe   :   00;
	5dff   :   00;
	5e00   :   04;
	5e01   :   02;
	5e02   :   02;
	5e03   :   03;
	5e04   :   13;
	5e05   :   00;
	5e06   :   00;
	5e07   :   00;
	5e08   :   03;
	5e09   :   05;
	5e0a   :   0e;
	5e0b   :   06;
	5e0c   :   13;
	5e0d   :   00;
	5e0e   :   00;
	5e0f   :   00;
	5e10   :   06;
	5e11   :   0e;
	5e12   :   0e;
	5e13   :   0e;
	5e14   :   13;
	5e15   :   00;
	5e16   :   00;
	5e17   :   00;
	5e18   :   0e;
	5e19   :   0e;
	5e1a   :   0e;
	5e1b   :   06;
	5e1c   :   13;
	5e1d   :   00;
	5e1e   :   00;
	5e1f   :   00;
	5e20   :   05;
	5e21   :   04;
	5e22   :   03;
	5e23   :   05;
	5e24   :   13;
	5e25   :   00;
	5e26   :   00;
	5e27   :   00;
	5e28   :   05;
	5e29   :   04;
	5e2a   :   01;
	5e2b   :   01;
	5e2c   :   13;
	5e2d   :   00;
	5e2e   :   00;
	5e2f   :   00;
	5e30   :   00;
	5e31   :   00;
	5e32   :   00;
	5e33   :   09;
	5e34   :   13;
	5e35   :   00;
	5e36   :   00;
	5e37   :   00;
	5e38   :   09;
	5e39   :   09;
	5e3a   :   4a;
	5e3b   :   49;
	5e3c   :   13;
	5e3d   :   00;
	5e3e   :   00;
	5e3f   :   00;
	5e40   :   4a;
	5e41   :   53;
	5e42   :   01;
	5e43   :   09;
	5e44   :   13;
	5e45   :   00;
	5e46   :   00;
	5e47   :   00;
	5e48   :   52;
	5e49   :   0a;
	5e4a   :   00;
	5e4b   :   01;
	5e4c   :   13;
	5e4d   :   00;
	5e4e   :   00;
	5e4f   :   00;
	5e50   :   02;
	5e51   :   0b;
	5e52   :   1f;
	5e53   :   1f;
	5e54   :   13;
	5e55   :   00;
	5e56   :   00;
	5e57   :   00;
	5e58   :   1f;
	5e59   :   1f;
	5e5a   :   1f;
	5e5b   :   1f;
	5e5c   :   13;
	5e5d   :   00;
	5e5e   :   00;
	5e5f   :   00;
	5e60   :   1f;
	5e61   :   1f;
	5e62   :   1f;
	5e63   :   13;
	5e64   :   13;
	5e65   :   00;
	5e66   :   00;
	5e67   :   00;
	5e68   :   01;
	5e69   :   01;
	5e6a   :   01;
	5e6b   :   01;
	5e6c   :   13;
	5e6d   :   00;
	5e6e   :   00;
	5e6f   :   00;
	5e70   :   0a;
	5e71   :   12;
	5e72   :   53;
	5e73   :   53;
	5e74   :   13;
	5e75   :   00;
	5e76   :   00;
	5e77   :   00;
	5e78   :   0e;
	5e79   :   0f;
	5e7a   :   0f;
	5e7b   :   0f;
	5e7c   :   13;
	5e7d   :   00;
	5e7e   :   00;
	5e7f   :   00;
	5e80   :   0f;
	5e81   :   0f;
	5e82   :   0f;
	5e83   :   0f;
	5e84   :   13;
	5e85   :   00;
	5e86   :   00;
	5e87   :   00;
	5e88   :   0f;
	5e89   :   0f;
	5e8a   :   17;
	5e8b   :   27;
	5e8c   :   13;
	5e8d   :   00;
	5e8e   :   00;
	5e8f   :   00;
	5e90   :   27;
	5e91   :   1f;
	5e92   :   1f;
	5e93   :   1f;
	5e94   :   13;
	5e95   :   00;
	5e96   :   00;
	5e97   :   00;
	5e98   :   1f;
	5e99   :   1f;
	5e9a   :   17;
	5e9b   :   1f;
	5e9c   :   13;
	5e9d   :   00;
	5e9e   :   00;
	5e9f   :   00;
	5ea0   :   1f;
	5ea1   :   67;
	5ea2   :   67;
	5ea3   :   16;
	5ea4   :   13;
	5ea5   :   00;
	5ea6   :   00;
	5ea7   :   00;
	5ea8   :   0e;
	5ea9   :   17;
	5eaa   :   17;
	5eab   :   0f;
	5eac   :   13;
	5ead   :   00;
	5eae   :   00;
	5eaf   :   00;
	5eb0   :   0f;
	5eb1   :   0e;
	5eb2   :   27;
	5eb3   :   1f;
	5eb4   :   13;
	5eb5   :   00;
	5eb6   :   00;
	5eb7   :   00;
	5eb8   :   0f;
	5eb9   :   0e;
	5eba   :   0e;
	5ebb   :   05;
	5ebc   :   13;
	5ebd   :   00;
	5ebe   :   00;
	5ebf   :   00;
	5ec0   :   05;
	5ec1   :   06;
	5ec2   :   0e;
	5ec3   :   0f;
	5ec4   :   13;
	5ec5   :   00;
	5ec6   :   00;
	5ec7   :   00;
	5ec8   :   0f;
	5ec9   :   0f;
	5eca   :   0f;
	5ecb   :   0e;
	5ecc   :   13;
	5ecd   :   00;
	5ece   :   00;
	5ecf   :   00;
	5ed0   :   0f;
	5ed1   :   0f;
	5ed2   :   0f;
	5ed3   :   0f;
	5ed4   :   13;
	5ed5   :   00;
	5ed6   :   00;
	5ed7   :   00;
	5ed8   :   0f;
	5ed9   :   0f;
	5eda   :   17;
	5edb   :   16;
	5edc   :   13;
	5edd   :   00;
	5ede   :   00;
	5edf   :   00;
	5ee0   :   0e;
	5ee1   :   0e;
	5ee2   :   0e;
	5ee3   :   06;
	5ee4   :   13;
	5ee5   :   00;
	5ee6   :   00;
	5ee7   :   00;
	5ee8   :   05;
	5ee9   :   04;
	5eea   :   04;
	5eeb   :   05;
	5eec   :   13;
	5eed   :   00;
	5eee   :   00;
	5eef   :   00;
	5ef0   :   0e;
	5ef1   :   05;
	5ef2   :   06;
	5ef3   :   05;
	5ef4   :   13;
	5ef5   :   00;
	5ef6   :   00;
	5ef7   :   00;
	5ef8   :   04;
	5ef9   :   04;
	5efa   :   03;
	5efb   :   03;
	5efc   :   13;
	5efd   :   00;
	5efe   :   00;
	5eff   :   00;
	5f00   :   04;
	5f01   :   05;
	5f02   :   05;
	5f03   :   04;
	5f04   :   13;
	5f05   :   00;
	5f06   :   00;
	5f07   :   00;
	5f08   :   05;
	5f09   :   05;
	5f0a   :   0e;
	5f0b   :   05;
	5f0c   :   13;
	5f0d   :   00;
	5f0e   :   00;
	5f0f   :   00;
	5f10   :   04;
	5f11   :   04;
	5f12   :   0d;
	5f13   :   05;
	5f14   :   13;
	5f15   :   00;
	5f16   :   00;
	5f17   :   00;
	5f18   :   03;
	5f19   :   03;
	5f1a   :   03;
	5f1b   :   02;
	5f1c   :   13;
	5f1d   :   00;
	5f1e   :   00;
	5f1f   :   00;
	5f20   :   02;
	5f21   :   03;
	5f22   :   04;
	5f23   :   04;
	5f24   :   13;
	5f25   :   00;
	5f26   :   00;
	5f27   :   00;
	5f28   :   02;
	5f29   :   03;
	5f2a   :   04;
	5f2b   :   0e;
	5f2c   :   13;
	5f2d   :   00;
	5f2e   :   00;
	5f2f   :   00;
	5f30   :   14;
	5f31   :   13;
	5f32   :   0b;
	5f33   :   0d;
	5f34   :   13;
	5f35   :   00;
	5f36   :   00;
	5f37   :   00;
	5f38   :   0d;
	5f39   :   03;
	5f3a   :   05;
	5f3b   :   04;
	5f3c   :   13;
	5f3d   :   00;
	5f3e   :   00;
	5f3f   :   00;
	5f40   :   01;
	5f41   :   02;
	5f42   :   03;
	5f43   :   04;
	5f44   :   13;
	5f45   :   00;
	5f46   :   00;
	5f47   :   00;
	5f48   :   03;
	5f49   :   03;
	5f4a   :   05;
	5f4b   :   06;
	5f4c   :   13;
	5f4d   :   00;
	5f4e   :   00;
	5f4f   :   00;
	5f50   :   0e;
	5f51   :   0e;
	5f52   :   0e;
	5f53   :   0e;
	5f54   :   13;
	5f55   :   00;
	5f56   :   00;
	5f57   :   00;
	5f58   :   05;
	5f59   :   04;
	5f5a   :   04;
	5f5b   :   05;
	5f5c   :   13;
	5f5d   :   00;
	5f5e   :   00;
	5f5f   :   00;
	5f60   :   0d;
	5f61   :   0d;
	5f62   :   0e;
	5f63   :   0f;
	5f64   :   13;
	5f65   :   00;
	5f66   :   00;
	5f67   :   00;
	5f68   :   0e;
	5f69   :   02;
	5f6a   :   01;
	5f6b   :   01;
	5f6c   :   13;
	5f6d   :   00;
	5f6e   :   00;
	5f6f   :   00;
	5f70   :   01;
	5f71   :   01;
	5f72   :   01;
	5f73   :   00;
	5f74   :   13;
	5f75   :   00;
	5f76   :   00;
	5f77   :   00;
	5f78   :   01;
	5f79   :   0b;
	5f7a   :   4a;
	5f7b   :   0a;
	5f7c   :   13;
	5f7d   :   00;
	5f7e   :   00;
	5f7f   :   00;
	5f80   :   53;
	5f81   :   4a;
	5f82   :   49;
	5f83   :   00;
	5f84   :   13;
	5f85   :   00;
	5f86   :   00;
	5f87   :   00;
	5f88   :   52;
	5f89   :   01;
	5f8a   :   01;
	5f8b   :   01;
	5f8c   :   13;
	5f8d   :   00;
	5f8e   :   00;
	5f8f   :   00;
	5f90   :   01;
	5f91   :   01;
	5f92   :   03;
	5f93   :   16;
	5f94   :   13;
	5f95   :   00;
	5f96   :   00;
	5f97   :   00;
	5f98   :   1f;
	5f99   :   1f;
	5f9a   :   1f;
	5f9b   :   17;
	5f9c   :   13;
	5f9d   :   00;
	5f9e   :   00;
	5f9f   :   00;
	5fa0   :   17;
	5fa1   :   17;
	5fa2   :   0f;
	5fa3   :   0e;
	5fa4   :   13;
	5fa5   :   00;
	5fa6   :   00;
	5fa7   :   00;
	5fa8   :   0a;
	5fa9   :   01;
	5faa   :   01;
	5fab   :   01;
	5fac   :   13;
	5fad   :   00;
	5fae   :   00;
	5faf   :   00;
	5fb0   :   09;
	5fb1   :   0a;
	5fb2   :   53;
	5fb3   :   0c;
	5fb4   :   13;
	5fb5   :   00;
	5fb6   :   00;
	5fb7   :   00;
	5fb8   :   07;
	5fb9   :   0f;
	5fba   :   0f;
	5fbb   :   0f;
	5fbc   :   13;
	5fbd   :   00;
	5fbe   :   00;
	5fbf   :   00;
	5fc0   :   0f;
	5fc1   :   0f;
	5fc2   :   0f;
	5fc3   :   0f;
	5fc4   :   13;
	5fc5   :   00;
	5fc6   :   00;
	5fc7   :   00;
	5fc8   :   17;
	5fc9   :   1f;
	5fca   :   1f;
	5fcb   :   1f;
	5fcc   :   13;
	5fcd   :   00;
	5fce   :   00;
	5fcf   :   00;
	5fd0   :   17;
	5fd1   :   17;
	5fd2   :   5f;
	5fd3   :   67;
	5fd4   :   13;
	5fd5   :   00;
	5fd6   :   00;
	5fd7   :   00;
	5fd8   :   67;
	5fd9   :   2f;
	5fda   :   27;
	5fdb   :   1f;
	5fdc   :   13;
	5fdd   :   00;
	5fde   :   00;
	5fdf   :   00;
	5fe0   :   1f;
	5fe1   :   1f;
	5fe2   :   27;
	5fe3   :   27;
	5fe4   :   13;
	5fe5   :   00;
	5fe6   :   00;
	5fe7   :   00;
	5fe8   :   15;
	5fe9   :   0e;
	5fea   :   0e;
	5feb   :   0e;
	5fec   :   13;
	5fed   :   00;
	5fee   :   00;
	5fef   :   00;
	5ff0   :   0f;
	5ff1   :   17;
	5ff2   :   27;
	5ff3   :   1f;
	5ff4   :   13;
	5ff5   :   00;
	5ff6   :   00;
	5ff7   :   00;
	5ff8   :   0f;
	5ff9   :   06;
	5ffa   :   05;
	5ffb   :   04;
	5ffc   :   13;
	5ffd   :   00;
	5ffe   :   00;
	5fff   :   00;
	6000   :   04;
	6001   :   05;
	6002   :   05;
	6003   :   05;
	6004   :   13;
	6005   :   00;
	6006   :   00;
	6007   :   00;
	6008   :   05;
	6009   :   06;
	600a   :   0e;
	600b   :   0e;
	600c   :   13;
	600d   :   00;
	600e   :   00;
	600f   :   00;
	6010   :   0e;
	6011   :   0e;
	6012   :   0e;
	6013   :   0e;
	6014   :   13;
	6015   :   00;
	6016   :   00;
	6017   :   00;
	6018   :   06;
	6019   :   06;
	601a   :   0e;
	601b   :   0f;
	601c   :   13;
	601d   :   00;
	601e   :   00;
	601f   :   00;
	6020   :   0f;
	6021   :   17;
	6022   :   17;
	6023   :   17;
	6024   :   13;
	6025   :   00;
	6026   :   00;
	6027   :   00;
	6028   :   0e;
	6029   :   0e;
	602a   :   05;
	602b   :   04;
	602c   :   13;
	602d   :   00;
	602e   :   00;
	602f   :   00;
	6030   :   0e;
	6031   :   0e;
	6032   :   0e;
	6033   :   0e;
	6034   :   13;
	6035   :   00;
	6036   :   00;
	6037   :   00;
	6038   :   05;
	6039   :   04;
	603a   :   05;
	603b   :   0e;
	603c   :   13;
	603d   :   00;
	603e   :   00;
	603f   :   00;
	6040   :   05;
	6041   :   05;
	6042   :   04;
	6043   :   04;
	6044   :   13;
	6045   :   00;
	6046   :   00;
	6047   :   00;
	6048   :   06;
	6049   :   05;
	604a   :   04;
	604b   :   03;
	604c   :   13;
	604d   :   00;
	604e   :   00;
	604f   :   00;
	6050   :   03;
	6051   :   0d;
	6052   :   0f;
	6053   :   05;
	6054   :   13;
	6055   :   00;
	6056   :   00;
	6057   :   00;
	6058   :   04;
	6059   :   03;
	605a   :   02;
	605b   :   03;
	605c   :   13;
	605d   :   00;
	605e   :   00;
	605f   :   00;
	6060   :   02;
	6061   :   01;
	6062   :   01;
	6063   :   02;
	6064   :   13;
	6065   :   00;
	6066   :   00;
	6067   :   00;
	6068   :   02;
	6069   :   02;
	606a   :   02;
	606b   :   0a;
	606c   :   13;
	606d   :   00;
	606e   :   00;
	606f   :   00;
	6070   :   0a;
	6071   :   02;
	6072   :   03;
	6073   :   03;
	6074   :   13;
	6075   :   00;
	6076   :   00;
	6077   :   00;
	6078   :   0d;
	6079   :   0e;
	607a   :   05;
	607b   :   03;
	607c   :   13;
	607d   :   00;
	607e   :   00;
	607f   :   00;
	6080   :   04;
	6081   :   05;
	6082   :   05;
	6083   :   04;
	6084   :   13;
	6085   :   00;
	6086   :   00;
	6087   :   00;
	6088   :   02;
	6089   :   01;
	608a   :   03;
	608b   :   04;
	608c   :   13;
	608d   :   00;
	608e   :   00;
	608f   :   00;
	6090   :   05;
	6091   :   05;
	6092   :   05;
	6093   :   05;
	6094   :   13;
	6095   :   00;
	6096   :   00;
	6097   :   00;
	6098   :   05;
	6099   :   0e;
	609a   :   0e;
	609b   :   0f;
	609c   :   13;
	609d   :   00;
	609e   :   00;
	609f   :   00;
	60a0   :   0f;
	60a1   :   0f;
	60a2   :   05;
	60a3   :   04;
	60a4   :   13;
	60a5   :   00;
	60a6   :   00;
	60a7   :   00;
	60a8   :   02;
	60a9   :   01;
	60aa   :   01;
	60ab   :   02;
	60ac   :   13;
	60ad   :   00;
	60ae   :   00;
	60af   :   00;
	60b0   :   01;
	60b1   :   01;
	60b2   :   01;
	60b3   :   01;
	60b4   :   13;
	60b5   :   00;
	60b6   :   00;
	60b7   :   00;
	60b8   :   13;
	60b9   :   09;
	60ba   :   10;
	60bb   :   53;
	60bc   :   13;
	60bd   :   00;
	60be   :   00;
	60bf   :   00;
	60c0   :   52;
	60c1   :   09;
	60c2   :   0a;
	60c3   :   0a;
	60c4   :   13;
	60c5   :   00;
	60c6   :   00;
	60c7   :   00;
	60c8   :   4a;
	60c9   :   0a;
	60ca   :   01;
	60cb   :   01;
	60cc   :   13;
	60cd   :   00;
	60ce   :   00;
	60cf   :   00;
	60d0   :   01;
	60d1   :   01;
	60d2   :   01;
	60d3   :   01;
	60d4   :   13;
	60d5   :   00;
	60d6   :   00;
	60d7   :   00;
	60d8   :   0b;
	60d9   :   0d;
	60da   :   0d;
	60db   :   0d;
	60dc   :   13;
	60dd   :   00;
	60de   :   00;
	60df   :   00;
	60e0   :   0f;
	60e1   :   0f;
	60e2   :   0f;
	60e3   :   0f;
	60e4   :   13;
	60e5   :   00;
	60e6   :   00;
	60e7   :   00;
	60e8   :   0b;
	60e9   :   01;
	60ea   :   01;
	60eb   :   01;
	60ec   :   13;
	60ed   :   00;
	60ee   :   00;
	60ef   :   00;
	60f0   :   01;
	60f1   :   0a;
	60f2   :   12;
	60f3   :   14;
	60f4   :   13;
	60f5   :   00;
	60f6   :   00;
	60f7   :   00;
	60f8   :   17;
	60f9   :   17;
	60fa   :   17;
	60fb   :   17;
	60fc   :   13;
	60fd   :   00;
	60fe   :   00;
	60ff   :   00;
	6100   :   17;
	6101   :   17;
	6102   :   1f;
	6103   :   1f;
	6104   :   13;
	6105   :   00;
	6106   :   00;
	6107   :   00;
	6108   :   27;
	6109   :   1f;
	610a   :   1f;
	610b   :   1f;
	610c   :   13;
	610d   :   00;
	610e   :   00;
	610f   :   00;
	6110   :   17;
	6111   :   17;
	6112   :   1f;
	6113   :   17;
	6114   :   13;
	6115   :   00;
	6116   :   00;
	6117   :   00;
	6118   :   1f;
	6119   :   27;
	611a   :   27;
	611b   :   27;
	611c   :   13;
	611d   :   00;
	611e   :   00;
	611f   :   00;
	6120   :   15;
	6121   :   15;
	6122   :   15;
	6123   :   27;
	6124   :   13;
	6125   :   00;
	6126   :   00;
	6127   :   00;
	6128   :   1d;
	6129   :   0d;
	612a   :   0e;
	612b   :   0e;
	612c   :   13;
	612d   :   00;
	612e   :   00;
	612f   :   00;
	6130   :   0d;
	6131   :   1e;
	6132   :   27;
	6133   :   17;
	6134   :   13;
	6135   :   00;
	6136   :   00;
	6137   :   00;
	6138   :   0e;
	6139   :   05;
	613a   :   04;
	613b   :   04;
	613c   :   13;
	613d   :   00;
	613e   :   00;
	613f   :   00;
	6140   :   04;
	6141   :   04;
	6142   :   04;
	6143   :   04;
	6144   :   13;
	6145   :   00;
	6146   :   00;
	6147   :   00;
	6148   :   04;
	6149   :   04;
	614a   :   04;
	614b   :   04;
	614c   :   13;
	614d   :   00;
	614e   :   00;
	614f   :   00;
	6150   :   04;
	6151   :   05;
	6152   :   05;
	6153   :   05;
	6154   :   13;
	6155   :   00;
	6156   :   00;
	6157   :   00;
	6158   :   05;
	6159   :   05;
	615a   :   04;
	615b   :   0e;
	615c   :   13;
	615d   :   00;
	615e   :   00;
	615f   :   00;
	6160   :   0f;
	6161   :   0f;
	6162   :   0f;
	6163   :   0f;
	6164   :   13;
	6165   :   00;
	6166   :   00;
	6167   :   00;
	6168   :   0f;
	6169   :   0f;
	616a   :   16;
	616b   :   0d;
	616c   :   13;
	616d   :   00;
	616e   :   00;
	616f   :   00;
	6170   :   05;
	6171   :   06;
	6172   :   0f;
	6173   :   0d;
	6174   :   13;
	6175   :   00;
	6176   :   00;
	6177   :   00;
	6178   :   05;
	6179   :   04;
	617a   :   04;
	617b   :   04;
	617c   :   13;
	617d   :   00;
	617e   :   00;
	617f   :   00;
	6180   :   06;
	6181   :   05;
	6182   :   05;
	6183   :   06;
	6184   :   13;
	6185   :   00;
	6186   :   00;
	6187   :   00;
	6188   :   05;
	6189   :   05;
	618a   :   04;
	618b   :   0c;
	618c   :   13;
	618d   :   00;
	618e   :   00;
	618f   :   00;
	6190   :   0d;
	6191   :   0e;
	6192   :   05;
	6193   :   03;
	6194   :   13;
	6195   :   00;
	6196   :   00;
	6197   :   00;
	6198   :   02;
	6199   :   02;
	619a   :   01;
	619b   :   01;
	619c   :   13;
	619d   :   00;
	619e   :   00;
	619f   :   00;
	61a0   :   00;
	61a1   :   00;
	61a2   :   01;
	61a3   :   01;
	61a4   :   13;
	61a5   :   00;
	61a6   :   00;
	61a7   :   00;
	61a8   :   02;
	61a9   :   0a;
	61aa   :   0a;
	61ab   :   02;
	61ac   :   13;
	61ad   :   00;
	61ae   :   00;
	61af   :   00;
	61b0   :   01;
	61b1   :   01;
	61b2   :   0b;
	61b3   :   0c;
	61b4   :   13;
	61b5   :   00;
	61b6   :   00;
	61b7   :   00;
	61b8   :   0d;
	61b9   :   0e;
	61ba   :   05;
	61bb   :   05;
	61bc   :   13;
	61bd   :   00;
	61be   :   00;
	61bf   :   00;
	61c0   :   05;
	61c1   :   0e;
	61c2   :   05;
	61c3   :   05;
	61c4   :   13;
	61c5   :   00;
	61c6   :   00;
	61c7   :   00;
	61c8   :   04;
	61c9   :   02;
	61ca   :   00;
	61cb   :   03;
	61cc   :   13;
	61cd   :   00;
	61ce   :   00;
	61cf   :   00;
	61d0   :   05;
	61d1   :   05;
	61d2   :   0e;
	61d3   :   0e;
	61d4   :   13;
	61d5   :   00;
	61d6   :   00;
	61d7   :   00;
	61d8   :   0e;
	61d9   :   0f;
	61da   :   0f;
	61db   :   0f;
	61dc   :   13;
	61dd   :   00;
	61de   :   00;
	61df   :   00;
	61e0   :   06;
	61e1   :   03;
	61e2   :   01;
	61e3   :   00;
	61e4   :   13;
	61e5   :   00;
	61e6   :   00;
	61e7   :   00;
	61e8   :   01;
	61e9   :   01;
	61ea   :   02;
	61eb   :   02;
	61ec   :   13;
	61ed   :   00;
	61ee   :   00;
	61ef   :   00;
	61f0   :   01;
	61f1   :   02;
	61f2   :   01;
	61f3   :   0b;
	61f4   :   13;
	61f5   :   00;
	61f6   :   00;
	61f7   :   00;
	61f8   :   0a;
	61f9   :   08;
	61fa   :   09;
	61fb   :   53;
	61fc   :   13;
	61fd   :   00;
	61fe   :   00;
	61ff   :   00;
	6200   :   4a;
	6201   :   09;
	6202   :   09;
	6203   :   53;
	6204   :   13;
	6205   :   00;
	6206   :   00;
	6207   :   00;
	6208   :   51;
	6209   :   52;
	620a   :   02;
	620b   :   01;
	620c   :   13;
	620d   :   00;
	620e   :   00;
	620f   :   00;
	6210   :   01;
	6211   :   01;
	6212   :   01;
	6213   :   02;
	6214   :   13;
	6215   :   00;
	6216   :   00;
	6217   :   00;
	6218   :   01;
	6219   :   02;
	621a   :   02;
	621b   :   02;
	621c   :   13;
	621d   :   00;
	621e   :   00;
	621f   :   00;
	6220   :   03;
	6221   :   16;
	6222   :   17;
	6223   :   17;
	6224   :   13;
	6225   :   00;
	6226   :   00;
	6227   :   00;
	6228   :   13;
	6229   :   01;
	622a   :   01;
	622b   :   01;
	622c   :   13;
	622d   :   00;
	622e   :   00;
	622f   :   00;
	6230   :   01;
	6231   :   0a;
	6232   :   12;
	6233   :   13;
	6234   :   13;
	6235   :   00;
	6236   :   00;
	6237   :   00;
	6238   :   1f;
	6239   :   1f;
	623a   :   1f;
	623b   :   1f;
	623c   :   13;
	623d   :   00;
	623e   :   00;
	623f   :   00;
	6240   :   1f;
	6241   :   1f;
	6242   :   1f;
	6243   :   1f;
	6244   :   13;
	6245   :   00;
	6246   :   00;
	6247   :   00;
	6248   :   1f;
	6249   :   1f;
	624a   :   17;
	624b   :   17;
	624c   :   13;
	624d   :   00;
	624e   :   00;
	624f   :   00;
	6250   :   1f;
	6251   :   17;
	6252   :   17;
	6253   :   1f;
	6254   :   13;
	6255   :   00;
	6256   :   00;
	6257   :   00;
	6258   :   1f;
	6259   :   1f;
	625a   :   1f;
	625b   :   16;
	625c   :   13;
	625d   :   00;
	625e   :   00;
	625f   :   00;
	6260   :   0d;
	6261   :   04;
	6262   :   04;
	6263   :   0d;
	6264   :   13;
	6265   :   00;
	6266   :   00;
	6267   :   00;
	6268   :   0d;
	6269   :   15;
	626a   :   16;
	626b   :   17;
	626c   :   13;
	626d   :   00;
	626e   :   00;
	626f   :   00;
	6270   :   17;
	6271   :   27;
	6272   :   1f;
	6273   :   0f;
	6274   :   13;
	6275   :   00;
	6276   :   00;
	6277   :   00;
	6278   :   0f;
	6279   :   06;
	627a   :   0e;
	627b   :   06;
	627c   :   13;
	627d   :   00;
	627e   :   00;
	627f   :   00;
	6280   :   03;
	6281   :   02;
	6282   :   02;
	6283   :   03;
	6284   :   13;
	6285   :   00;
	6286   :   00;
	6287   :   00;
	6288   :   05;
	6289   :   05;
	628a   :   04;
	628b   :   04;
	628c   :   13;
	628d   :   00;
	628e   :   00;
	628f   :   00;
	6290   :   04;
	6291   :   04;
	6292   :   04;
	6293   :   03;
	6294   :   13;
	6295   :   00;
	6296   :   00;
	6297   :   00;
	6298   :   03;
	6299   :   04;
	629a   :   0e;
	629b   :   0e;
	629c   :   13;
	629d   :   00;
	629e   :   00;
	629f   :   00;
	62a0   :   0f;
	62a1   :   0f;
	62a2   :   0f;
	62a3   :   0f;
	62a4   :   13;
	62a5   :   00;
	62a6   :   00;
	62a7   :   00;
	62a8   :   0e;
	62a9   :   0e;
	62aa   :   0e;
	62ab   :   0e;
	62ac   :   13;
	62ad   :   00;
	62ae   :   00;
	62af   :   00;
	62b0   :   0d;
	62b1   :   0d;
	62b2   :   0d;
	62b3   :   0e;
	62b4   :   13;
	62b5   :   00;
	62b6   :   00;
	62b7   :   00;
	62b8   :   05;
	62b9   :   04;
	62ba   :   02;
	62bb   :   0d;
	62bc   :   13;
	62bd   :   00;
	62be   :   00;
	62bf   :   00;
	62c0   :   04;
	62c1   :   05;
	62c2   :   05;
	62c3   :   05;
	62c4   :   13;
	62c5   :   00;
	62c6   :   00;
	62c7   :   00;
	62c8   :   0d;
	62c9   :   0d;
	62ca   :   0d;
	62cb   :   04;
	62cc   :   13;
	62cd   :   00;
	62ce   :   00;
	62cf   :   00;
	62d0   :   04;
	62d1   :   03;
	62d2   :   03;
	62d3   :   04;
	62d4   :   13;
	62d5   :   00;
	62d6   :   00;
	62d7   :   00;
	62d8   :   02;
	62d9   :   02;
	62da   :   01;
	62db   :   03;
	62dc   :   13;
	62dd   :   00;
	62de   :   00;
	62df   :   00;
	62e0   :   04;
	62e1   :   02;
	62e2   :   03;
	62e3   :   0d;
	62e4   :   13;
	62e5   :   00;
	62e6   :   00;
	62e7   :   00;
	62e8   :   02;
	62e9   :   00;
	62ea   :   02;
	62eb   :   02;
	62ec   :   13;
	62ed   :   00;
	62ee   :   00;
	62ef   :   00;
	62f0   :   03;
	62f1   :   03;
	62f2   :   04;
	62f3   :   05;
	62f4   :   13;
	62f5   :   00;
	62f6   :   00;
	62f7   :   00;
	62f8   :   06;
	62f9   :   06;
	62fa   :   05;
	62fb   :   06;
	62fc   :   13;
	62fd   :   00;
	62fe   :   00;
	62ff   :   00;
	6300   :   0e;
	6301   :   0e;
	6302   :   0e;
	6303   :   06;
	6304   :   13;
	6305   :   00;
	6306   :   00;
	6307   :   00;
	6308   :   05;
	6309   :   03;
	630a   :   01;
	630b   :   03;
	630c   :   13;
	630d   :   00;
	630e   :   00;
	630f   :   00;
	6310   :   05;
	6311   :   05;
	6312   :   05;
	6313   :   05;
	6314   :   13;
	6315   :   00;
	6316   :   00;
	6317   :   00;
	6318   :   0e;
	6319   :   0f;
	631a   :   05;
	631b   :   03;
	631c   :   13;
	631d   :   00;
	631e   :   00;
	631f   :   00;
	6320   :   02;
	6321   :   02;
	6322   :   01;
	6323   :   01;
	6324   :   13;
	6325   :   00;
	6326   :   00;
	6327   :   00;
	6328   :   01;
	6329   :   01;
	632a   :   02;
	632b   :   01;
	632c   :   13;
	632d   :   00;
	632e   :   00;
	632f   :   00;
	6330   :   02;
	6331   :   02;
	6332   :   01;
	6333   :   01;
	6334   :   13;
	6335   :   00;
	6336   :   00;
	6337   :   00;
	6338   :   08;
	6339   :   00;
	633a   :   01;
	633b   :   01;
	633c   :   13;
	633d   :   00;
	633e   :   00;
	633f   :   00;
	6340   :   09;
	6341   :   4a;
	6342   :   53;
	6343   :   52;
	6344   :   13;
	6345   :   00;
	6346   :   00;
	6347   :   00;
	6348   :   49;
	6349   :   0b;
	634a   :   02;
	634b   :   01;
	634c   :   13;
	634d   :   00;
	634e   :   00;
	634f   :   00;
	6350   :   01;
	6351   :   01;
	6352   :   02;
	6353   :   01;
	6354   :   13;
	6355   :   00;
	6356   :   00;
	6357   :   00;
	6358   :   01;
	6359   :   02;
	635a   :   02;
	635b   :   02;
	635c   :   13;
	635d   :   00;
	635e   :   00;
	635f   :   00;
	6360   :   0a;
	6361   :   02;
	6362   :   0c;
	6363   :   15;
	6364   :   13;
	6365   :   00;
	6366   :   00;
	6367   :   00;
	6368   :   0b;
	6369   :   01;
	636a   :   00;
	636b   :   01;
	636c   :   13;
	636d   :   00;
	636e   :   00;
	636f   :   00;
	6370   :   09;
	6371   :   0a;
	6372   :   12;
	6373   :   52;
	6374   :   13;
	6375   :   00;
	6376   :   00;
	6377   :   00;
	6378   :   0e;
	6379   :   0f;
	637a   :   0f;
	637b   :   17;
	637c   :   13;
	637d   :   00;
	637e   :   00;
	637f   :   00;
	6380   :   1f;
	6381   :   17;
	6382   :   17;
	6383   :   17;
	6384   :   13;
	6385   :   00;
	6386   :   00;
	6387   :   00;
	6388   :   1f;
	6389   :   17;
	638a   :   17;
	638b   :   17;
	638c   :   13;
	638d   :   00;
	638e   :   00;
	638f   :   00;
	6390   :   17;
	6391   :   1f;
	6392   :   1f;
	6393   :   1f;
	6394   :   13;
	6395   :   00;
	6396   :   00;
	6397   :   00;
	6398   :   1f;
	6399   :   1f;
	639a   :   16;
	639b   :   0d;
	639c   :   13;
	639d   :   00;
	639e   :   00;
	639f   :   00;
	63a0   :   0e;
	63a1   :   0d;
	63a2   :   0d;
	63a3   :   03;
	63a4   :   13;
	63a5   :   00;
	63a6   :   00;
	63a7   :   00;
	63a8   :   04;
	63a9   :   05;
	63aa   :   0d;
	63ab   :   16;
	63ac   :   13;
	63ad   :   00;
	63ae   :   00;
	63af   :   00;
	63b0   :   16;
	63b1   :   27;
	63b2   :   1f;
	63b3   :   0f;
	63b4   :   13;
	63b5   :   00;
	63b6   :   00;
	63b7   :   00;
	63b8   :   0f;
	63b9   :   0e;
	63ba   :   0f;
	63bb   :   0f;
	63bc   :   13;
	63bd   :   00;
	63be   :   00;
	63bf   :   00;
	63c0   :   0e;
	63c1   :   04;
	63c2   :   02;
	63c3   :   02;
	63c4   :   13;
	63c5   :   00;
	63c6   :   00;
	63c7   :   00;
	63c8   :   0d;
	63c9   :   0d;
	63ca   :   0d;
	63cb   :   0e;
	63cc   :   13;
	63cd   :   00;
	63ce   :   00;
	63cf   :   00;
	63d0   :   0e;
	63d1   :   05;
	63d2   :   04;
	63d3   :   02;
	63d4   :   13;
	63d5   :   00;
	63d6   :   00;
	63d7   :   00;
	63d8   :   02;
	63d9   :   03;
	63da   :   0f;
	63db   :   0f;
	63dc   :   13;
	63dd   :   00;
	63de   :   00;
	63df   :   00;
	63e0   :   0e;
	63e1   :   05;
	63e2   :   05;
	63e3   :   0f;
	63e4   :   13;
	63e5   :   00;
	63e6   :   00;
	63e7   :   00;
	63e8   :   0f;
	63e9   :   0f;
	63ea   :   0e;
	63eb   :   05;
	63ec   :   13;
	63ed   :   00;
	63ee   :   00;
	63ef   :   00;
	63f0   :   05;
	63f1   :   0e;
	63f2   :   0d;
	63f3   :   05;
	63f4   :   13;
	63f5   :   00;
	63f6   :   00;
	63f7   :   00;
	63f8   :   0e;
	63f9   :   04;
	63fa   :   02;
	63fb   :   0e;
	63fc   :   13;
	63fd   :   00;
	63fe   :   00;
	63ff   :   00;
	6400   :   04;
	6401   :   05;
	6402   :   04;
	6403   :   0e;
	6404   :   13;
	6405   :   00;
	6406   :   00;
	6407   :   00;
	6408   :   0e;
	6409   :   05;
	640a   :   04;
	640b   :   04;
	640c   :   13;
	640d   :   00;
	640e   :   00;
	640f   :   00;
	6410   :   04;
	6411   :   04;
	6412   :   03;
	6413   :   03;
	6414   :   13;
	6415   :   00;
	6416   :   00;
	6417   :   00;
	6418   :   04;
	6419   :   0d;
	641a   :   0d;
	641b   :   03;
	641c   :   13;
	641d   :   00;
	641e   :   00;
	641f   :   00;
	6420   :   04;
	6421   :   0d;
	6422   :   02;
	6423   :   02;
	6424   :   13;
	6425   :   00;
	6426   :   00;
	6427   :   00;
	6428   :   0c;
	6429   :   03;
	642a   :   02;
	642b   :   02;
	642c   :   13;
	642d   :   00;
	642e   :   00;
	642f   :   00;
	6430   :   02;
	6431   :   03;
	6432   :   04;
	6433   :   04;
	6434   :   13;
	6435   :   00;
	6436   :   00;
	6437   :   00;
	6438   :   04;
	6439   :   05;
	643a   :   06;
	643b   :   0f;
	643c   :   13;
	643d   :   00;
	643e   :   00;
	643f   :   00;
	6440   :   0e;
	6441   :   0e;
	6442   :   0e;
	6443   :   0e;
	6444   :   13;
	6445   :   00;
	6446   :   00;
	6447   :   00;
	6448   :   05;
	6449   :   03;
	644a   :   03;
	644b   :   03;
	644c   :   13;
	644d   :   00;
	644e   :   00;
	644f   :   00;
	6450   :   05;
	6451   :   04;
	6452   :   05;
	6453   :   05;
	6454   :   13;
	6455   :   00;
	6456   :   00;
	6457   :   00;
	6458   :   04;
	6459   :   03;
	645a   :   01;
	645b   :   01;
	645c   :   13;
	645d   :   00;
	645e   :   00;
	645f   :   00;
	6460   :   02;
	6461   :   02;
	6462   :   01;
	6463   :   02;
	6464   :   13;
	6465   :   00;
	6466   :   00;
	6467   :   00;
	6468   :   01;
	6469   :   01;
	646a   :   01;
	646b   :   01;
	646c   :   13;
	646d   :   00;
	646e   :   00;
	646f   :   00;
	6470   :   01;
	6471   :   00;
	6472   :   0b;
	6473   :   02;
	6474   :   13;
	6475   :   00;
	6476   :   00;
	6477   :   00;
	6478   :   02;
	6479   :   02;
	647a   :   01;
	647b   :   09;
	647c   :   13;
	647d   :   00;
	647e   :   00;
	647f   :   00;
	6480   :   01;
	6481   :   0a;
	6482   :   53;
	6483   :   4a;
	6484   :   13;
	6485   :   00;
	6486   :   00;
	6487   :   00;
	6488   :   0a;
	6489   :   0b;
	648a   :   01;
	648b   :   01;
	648c   :   13;
	648d   :   00;
	648e   :   00;
	648f   :   00;
	6490   :   01;
	6491   :   01;
	6492   :   02;
	6493   :   01;
	6494   :   13;
	6495   :   00;
	6496   :   00;
	6497   :   00;
	6498   :   01;
	6499   :   02;
	649a   :   02;
	649b   :   02;
	649c   :   13;
	649d   :   00;
	649e   :   00;
	649f   :   00;
	64a0   :   16;
	64a1   :   15;
	64a2   :   01;
	64a3   :   02;
	64a4   :   13;
	64a5   :   00;
	64a6   :   00;
	64a7   :   00;
	64a8   :   14;
	64a9   :   15;
	64aa   :   0a;
	64ab   :   0c;
	64ac   :   13;
	64ad   :   00;
	64ae   :   00;
	64af   :   00;
	64b0   :   15;
	64b1   :   14;
	64b2   :   12;
	64b3   :   5a;
	64b4   :   13;
	64b5   :   00;
	64b6   :   00;
	64b7   :   00;
	64b8   :   15;
	64b9   :   0f;
	64ba   :   0f;
	64bb   :   0f;
	64bc   :   13;
	64bd   :   00;
	64be   :   00;
	64bf   :   00;
	64c0   :   17;
	64c1   :   17;
	64c2   :   17;
	64c3   :   0e;
	64c4   :   13;
	64c5   :   00;
	64c6   :   00;
	64c7   :   00;
	64c8   :   17;
	64c9   :   17;
	64ca   :   17;
	64cb   :   17;
	64cc   :   13;
	64cd   :   00;
	64ce   :   00;
	64cf   :   00;
	64d0   :   17;
	64d1   :   1f;
	64d2   :   1f;
	64d3   :   27;
	64d4   :   13;
	64d5   :   00;
	64d6   :   00;
	64d7   :   00;
	64d8   :   27;
	64d9   :   17;
	64da   :   0d;
	64db   :   0d;
	64dc   :   13;
	64dd   :   00;
	64de   :   00;
	64df   :   00;
	64e0   :   0d;
	64e1   :   0d;
	64e2   :   0c;
	64e3   :   0a;
	64e4   :   13;
	64e5   :   00;
	64e6   :   00;
	64e7   :   00;
	64e8   :   02;
	64e9   :   03;
	64ea   :   0d;
	64eb   :   0e;
	64ec   :   13;
	64ed   :   00;
	64ee   :   00;
	64ef   :   00;
	64f0   :   0e;
	64f1   :   27;
	64f2   :   1f;
	64f3   :   0f;
	64f4   :   13;
	64f5   :   00;
	64f6   :   00;
	64f7   :   00;
	64f8   :   0f;
	64f9   :   06;
	64fa   :   0e;
	64fb   :   0f;
	64fc   :   13;
	64fd   :   00;
	64fe   :   00;
	64ff   :   00;
	6500   :   0f;
	6501   :   0e;
	6502   :   05;
	6503   :   05;
	6504   :   13;
	6505   :   00;
	6506   :   00;
	6507   :   00;
	6508   :   0e;
	6509   :   0f;
	650a   :   0e;
	650b   :   0e;
	650c   :   13;
	650d   :   00;
	650e   :   00;
	650f   :   00;
	6510   :   0e;
	6511   :   0e;
	6512   :   05;
	6513   :   04;
	6514   :   13;
	6515   :   00;
	6516   :   00;
	6517   :   00;
	6518   :   03;
	6519   :   03;
	651a   :   0e;
	651b   :   0f;
	651c   :   13;
	651d   :   00;
	651e   :   00;
	651f   :   00;
	6520   :   03;
	6521   :   03;
	6522   :   03;
	6523   :   04;
	6524   :   13;
	6525   :   00;
	6526   :   00;
	6527   :   00;
	6528   :   05;
	6529   :   05;
	652a   :   06;
	652b   :   0e;
	652c   :   13;
	652d   :   00;
	652e   :   00;
	652f   :   00;
	6530   :   05;
	6531   :   04;
	6532   :   04;
	6533   :   03;
	6534   :   13;
	6535   :   00;
	6536   :   00;
	6537   :   00;
	6538   :   05;
	6539   :   04;
	653a   :   01;
	653b   :   04;
	653c   :   13;
	653d   :   00;
	653e   :   00;
	653f   :   00;
	6540   :   05;
	6541   :   03;
	6542   :   0d;
	6543   :   0f;
	6544   :   13;
	6545   :   00;
	6546   :   00;
	6547   :   00;
	6548   :   0f;
	6549   :   0e;
	654a   :   05;
	654b   :   05;
	654c   :   13;
	654d   :   00;
	654e   :   00;
	654f   :   00;
	6550   :   05;
	6551   :   05;
	6552   :   0e;
	6553   :   05;
	6554   :   13;
	6555   :   00;
	6556   :   00;
	6557   :   00;
	6558   :   03;
	6559   :   03;
	655a   :   05;
	655b   :   0c;
	655c   :   13;
	655d   :   00;
	655e   :   00;
	655f   :   00;
	6560   :   02;
	6561   :   03;
	6562   :   04;
	6563   :   01;
	6564   :   13;
	6565   :   00;
	6566   :   00;
	6567   :   00;
	6568   :   03;
	6569   :   05;
	656a   :   04;
	656b   :   03;
	656c   :   13;
	656d   :   00;
	656e   :   00;
	656f   :   00;
	6570   :   04;
	6571   :   05;
	6572   :   04;
	6573   :   03;
	6574   :   13;
	6575   :   00;
	6576   :   00;
	6577   :   00;
	6578   :   05;
	6579   :   06;
	657a   :   0f;
	657b   :   0f;
	657c   :   13;
	657d   :   00;
	657e   :   00;
	657f   :   00;
	6580   :   0e;
	6581   :   0f;
	6582   :   0f;
	6583   :   0e;
	6584   :   13;
	6585   :   00;
	6586   :   00;
	6587   :   00;
	6588   :   05;
	6589   :   05;
	658a   :   04;
	658b   :   03;
	658c   :   13;
	658d   :   00;
	658e   :   00;
	658f   :   00;
	6590   :   04;
	6591   :   03;
	6592   :   02;
	6593   :   02;
	6594   :   13;
	6595   :   00;
	6596   :   00;
	6597   :   00;
	6598   :   01;
	6599   :   01;
	659a   :   01;
	659b   :   02;
	659c   :   13;
	659d   :   00;
	659e   :   00;
	659f   :   00;
	65a0   :   02;
	65a1   :   02;
	65a2   :   02;
	65a3   :   02;
	65a4   :   13;
	65a5   :   00;
	65a6   :   00;
	65a7   :   00;
	65a8   :   01;
	65a9   :   01;
	65aa   :   01;
	65ab   :   02;
	65ac   :   13;
	65ad   :   00;
	65ae   :   00;
	65af   :   00;
	65b0   :   01;
	65b1   :   0b;
	65b2   :   05;
	65b3   :   05;
	65b4   :   13;
	65b5   :   00;
	65b6   :   00;
	65b7   :   00;
	65b8   :   0e;
	65b9   :   0d;
	65ba   :   0a;
	65bb   :   0c;
	65bc   :   13;
	65bd   :   00;
	65be   :   00;
	65bf   :   00;
	65c0   :   0b;
	65c1   :   08;
	65c2   :   4a;
	65c3   :   0a;
	65c4   :   13;
	65c5   :   00;
	65c6   :   00;
	65c7   :   00;
	65c8   :   01;
	65c9   :   02;
	65ca   :   02;
	65cb   :   02;
	65cc   :   13;
	65cd   :   00;
	65ce   :   00;
	65cf   :   00;
	65d0   :   02;
	65d1   :   02;
	65d2   :   01;
	65d3   :   01;
	65d4   :   13;
	65d5   :   00;
	65d6   :   00;
	65d7   :   00;
	65d8   :   02;
	65d9   :   02;
	65da   :   00;
	65db   :   01;
	65dc   :   13;
	65dd   :   00;
	65de   :   00;
	65df   :   00;
	65e0   :   0e;
	65e1   :   1f;
	65e2   :   14;
	65e3   :   05;
	65e4   :   13;
	65e5   :   00;
	65e6   :   00;
	65e7   :   00;
	65e8   :   05;
	65e9   :   05;
	65ea   :   0d;
	65eb   :   04;
	65ec   :   13;
	65ed   :   00;
	65ee   :   00;
	65ef   :   00;
	65f0   :   04;
	65f1   :   0d;
	65f2   :   0d;
	65f3   :   0d;
	65f4   :   13;
	65f5   :   00;
	65f6   :   00;
	65f7   :   00;
	65f8   :   16;
	65f9   :   0f;
	65fa   :   0f;
	65fb   :   0f;
	65fc   :   13;
	65fd   :   00;
	65fe   :   00;
	65ff   :   00;
	6600   :   0f;
	6601   :   0f;
	6602   :   0f;
	6603   :   0f;
	6604   :   13;
	6605   :   00;
	6606   :   00;
	6607   :   00;
	6608   :   0f;
	6609   :   17;
	660a   :   17;
	660b   :   17;
	660c   :   13;
	660d   :   00;
	660e   :   00;
	660f   :   00;
	6610   :   1f;
	6611   :   1f;
	6612   :   1f;
	6613   :   16;
	6614   :   13;
	6615   :   00;
	6616   :   00;
	6617   :   00;
	6618   :   0d;
	6619   :   0e;
	661a   :   04;
	661b   :   0e;
	661c   :   13;
	661d   :   00;
	661e   :   00;
	661f   :   00;
	6620   :   0d;
	6621   :   0e;
	6622   :   05;
	6623   :   0b;
	6624   :   13;
	6625   :   00;
	6626   :   00;
	6627   :   00;
	6628   :   0b;
	6629   :   05;
	662a   :   04;
	662b   :   03;
	662c   :   13;
	662d   :   00;
	662e   :   00;
	662f   :   00;
	6630   :   0d;
	6631   :   27;
	6632   :   17;
	6633   :   0e;
	6634   :   13;
	6635   :   00;
	6636   :   00;
	6637   :   00;
	6638   :   0f;
	6639   :   0e;
	663a   :   05;
	663b   :   0e;
	663c   :   13;
	663d   :   00;
	663e   :   00;
	663f   :   00;
	6640   :   0e;
	6641   :   0e;
	6642   :   0e;
	6643   :   06;
	6644   :   13;
	6645   :   00;
	6646   :   00;
	6647   :   00;
	6648   :   0e;
	6649   :   17;
	664a   :   0e;
	664b   :   0e;
	664c   :   13;
	664d   :   00;
	664e   :   00;
	664f   :   00;
	6650   :   0e;
	6651   :   0e;
	6652   :   05;
	6653   :   05;
	6654   :   13;
	6655   :   00;
	6656   :   00;
	6657   :   00;
	6658   :   04;
	6659   :   05;
	665a   :   0e;
	665b   :   0e;
	665c   :   13;
	665d   :   00;
	665e   :   00;
	665f   :   00;
	6660   :   02;
	6661   :   04;
	6662   :   04;
	6663   :   03;
	6664   :   13;
	6665   :   00;
	6666   :   00;
	6667   :   00;
	6668   :   0d;
	6669   :   04;
	666a   :   03;
	666b   :   05;
	666c   :   13;
	666d   :   00;
	666e   :   00;
	666f   :   00;
	6670   :   05;
	6671   :   02;
	6672   :   01;
	6673   :   03;
	6674   :   13;
	6675   :   00;
	6676   :   00;
	6677   :   00;
	6678   :   04;
	6679   :   05;
	667a   :   03;
	667b   :   0e;
	667c   :   13;
	667d   :   00;
	667e   :   00;
	667f   :   00;
	6680   :   03;
	6681   :   03;
	6682   :   0f;
	6683   :   06;
	6684   :   13;
	6685   :   00;
	6686   :   00;
	6687   :   00;
	6688   :   0d;
	6689   :   0d;
	668a   :   04;
	668b   :   04;
	668c   :   13;
	668d   :   00;
	668e   :   00;
	668f   :   00;
	6690   :   03;
	6691   :   02;
	6692   :   03;
	6693   :   04;
	6694   :   13;
	6695   :   00;
	6696   :   00;
	6697   :   00;
	6698   :   02;
	6699   :   01;
	669a   :   02;
	669b   :   03;
	669c   :   13;
	669d   :   00;
	669e   :   00;
	669f   :   00;
	66a0   :   03;
	66a1   :   01;
	66a2   :   02;
	66a3   :   02;
	66a4   :   13;
	66a5   :   00;
	66a6   :   00;
	66a7   :   00;
	66a8   :   01;
	66a9   :   02;
	66aa   :   01;
	66ab   :   00;
	66ac   :   13;
	66ad   :   00;
	66ae   :   00;
	66af   :   00;
	66b0   :   01;
	66b1   :   02;
	66b2   :   01;
	66b3   :   02;
	66b4   :   13;
	66b5   :   00;
	66b6   :   00;
	66b7   :   00;
	66b8   :   01;
	66b9   :   02;
	66ba   :   03;
	66bb   :   04;
	66bc   :   13;
	66bd   :   00;
	66be   :   00;
	66bf   :   00;
	66c0   :   04;
	66c1   :   04;
	66c2   :   05;
	66c3   :   04;
	66c4   :   13;
	66c5   :   00;
	66c6   :   00;
	66c7   :   00;
	66c8   :   02;
	66c9   :   02;
	66ca   :   01;
	66cb   :   01;
	66cc   :   13;
	66cd   :   00;
	66ce   :   00;
	66cf   :   00;
	66d0   :   01;
	66d1   :   01;
	66d2   :   01;
	66d3   :   01;
	66d4   :   13;
	66d5   :   00;
	66d6   :   00;
	66d7   :   00;
	66d8   :   02;
	66d9   :   02;
	66da   :   01;
	66db   :   02;
	66dc   :   13;
	66dd   :   00;
	66de   :   00;
	66df   :   00;
	66e0   :   02;
	66e1   :   01;
	66e2   :   03;
	66e3   :   02;
	66e4   :   13;
	66e5   :   00;
	66e6   :   00;
	66e7   :   00;
	66e8   :   02;
	66e9   :   03;
	66ea   :   01;
	66eb   :   03;
	66ec   :   13;
	66ed   :   00;
	66ee   :   00;
	66ef   :   00;
	66f0   :   0c;
	66f1   :   0d;
	66f2   :   04;
	66f3   :   0f;
	66f4   :   13;
	66f5   :   00;
	66f6   :   00;
	66f7   :   00;
	66f8   :   0f;
	66f9   :   0f;
	66fa   :   0f;
	66fb   :   0f;
	66fc   :   13;
	66fd   :   00;
	66fe   :   00;
	66ff   :   00;
	6700   :   0c;
	6701   :   01;
	6702   :   02;
	6703   :   02;
	6704   :   13;
	6705   :   00;
	6706   :   00;
	6707   :   00;
	6708   :   02;
	6709   :   02;
	670a   :   01;
	670b   :   02;
	670c   :   13;
	670d   :   00;
	670e   :   00;
	670f   :   00;
	6710   :   02;
	6711   :   02;
	6712   :   01;
	6713   :   02;
	6714   :   13;
	6715   :   00;
	6716   :   00;
	6717   :   00;
	6718   :   02;
	6719   :   01;
	671a   :   00;
	671b   :   00;
	671c   :   13;
	671d   :   00;
	671e   :   00;
	671f   :   00;
	6720   :   0c;
	6721   :   05;
	6722   :   0d;
	6723   :   03;
	6724   :   13;
	6725   :   00;
	6726   :   00;
	6727   :   00;
	6728   :   03;
	6729   :   03;
	672a   :   03;
	672b   :   03;
	672c   :   13;
	672d   :   00;
	672e   :   00;
	672f   :   00;
	6730   :   03;
	6731   :   02;
	6732   :   04;
	6733   :   03;
	6734   :   13;
	6735   :   00;
	6736   :   00;
	6737   :   00;
	6738   :   0c;
	6739   :   16;
	673a   :   0f;
	673b   :   0f;
	673c   :   13;
	673d   :   00;
	673e   :   00;
	673f   :   00;
	6740   :   0f;
	6741   :   0f;
	6742   :   0f;
	6743   :   0f;
	6744   :   13;
	6745   :   00;
	6746   :   00;
	6747   :   00;
	6748   :   0f;
	6749   :   0f;
	674a   :   17;
	674b   :   27;
	674c   :   13;
	674d   :   00;
	674e   :   00;
	674f   :   00;
	6750   :   1e;
	6751   :   17;
	6752   :   16;
	6753   :   16;
	6754   :   13;
	6755   :   00;
	6756   :   00;
	6757   :   00;
	6758   :   16;
	6759   :   0d;
	675a   :   0e;
	675b   :   04;
	675c   :   13;
	675d   :   00;
	675e   :   00;
	675f   :   00;
	6760   :   04;
	6761   :   04;
	6762   :   03;
	6763   :   04;
	6764   :   13;
	6765   :   00;
	6766   :   00;
	6767   :   00;
	6768   :   02;
	6769   :   0d;
	676a   :   0e;
	676b   :   04;
	676c   :   13;
	676d   :   00;
	676e   :   00;
	676f   :   00;
	6770   :   15;
	6771   :   27;
	6772   :   17;
	6773   :   0e;
	6774   :   13;
	6775   :   00;
	6776   :   00;
	6777   :   00;
	6778   :   0f;
	6779   :   0e;
	677a   :   05;
	677b   :   05;
	677c   :   13;
	677d   :   00;
	677e   :   00;
	677f   :   00;
	6780   :   05;
	6781   :   04;
	6782   :   04;
	6783   :   05;
	6784   :   13;
	6785   :   00;
	6786   :   00;
	6787   :   00;
	6788   :   0e;
	6789   :   17;
	678a   :   0e;
	678b   :   0e;
	678c   :   13;
	678d   :   00;
	678e   :   00;
	678f   :   00;
	6790   :   0e;
	6791   :   0e;
	6792   :   0e;
	6793   :   0e;
	6794   :   13;
	6795   :   00;
	6796   :   00;
	6797   :   00;
	6798   :   0e;
	6799   :   0d;
	679a   :   0f;
	679b   :   0d;
	679c   :   13;
	679d   :   00;
	679e   :   00;
	679f   :   00;
	67a0   :   04;
	67a1   :   0e;
	67a2   :   04;
	67a3   :   03;
	67a4   :   13;
	67a5   :   00;
	67a6   :   00;
	67a7   :   00;
	67a8   :   0d;
	67a9   :   0c;
	67aa   :   03;
	67ab   :   0e;
	67ac   :   13;
	67ad   :   00;
	67ae   :   00;
	67af   :   00;
	67b0   :   05;
	67b1   :   02;
	67b2   :   02;
	67b3   :   04;
	67b4   :   13;
	67b5   :   00;
	67b6   :   00;
	67b7   :   00;
	67b8   :   05;
	67b9   :   05;
	67ba   :   0e;
	67bb   :   05;
	67bc   :   13;
	67bd   :   00;
	67be   :   00;
	67bf   :   00;
	67c0   :   02;
	67c1   :   03;
	67c2   :   05;
	67c3   :   05;
	67c4   :   13;
	67c5   :   00;
	67c6   :   00;
	67c7   :   00;
	67c8   :   0e;
	67c9   :   03;
	67ca   :   02;
	67cb   :   01;
	67cc   :   13;
	67cd   :   00;
	67ce   :   00;
	67cf   :   00;
	67d0   :   01;
	67d1   :   00;
	67d2   :   01;
	67d3   :   01;
	67d4   :   13;
	67d5   :   00;
	67d6   :   00;
	67d7   :   00;
	67d8   :   02;
	67d9   :   01;
	67da   :   01;
	67db   :   02;
	67dc   :   13;
	67dd   :   00;
	67de   :   00;
	67df   :   00;
	67e0   :   01;
	67e1   :   02;
	67e2   :   01;
	67e3   :   01;
	67e4   :   13;
	67e5   :   00;
	67e6   :   00;
	67e7   :   00;
	67e8   :   01;
	67e9   :   01;
	67ea   :   01;
	67eb   :   01;
	67ec   :   13;
	67ed   :   00;
	67ee   :   00;
	67ef   :   00;
	67f0   :   01;
	67f1   :   01;
	67f2   :   01;
	67f3   :   01;
	67f4   :   13;
	67f5   :   00;
	67f6   :   00;
	67f7   :   00;
	67f8   :   00;
	67f9   :   01;
	67fa   :   01;
	67fb   :   01;
	67fc   :   13;
	67fd   :   00;
	67fe   :   00;
	67ff   :   00;
	6800   :   01;
	6801   :   01;
	6802   :   01;
	6803   :   02;
	6804   :   13;
	6805   :   00;
	6806   :   00;
	6807   :   00;
	6808   :   02;
	6809   :   02;
	680a   :   01;
	680b   :   01;
	680c   :   13;
	680d   :   00;
	680e   :   00;
	680f   :   00;
	6810   :   02;
	6811   :   03;
	6812   :   02;
	6813   :   02;
	6814   :   13;
	6815   :   00;
	6816   :   00;
	6817   :   00;
	6818   :   02;
	6819   :   02;
	681a   :   02;
	681b   :   02;
	681c   :   13;
	681d   :   00;
	681e   :   00;
	681f   :   00;
	6820   :   01;
	6821   :   03;
	6822   :   02;
	6823   :   02;
	6824   :   13;
	6825   :   00;
	6826   :   00;
	6827   :   00;
	6828   :   04;
	6829   :   02;
	682a   :   03;
	682b   :   03;
	682c   :   13;
	682d   :   00;
	682e   :   00;
	682f   :   00;
	6830   :   0e;
	6831   :   04;
	6832   :   06;
	6833   :   0e;
	6834   :   13;
	6835   :   00;
	6836   :   00;
	6837   :   00;
	6838   :   0f;
	6839   :   0f;
	683a   :   0f;
	683b   :   0f;
	683c   :   13;
	683d   :   00;
	683e   :   00;
	683f   :   00;
	6840   :   17;
	6841   :   0c;
	6842   :   01;
	6843   :   02;
	6844   :   13;
	6845   :   00;
	6846   :   00;
	6847   :   00;
	6848   :   02;
	6849   :   01;
	684a   :   02;
	684b   :   02;
	684c   :   13;
	684d   :   00;
	684e   :   00;
	684f   :   00;
	6850   :   02;
	6851   :   02;
	6852   :   03;
	6853   :   01;
	6854   :   13;
	6855   :   00;
	6856   :   00;
	6857   :   00;
	6858   :   02;
	6859   :   0b;
	685a   :   0a;
	685b   :   01;
	685c   :   13;
	685d   :   00;
	685e   :   00;
	685f   :   00;
	6860   :   02;
	6861   :   0d;
	6862   :   03;
	6863   :   03;
	6864   :   13;
	6865   :   00;
	6866   :   00;
	6867   :   00;
	6868   :   04;
	6869   :   03;
	686a   :   03;
	686b   :   05;
	686c   :   13;
	686d   :   00;
	686e   :   00;
	686f   :   00;
	6870   :   04;
	6871   :   04;
	6872   :   04;
	6873   :   04;
	6874   :   13;
	6875   :   00;
	6876   :   00;
	6877   :   00;
	6878   :   0e;
	6879   :   15;
	687a   :   16;
	687b   :   0f;
	687c   :   13;
	687d   :   00;
	687e   :   00;
	687f   :   00;
	6880   :   0f;
	6881   :   0f;
	6882   :   0f;
	6883   :   17;
	6884   :   13;
	6885   :   00;
	6886   :   00;
	6887   :   00;
	6888   :   0f;
	6889   :   0f;
	688a   :   17;
	688b   :   1f;
	688c   :   13;
	688d   :   00;
	688e   :   00;
	688f   :   00;
	6890   :   1f;
	6891   :   1f;
	6892   :   17;
	6893   :   17;
	6894   :   13;
	6895   :   00;
	6896   :   00;
	6897   :   00;
	6898   :   0e;
	6899   :   0d;
	689a   :   04;
	689b   :   03;
	689c   :   13;
	689d   :   00;
	689e   :   00;
	689f   :   00;
	68a0   :   04;
	68a1   :   04;
	68a2   :   04;
	68a3   :   04;
	68a4   :   13;
	68a5   :   00;
	68a6   :   00;
	68a7   :   00;
	68a8   :   01;
	68a9   :   02;
	68aa   :   0c;
	68ab   :   0c;
	68ac   :   13;
	68ad   :   00;
	68ae   :   00;
	68af   :   00;
	68b0   :   0d;
	68b1   :   1f;
	68b2   :   17;
	68b3   :   0f;
	68b4   :   13;
	68b5   :   00;
	68b6   :   00;
	68b7   :   00;
	68b8   :   07;
	68b9   :   0e;
	68ba   :   0e;
	68bb   :   0f;
	68bc   :   13;
	68bd   :   00;
	68be   :   00;
	68bf   :   00;
	68c0   :   0f;
	68c1   :   0e;
	68c2   :   04;
	68c3   :   04;
	68c4   :   13;
	68c5   :   00;
	68c6   :   00;
	68c7   :   00;
	68c8   :   17;
	68c9   :   0f;
	68ca   :   0e;
	68cb   :   0e;
	68cc   :   13;
	68cd   :   00;
	68ce   :   00;
	68cf   :   00;
	68d0   :   17;
	68d1   :   0e;
	68d2   :   0e;
	68d3   :   16;
	68d4   :   13;
	68d5   :   00;
	68d6   :   00;
	68d7   :   00;
	68d8   :   16;
	68d9   :   1e;
	68da   :   16;
	68db   :   1e;
	68dc   :   13;
	68dd   :   00;
	68de   :   00;
	68df   :   00;
	68e0   :   1f;
	68e1   :   17;
	68e2   :   0d;
	68e3   :   04;
	68e4   :   13;
	68e5   :   00;
	68e6   :   00;
	68e7   :   00;
	68e8   :   04;
	68e9   :   0e;
	68ea   :   0f;
	68eb   :   05;
	68ec   :   13;
	68ed   :   00;
	68ee   :   00;
	68ef   :   00;
	68f0   :   03;
	68f1   :   03;
	68f2   :   04;
	68f3   :   04;
	68f4   :   13;
	68f5   :   00;
	68f6   :   00;
	68f7   :   00;
	68f8   :   04;
	68f9   :   05;
	68fa   :   04;
	68fb   :   03;
	68fc   :   13;
	68fd   :   00;
	68fe   :   00;
	68ff   :   00;
	6900   :   01;
	6901   :   01;
	6902   :   03;
	6903   :   05;
	6904   :   13;
	6905   :   00;
	6906   :   00;
	6907   :   00;
	6908   :   03;
	6909   :   01;
	690a   :   01;
	690b   :   01;
	690c   :   13;
	690d   :   00;
	690e   :   00;
	690f   :   00;
	6910   :   01;
	6911   :   02;
	6912   :   02;
	6913   :   02;
	6914   :   13;
	6915   :   00;
	6916   :   00;
	6917   :   00;
	6918   :   01;
	6919   :   01;
	691a   :   03;
	691b   :   02;
	691c   :   13;
	691d   :   00;
	691e   :   00;
	691f   :   00;
	6920   :   01;
	6921   :   02;
	6922   :   02;
	6923   :   01;
	6924   :   13;
	6925   :   00;
	6926   :   00;
	6927   :   00;
	6928   :   02;
	6929   :   01;
	692a   :   02;
	692b   :   02;
	692c   :   13;
	692d   :   00;
	692e   :   00;
	692f   :   00;
	6930   :   01;
	6931   :   00;
	6932   :   01;
	6933   :   02;
	6934   :   13;
	6935   :   00;
	6936   :   00;
	6937   :   00;
	6938   :   03;
	6939   :   0c;
	693a   :   0b;
	693b   :   0b;
	693c   :   13;
	693d   :   00;
	693e   :   00;
	693f   :   00;
	6940   :   03;
	6941   :   03;
	6942   :   03;
	6943   :   02;
	6944   :   13;
	6945   :   00;
	6946   :   00;
	6947   :   00;
	6948   :   02;
	6949   :   02;
	694a   :   01;
	694b   :   02;
	694c   :   13;
	694d   :   00;
	694e   :   00;
	694f   :   00;
	6950   :   03;
	6951   :   02;
	6952   :   02;
	6953   :   02;
	6954   :   13;
	6955   :   00;
	6956   :   00;
	6957   :   00;
	6958   :   03;
	6959   :   03;
	695a   :   02;
	695b   :   02;
	695c   :   13;
	695d   :   00;
	695e   :   00;
	695f   :   00;
	6960   :   04;
	6961   :   03;
	6962   :   02;
	6963   :   03;
	6964   :   13;
	6965   :   00;
	6966   :   00;
	6967   :   00;
	6968   :   03;
	6969   :   02;
	696a   :   03;
	696b   :   0d;
	696c   :   13;
	696d   :   00;
	696e   :   00;
	696f   :   00;
	6970   :   05;
	6971   :   06;
	6972   :   0e;
	6973   :   0f;
	6974   :   13;
	6975   :   00;
	6976   :   00;
	6977   :   00;
	6978   :   0f;
	6979   :   0f;
	697a   :   17;
	697b   :   1f;
	697c   :   13;
	697d   :   00;
	697e   :   00;
	697f   :   00;
	6980   :   5f;
	6981   :   0d;
	6982   :   02;
	6983   :   02;
	6984   :   13;
	6985   :   00;
	6986   :   00;
	6987   :   00;
	6988   :   02;
	6989   :   02;
	698a   :   02;
	698b   :   02;
	698c   :   13;
	698d   :   00;
	698e   :   00;
	698f   :   00;
	6990   :   01;
	6991   :   01;
	6992   :   02;
	6993   :   0b;
	6994   :   13;
	6995   :   00;
	6996   :   00;
	6997   :   00;
	6998   :   1e;
	6999   :   67;
	699a   :   6e;
	699b   :   65;
	699c   :   13;
	699d   :   00;
	699e   :   00;
	699f   :   00;
	69a0   :   02;
	69a1   :   02;
	69a2   :   05;
	69a3   :   03;
	69a4   :   13;
	69a5   :   00;
	69a6   :   00;
	69a7   :   00;
	69a8   :   04;
	69a9   :   04;
	69aa   :   04;
	69ab   :   04;
	69ac   :   13;
	69ad   :   00;
	69ae   :   00;
	69af   :   00;
	69b0   :   05;
	69b1   :   04;
	69b2   :   05;
	69b3   :   05;
	69b4   :   13;
	69b5   :   00;
	69b6   :   00;
	69b7   :   00;
	69b8   :   06;
	69b9   :   16;
	69ba   :   13;
	69bb   :   14;
	69bc   :   13;
	69bd   :   00;
	69be   :   00;
	69bf   :   00;
	69c0   :   16;
	69c1   :   0f;
	69c2   :   0f;
	69c3   :   17;
	69c4   :   13;
	69c5   :   00;
	69c6   :   00;
	69c7   :   00;
	69c8   :   17;
	69c9   :   17;
	69ca   :   1f;
	69cb   :   17;
	69cc   :   13;
	69cd   :   00;
	69ce   :   00;
	69cf   :   00;
	69d0   :   1f;
	69d1   :   16;
	69d2   :   16;
	69d3   :   17;
	69d4   :   13;
	69d5   :   00;
	69d6   :   00;
	69d7   :   00;
	69d8   :   17;
	69d9   :   05;
	69da   :   03;
	69db   :   05;
	69dc   :   13;
	69dd   :   00;
	69de   :   00;
	69df   :   00;
	69e0   :   03;
	69e1   :   02;
	69e2   :   05;
	69e3   :   02;
	69e4   :   13;
	69e5   :   00;
	69e6   :   00;
	69e7   :   00;
	69e8   :   02;
	69e9   :   04;
	69ea   :   04;
	69eb   :   04;
	69ec   :   13;
	69ed   :   00;
	69ee   :   00;
	69ef   :   00;
	69f0   :   0c;
	69f1   :   16;
	69f2   :   1f;
	69f3   :   0f;
	69f4   :   13;
	69f5   :   00;
	69f6   :   00;
	69f7   :   00;
	69f8   :   07;
	69f9   :   0e;
	69fa   :   0f;
	69fb   :   0f;
	69fc   :   13;
	69fd   :   00;
	69fe   :   00;
	69ff   :   00;
	6a00   :   0f;
	6a01   :   0f;
	6a02   :   0f;
	6a03   :   0e;
	6a04   :   13;
	6a05   :   00;
	6a06   :   00;
	6a07   :   00;
	6a08   :   0e;
	6a09   :   17;
	6a0a   :   17;
	6a0b   :   17;
	6a0c   :   13;
	6a0d   :   00;
	6a0e   :   00;
	6a0f   :   00;
	6a10   :   17;
	6a11   :   17;
	6a12   :   67;
	6a13   :   1f;
	6a14   :   13;
	6a15   :   00;
	6a16   :   00;
	6a17   :   00;
	6a18   :   5e;
	6a19   :   14;
	6a1a   :   0c;
	6a1b   :   1e;
	6a1c   :   13;
	6a1d   :   00;
	6a1e   :   00;
	6a1f   :   00;
	6a20   :   1f;
	6a21   :   17;
	6a22   :   05;
	6a23   :   03;
	6a24   :   13;
	6a25   :   00;
	6a26   :   00;
	6a27   :   00;
	6a28   :   04;
	6a29   :   04;
	6a2a   :   04;
	6a2b   :   0d;
	6a2c   :   13;
	6a2d   :   00;
	6a2e   :   00;
	6a2f   :   00;
	6a30   :   0e;
	6a31   :   05;
	6a32   :   05;
	6a33   :   04;
	6a34   :   13;
	6a35   :   00;
	6a36   :   00;
	6a37   :   00;
	6a38   :   04;
	6a39   :   05;
	6a3a   :   03;
	6a3b   :   03;
	6a3c   :   13;
	6a3d   :   00;
	6a3e   :   00;
	6a3f   :   00;
	6a40   :   01;
	6a41   :   01;
	6a42   :   0c;
	6a43   :   03;
	6a44   :   13;
	6a45   :   00;
	6a46   :   00;
	6a47   :   00;
	6a48   :   01;
	6a49   :   01;
	6a4a   :   01;
	6a4b   :   01;
	6a4c   :   13;
	6a4d   :   00;
	6a4e   :   00;
	6a4f   :   00;
	6a50   :   01;
	6a51   :   02;
	6a52   :   02;
	6a53   :   01;
	6a54   :   13;
	6a55   :   00;
	6a56   :   00;
	6a57   :   00;
	6a58   :   02;
	6a59   :   02;
	6a5a   :   02;
	6a5b   :   01;
	6a5c   :   13;
	6a5d   :   00;
	6a5e   :   00;
	6a5f   :   00;
	6a60   :   02;
	6a61   :   01;
	6a62   :   01;
	6a63   :   01;
	6a64   :   13;
	6a65   :   00;
	6a66   :   00;
	6a67   :   00;
	6a68   :   02;
	6a69   :   02;
	6a6a   :   02;
	6a6b   :   01;
	6a6c   :   13;
	6a6d   :   00;
	6a6e   :   00;
	6a6f   :   00;
	6a70   :   01;
	6a71   :   0b;
	6a72   :   14;
	6a73   :   16;
	6a74   :   13;
	6a75   :   00;
	6a76   :   00;
	6a77   :   00;
	6a78   :   1e;
	6a79   :   1d;
	6a7a   :   5d;
	6a7b   :   5d;
	6a7c   :   13;
	6a7d   :   00;
	6a7e   :   00;
	6a7f   :   00;
	6a80   :   65;
	6a81   :   5d;
	6a82   :   0b;
	6a83   :   03;
	6a84   :   13;
	6a85   :   00;
	6a86   :   00;
	6a87   :   00;
	6a88   :   02;
	6a89   :   02;
	6a8a   :   03;
	6a8b   :   03;
	6a8c   :   13;
	6a8d   :   00;
	6a8e   :   00;
	6a8f   :   00;
	6a90   :   02;
	6a91   :   02;
	6a92   :   02;
	6a93   :   02;
	6a94   :   13;
	6a95   :   00;
	6a96   :   00;
	6a97   :   00;
	6a98   :   03;
	6a99   :   02;
	6a9a   :   03;
	6a9b   :   04;
	6a9c   :   13;
	6a9d   :   00;
	6a9e   :   00;
	6a9f   :   00;
	6aa0   :   03;
	6aa1   :   03;
	6aa2   :   02;
	6aa3   :   02;
	6aa4   :   13;
	6aa5   :   00;
	6aa6   :   00;
	6aa7   :   00;
	6aa8   :   02;
	6aa9   :   02;
	6aaa   :   0c;
	6aab   :   0e;
	6aac   :   13;
	6aad   :   00;
	6aae   :   00;
	6aaf   :   00;
	6ab0   :   04;
	6ab1   :   0e;
	6ab2   :   06;
	6ab3   :   0f;
	6ab4   :   13;
	6ab5   :   00;
	6ab6   :   00;
	6ab7   :   00;
	6ab8   :   0f;
	6ab9   :   16;
	6aba   :   26;
	6abb   :   6e;
	6abc   :   13;
	6abd   :   00;
	6abe   :   00;
	6abf   :   00;
	6ac0   :   ae;
	6ac1   :   65;
	6ac2   :   03;
	6ac3   :   03;
	6ac4   :   13;
	6ac5   :   00;
	6ac6   :   00;
	6ac7   :   00;
	6ac8   :   03;
	6ac9   :   03;
	6aca   :   03;
	6acb   :   02;
	6acc   :   13;
	6acd   :   00;
	6ace   :   00;
	6acf   :   00;
	6ad0   :   01;
	6ad1   :   01;
	6ad2   :   0b;
	6ad3   :   15;
	6ad4   :   13;
	6ad5   :   00;
	6ad6   :   00;
	6ad7   :   00;
	6ad8   :   0b;
	6ad9   :   16;
	6ada   :   15;
	6adb   :   65;
	6adc   :   13;
	6add   :   00;
	6ade   :   00;
	6adf   :   00;
	6ae0   :   1d;
	6ae1   :   01;
	6ae2   :   03;
	6ae3   :   05;
	6ae4   :   13;
	6ae5   :   00;
	6ae6   :   00;
	6ae7   :   00;
	6ae8   :   04;
	6ae9   :   04;
	6aea   :   05;
	6aeb   :   04;
	6aec   :   13;
	6aed   :   00;
	6aee   :   00;
	6aef   :   00;
	6af0   :   05;
	6af1   :   05;
	6af2   :   05;
	6af3   :   05;
	6af4   :   13;
	6af5   :   00;
	6af6   :   00;
	6af7   :   00;
	6af8   :   06;
	6af9   :   0e;
	6afa   :   0a;
	6afb   :   01;
	6afc   :   13;
	6afd   :   00;
	6afe   :   00;
	6aff   :   00;
	6b00   :   0a;
	6b01   :   16;
	6b02   :   17;
	6b03   :   17;
	6b04   :   13;
	6b05   :   00;
	6b06   :   00;
	6b07   :   00;
	6b08   :   17;
	6b09   :   17;
	6b0a   :   17;
	6b0b   :   17;
	6b0c   :   13;
	6b0d   :   00;
	6b0e   :   00;
	6b0f   :   00;
	6b10   :   17;
	6b11   :   17;
	6b12   :   16;
	6b13   :   16;
	6b14   :   13;
	6b15   :   00;
	6b16   :   00;
	6b17   :   00;
	6b18   :   16;
	6b19   :   0d;
	6b1a   :   05;
	6b1b   :   05;
	6b1c   :   13;
	6b1d   :   00;
	6b1e   :   00;
	6b1f   :   00;
	6b20   :   03;
	6b21   :   01;
	6b22   :   02;
	6b23   :   02;
	6b24   :   13;
	6b25   :   00;
	6b26   :   00;
	6b27   :   00;
	6b28   :   03;
	6b29   :   04;
	6b2a   :   04;
	6b2b   :   04;
	6b2c   :   13;
	6b2d   :   00;
	6b2e   :   00;
	6b2f   :   00;
	6b30   :   04;
	6b31   :   16;
	6b32   :   1f;
	6b33   :   0f;
	6b34   :   13;
	6b35   :   00;
	6b36   :   00;
	6b37   :   00;
	6b38   :   0f;
	6b39   :   06;
	6b3a   :   06;
	6b3b   :   0f;
	6b3c   :   13;
	6b3d   :   00;
	6b3e   :   00;
	6b3f   :   00;
	6b40   :   0f;
	6b41   :   0f;
	6b42   :   0f;
	6b43   :   0f;
	6b44   :   13;
	6b45   :   00;
	6b46   :   00;
	6b47   :   00;
	6b48   :   0e;
	6b49   :   0e;
	6b4a   :   17;
	6b4b   :   1e;
	6b4c   :   13;
	6b4d   :   00;
	6b4e   :   00;
	6b4f   :   00;
	6b50   :   1e;
	6b51   :   6f;
	6b52   :   77;
	6b53   :   27;
	6b54   :   13;
	6b55   :   00;
	6b56   :   00;
	6b57   :   00;
	6b58   :   0d;
	6b59   :   01;
	6b5a   :   0d;
	6b5b   :   1f;
	6b5c   :   13;
	6b5d   :   00;
	6b5e   :   00;
	6b5f   :   00;
	6b60   :   17;
	6b61   :   0e;
	6b62   :   03;
	6b63   :   02;
	6b64   :   13;
	6b65   :   00;
	6b66   :   00;
	6b67   :   00;
	6b68   :   05;
	6b69   :   0e;
	6b6a   :   04;
	6b6b   :   04;
	6b6c   :   13;
	6b6d   :   00;
	6b6e   :   00;
	6b6f   :   00;
	6b70   :   17;
	6b71   :   0e;
	6b72   :   04;
	6b73   :   04;
	6b74   :   13;
	6b75   :   00;
	6b76   :   00;
	6b77   :   00;
	6b78   :   03;
	6b79   :   04;
	6b7a   :   04;
	6b7b   :   03;
	6b7c   :   13;
	6b7d   :   00;
	6b7e   :   00;
	6b7f   :   00;
	6b80   :   01;
	6b81   :   01;
	6b82   :   02;
	6b83   :   02;
	6b84   :   13;
	6b85   :   00;
	6b86   :   00;
	6b87   :   00;
	6b88   :   02;
	6b89   :   01;
	6b8a   :   01;
	6b8b   :   01;
	6b8c   :   13;
	6b8d   :   00;
	6b8e   :   00;
	6b8f   :   00;
	6b90   :   01;
	6b91   :   02;
	6b92   :   02;
	6b93   :   03;
	6b94   :   13;
	6b95   :   00;
	6b96   :   00;
	6b97   :   00;
	6b98   :   02;
	6b99   :   01;
	6b9a   :   02;
	6b9b   :   00;
	6b9c   :   13;
	6b9d   :   00;
	6b9e   :   00;
	6b9f   :   00;
	6ba0   :   00;
	6ba1   :   00;
	6ba2   :   00;
	6ba3   :   00;
	6ba4   :   13;
	6ba5   :   00;
	6ba6   :   00;
	6ba7   :   00;
	6ba8   :   00;
	6ba9   :   00;
	6baa   :   00;
	6bab   :   00;
	6bac   :   13;
	6bad   :   00;
	6bae   :   00;
	6baf   :   00;
	6bb0   :   00;
	6bb1   :   00;
	6bb2   :   00;
	6bb3   :   00;
	6bb4   :   13;
	6bb5   :   00;
	6bb6   :   00;
	6bb7   :   00;
	6bb8   :   00;
	6bb9   :   00;
	6bba   :   00;
	6bbb   :   00;
	6bbc   :   13;
	6bbd   :   00;
	6bbe   :   00;
	6bbf   :   00;
	6bc0   :   00;
	6bc1   :   00;
	6bc2   :   00;
	6bc3   :   00;
	6bc4   :   13;
	6bc5   :   00;
	6bc6   :   00;
	6bc7   :   00;
	6bc8   :   00;
	6bc9   :   00;
	6bca   :   00;
	6bcb   :   00;
	6bcc   :   13;
	6bcd   :   00;
	6bce   :   00;
	6bcf   :   00;
	6bd0   :   00;
	6bd1   :   00;
	6bd2   :   00;
	6bd3   :   00;
	6bd4   :   13;
	6bd5   :   00;
	6bd6   :   00;
	6bd7   :   00;
	6bd8   :   00;
	6bd9   :   00;
	6bda   :   00;
	6bdb   :   00;
	6bdc   :   13;
	6bdd   :   00;
	6bde   :   00;
	6bdf   :   00;
	6be0   :   00;
	6be1   :   00;
	6be2   :   00;
	6be3   :   00;
	6be4   :   13;
	6be5   :   00;
	6be6   :   00;
	6be7   :   00;
	6be8   :   00;
	6be9   :   00;
	6bea   :   00;
	6beb   :   00;
	6bec   :   13;
	6bed   :   00;
	6bee   :   00;
	6bef   :   00;
	6bf0   :   00;
	6bf1   :   00;
	6bf2   :   00;
	6bf3   :   00;
	6bf4   :   13;
	6bf5   :   00;
	6bf6   :   00;
	6bf7   :   00;
	6bf8   :   00;
	6bf9   :   00;
	6bfa   :   00;
	6bfb   :   00;
	6bfc   :   13;
	6bfd   :   00;
	6bfe   :   00;
	6bff   :   00;
	6c00   :   00;
	6c01   :   00;
	6c02   :   00;
	6c03   :   00;
	6c04   :   13;
	6c05   :   00;
	6c06   :   00;
	6c07   :   00;
	6c08   :   00;
	6c09   :   00;
	6c0a   :   00;
	6c0b   :   00;
	6c0c   :   13;
	6c0d   :   00;
	6c0e   :   00;
	6c0f   :   00;
	6c10   :   00;
	6c11   :   00;
	6c12   :   00;
	6c13   :   00;
	6c14   :   13;
	6c15   :   00;
	6c16   :   00;
	6c17   :   00;
	6c18   :   00;
	6c19   :   00;
	6c1a   :   00;
	6c1b   :   00;
	6c1c   :   13;
	6c1d   :   00;
	6c1e   :   00;
	6c1f   :   00;
	6c20   :   00;
	6c21   :   00;
	6c22   :   00;
	6c23   :   00;
	6c24   :   13;
	6c25   :   00;
	6c26   :   00;
	6c27   :   00;
	6c28   :   00;
	6c29   :   00;
	6c2a   :   00;
	6c2b   :   00;
	6c2c   :   13;
	6c2d   :   00;
	6c2e   :   00;
	6c2f   :   00;
	6c30   :   00;
	6c31   :   00;
	6c32   :   00;
	6c33   :   00;
	6c34   :   13;
	6c35   :   00;
	6c36   :   00;
	6c37   :   00;
	6c38   :   00;
	6c39   :   00;
	6c3a   :   00;
	6c3b   :   00;
	6c3c   :   13;
	6c3d   :   00;
	6c3e   :   00;
	6c3f   :   00;
	6c40   :   00;
	6c41   :   00;
	6c42   :   00;
	6c43   :   00;
	6c44   :   13;
	6c45   :   00;
	6c46   :   00;
	6c47   :   00;
	6c48   :   00;
	6c49   :   00;
	6c4a   :   00;
	6c4b   :   00;
	6c4c   :   13;
	6c4d   :   00;
	6c4e   :   00;
	6c4f   :   00;
	6c50   :   00;
	6c51   :   00;
	6c52   :   00;
	6c53   :   00;
	6c54   :   13;
	6c55   :   00;
	6c56   :   00;
	6c57   :   00;
	6c58   :   00;
	6c59   :   00;
	6c5a   :   00;
	6c5b   :   00;
	6c5c   :   13;
	6c5d   :   00;
	6c5e   :   00;
	6c5f   :   00;
	6c60   :   00;
	6c61   :   00;
	6c62   :   00;
	6c63   :   00;
	6c64   :   13;
	6c65   :   00;
	6c66   :   00;
	6c67   :   00;
	6c68   :   00;
	6c69   :   00;
	6c6a   :   00;
	6c6b   :   00;
	6c6c   :   13;
	6c6d   :   00;
	6c6e   :   00;
	6c6f   :   00;
	6c70   :   00;
	6c71   :   00;
	6c72   :   00;
	6c73   :   00;
	6c74   :   13;
	6c75   :   00;
	6c76   :   00;
	6c77   :   00;
	6c78   :   00;
	6c79   :   00;
	6c7a   :   00;
	6c7b   :   00;
	6c7c   :   13;
	6c7d   :   00;
	6c7e   :   00;
	6c7f   :   00;
	6c80   :   00;
	6c81   :   00;
	6c82   :   00;
	6c83   :   00;
	6c84   :   13;
	6c85   :   00;
	6c86   :   00;
	6c87   :   00;
	6c88   :   00;
	6c89   :   00;
	6c8a   :   00;
	6c8b   :   00;
	6c8c   :   13;
	6c8d   :   00;
	6c8e   :   00;
	6c8f   :   00;
	6c90   :   00;
	6c91   :   00;
	6c92   :   00;
	6c93   :   00;
	6c94   :   13;
	6c95   :   00;
	6c96   :   00;
	6c97   :   00;
	6c98   :   00;
	6c99   :   00;
	6c9a   :   00;
	6c9b   :   00;
	6c9c   :   13;
	6c9d   :   00;
	6c9e   :   00;
	6c9f   :   00;
	6ca0   :   00;
	6ca1   :   0c;
	6ca2   :   00;
	6ca3   :   02;
	6ca4   :   13;
	6ca5   :   00;
	6ca6   :   00;
	6ca7   :   00;
	6ca8   :   05;
	6ca9   :   0e;
	6caa   :   04;
	6cab   :   04;
	6cac   :   13;
	6cad   :   00;
	6cae   :   00;
	6caf   :   00;
	6cb0   :   0d;
	6cb1   :   0e;
	6cb2   :   0d;
	6cb3   :   04;
	6cb4   :   13;
	6cb5   :   00;
	6cb6   :   00;
	6cb7   :   00;
	6cb8   :   03;
	6cb9   :   05;
	6cba   :   04;
	6cbb   :   03;
	6cbc   :   13;
	6cbd   :   00;
	6cbe   :   00;
	6cbf   :   00;
	6cc0   :   02;
	6cc1   :   03;
	6cc2   :   02;
	6cc3   :   02;
	6cc4   :   13;
	6cc5   :   00;
	6cc6   :   00;
	6cc7   :   00;
	6cc8   :   02;
	6cc9   :   02;
	6cca   :   02;
	6ccb   :   02;
	6ccc   :   13;
	6ccd   :   00;
	6cce   :   00;
	6ccf   :   00;
	6cd0   :   03;
	6cd1   :   03;
	6cd2   :   02;
	6cd3   :   02;
	6cd4   :   13;
	6cd5   :   00;
	6cd6   :   00;
	6cd7   :   00;
	6cd8   :   01;
	6cd9   :   02;
	6cda   :   03;
	6cdb   :   00;
	6cdc   :   13;
	6cdd   :   00;
	6cde   :   00;
	6cdf   :   00;
	6ce0   :   00;
	6ce1   :   00;
	6ce2   :   00;
	6ce3   :   00;
	6ce4   :   13;
	6ce5   :   00;
	6ce6   :   00;
	6ce7   :   00;
	6ce8   :   00;
	6ce9   :   00;
	6cea   :   00;
	6ceb   :   00;
	6cec   :   13;
	6ced   :   00;
	6cee   :   00;
	6cef   :   00;
	6cf0   :   00;
	6cf1   :   00;
	6cf2   :   00;
	6cf3   :   00;
	6cf4   :   13;
	6cf5   :   00;
	6cf6   :   00;
	6cf7   :   00;
	6cf8   :   00;
	6cf9   :   00;
	6cfa   :   00;
	6cfb   :   00;
	6cfc   :   13;
	6cfd   :   00;
	6cfe   :   00;
	6cff   :   00;
	6d00   :   00;
	6d01   :   00;
	6d02   :   00;
	6d03   :   00;
	6d04   :   13;
	6d05   :   00;
	6d06   :   00;
	6d07   :   00;
	6d08   :   00;
	6d09   :   00;
	6d0a   :   00;
	6d0b   :   00;
	6d0c   :   13;
	6d0d   :   00;
	6d0e   :   00;
	6d0f   :   00;
	6d10   :   00;
	6d11   :   00;
	6d12   :   00;
	6d13   :   00;
	6d14   :   13;
	6d15   :   00;
	6d16   :   00;
	6d17   :   00;
	6d18   :   00;
	6d19   :   00;
	6d1a   :   00;
	6d1b   :   00;
	6d1c   :   13;
	6d1d   :   00;
	6d1e   :   00;
	6d1f   :   00;
	6d20   :   00;
	6d21   :   00;
	6d22   :   00;
	6d23   :   00;
	6d24   :   13;
	6d25   :   00;
	6d26   :   00;
	6d27   :   00;
	6d28   :   00;
	6d29   :   00;
	6d2a   :   00;
	6d2b   :   00;
	6d2c   :   13;
	6d2d   :   00;
	6d2e   :   00;
	6d2f   :   00;
	6d30   :   00;
	6d31   :   00;
	6d32   :   00;
	6d33   :   00;
	6d34   :   13;
	6d35   :   00;
	6d36   :   00;
	6d37   :   00;
	6d38   :   00;
	6d39   :   00;
	6d3a   :   00;
	6d3b   :   00;
	6d3c   :   13;
	6d3d   :   00;
	6d3e   :   00;
	6d3f   :   00;
	6d40   :   00;
	6d41   :   00;
	6d42   :   00;
	6d43   :   00;
	6d44   :   13;
	6d45   :   00;
	6d46   :   00;
	6d47   :   00;
	6d48   :   00;
	6d49   :   00;
	6d4a   :   00;
	6d4b   :   00;
	6d4c   :   13;
	6d4d   :   00;
	6d4e   :   00;
	6d4f   :   00;
	6d50   :   00;
	6d51   :   00;
	6d52   :   00;
	6d53   :   00;
	6d54   :   13;
	6d55   :   00;
	6d56   :   00;
	6d57   :   00;
	6d58   :   00;
	6d59   :   00;
	6d5a   :   00;
	6d5b   :   00;
	6d5c   :   13;
	6d5d   :   00;
	6d5e   :   00;
	6d5f   :   00;
	6d60   :   00;
	6d61   :   00;
	6d62   :   00;
	6d63   :   00;
	6d64   :   13;
	6d65   :   00;
	6d66   :   00;
	6d67   :   00;
	6d68   :   00;
	6d69   :   00;
	6d6a   :   00;
	6d6b   :   00;
	6d6c   :   13;
	6d6d   :   00;
	6d6e   :   00;
	6d6f   :   00;
	6d70   :   00;
	6d71   :   00;
	6d72   :   00;
	6d73   :   00;
	6d74   :   13;
	6d75   :   00;
	6d76   :   00;
	6d77   :   00;
	6d78   :   00;
	6d79   :   00;
	6d7a   :   00;
	6d7b   :   00;
	6d7c   :   13;
	6d7d   :   00;
	6d7e   :   00;
	6d7f   :   00;
	6d80   :   00;
	6d81   :   00;
	6d82   :   00;
	6d83   :   00;
	6d84   :   13;
	6d85   :   00;
	6d86   :   00;
	6d87   :   00;
	6d88   :   00;
	6d89   :   00;
	6d8a   :   00;
	6d8b   :   00;
	6d8c   :   13;
	6d8d   :   00;
	6d8e   :   00;
	6d8f   :   00;
	6d90   :   00;
	6d91   :   00;
	6d92   :   00;
	6d93   :   00;
	6d94   :   13;
	6d95   :   00;
	6d96   :   00;
	6d97   :   00;
	6d98   :   00;
	6d99   :   00;
	6d9a   :   00;
	6d9b   :   00;
	6d9c   :   13;
	6d9d   :   00;
	6d9e   :   00;
	6d9f   :   00;
	6da0   :   00;
	6da1   :   00;
	6da2   :   00;
	6da3   :   00;
	6da4   :   13;
	6da5   :   00;
	6da6   :   00;
	6da7   :   00;
	6da8   :   00;
	6da9   :   00;
	6daa   :   00;
	6dab   :   00;
	6dac   :   13;
	6dad   :   00;
	6dae   :   00;
	6daf   :   00;
	6db0   :   00;
	6db1   :   00;
	6db2   :   00;
	6db3   :   00;
	6db4   :   13;
	6db5   :   00;
	6db6   :   00;
	6db7   :   00;
	6db8   :   00;
	6db9   :   00;
	6dba   :   00;
	6dbb   :   00;
	6dbc   :   13;
	6dbd   :   00;
	6dbe   :   00;
	6dbf   :   00;
	6dc0   :   00;
	6dc1   :   00;
	6dc2   :   00;
	6dc3   :   00;
	6dc4   :   13;
	6dc5   :   00;
	6dc6   :   00;
	6dc7   :   00;
	6dc8   :   00;
	6dc9   :   00;
	6dca   :   00;
	6dcb   :   00;
	6dcc   :   13;
	6dcd   :   00;
	6dce   :   00;
	6dcf   :   00;
	6dd0   :   00;
	6dd1   :   00;
	6dd2   :   00;
	6dd3   :   00;
	6dd4   :   13;
	6dd5   :   00;
	6dd6   :   00;
	6dd7   :   00;
	6dd8   :   00;
	6dd9   :   00;
	6dda   :   00;
	6ddb   :   00;
	6ddc   :   13;
	6ddd   :   00;
	6dde   :   00;
	6ddf   :   00;
	6de0   :   00;
	6de1   :   17;
	6de2   :   17;
	6de3   :   0e;
	6de4   :   13;
	6de5   :   00;
	6de6   :   00;
	6de7   :   00;
	6de8   :   05;
	6de9   :   0d;
	6dea   :   0d;
	6deb   :   0e;
	6dec   :   13;
	6ded   :   00;
	6dee   :   00;
	6def   :   00;
	6df0   :   06;
	6df1   :   05;
	6df2   :   0e;
	6df3   :   05;
	6df4   :   13;
	6df5   :   00;
	6df6   :   00;
	6df7   :   00;
	6df8   :   03;
	6df9   :   04;
	6dfa   :   05;
	6dfb   :   01;
	6dfc   :   13;
	6dfd   :   00;
	6dfe   :   00;
	6dff   :   00;
	6e00   :   02;
	6e01   :   02;
	6e02   :   02;
	6e03   :   02;
	6e04   :   13;
	6e05   :   00;
	6e06   :   00;
	6e07   :   00;
	6e08   :   03;
	6e09   :   03;
	6e0a   :   02;
	6e0b   :   02;
	6e0c   :   13;
	6e0d   :   00;
	6e0e   :   00;
	6e0f   :   00;
	6e10   :   02;
	6e11   :   02;
	6e12   :   02;
	6e13   :   01;
	6e14   :   13;
	6e15   :   00;
	6e16   :   00;
	6e17   :   00;
	6e18   :   02;
	6e19   :   03;
	6e1a   :   02;
	6e1b   :   00;
	6e1c   :   13;
	6e1d   :   00;
	6e1e   :   00;
	6e1f   :   00;
	6e20   :   00;
	6e21   :   00;
	6e22   :   00;
	6e23   :   00;
	6e24   :   13;
	6e25   :   00;
	6e26   :   00;
	6e27   :   00;
	6e28   :   00;
	6e29   :   00;
	6e2a   :   00;
	6e2b   :   00;
	6e2c   :   13;
	6e2d   :   00;
	6e2e   :   00;
	6e2f   :   00;
	6e30   :   00;
	6e31   :   00;
	6e32   :   00;
	6e33   :   00;
	6e34   :   13;
	6e35   :   00;
	6e36   :   00;
	6e37   :   00;
	6e38   :   00;
	6e39   :   00;
	6e3a   :   00;
	6e3b   :   00;
	6e3c   :   13;
	6e3d   :   00;
	6e3e   :   00;
	6e3f   :   00;
	6e40   :   00;
	6e41   :   00;
	6e42   :   00;
	6e43   :   00;
	6e44   :   13;
	6e45   :   00;
	6e46   :   00;
	6e47   :   00;
	6e48   :   00;
	6e49   :   00;
	6e4a   :   00;
	6e4b   :   00;
	6e4c   :   13;
	6e4d   :   00;
	6e4e   :   00;
	6e4f   :   00;
	6e50   :   00;
	6e51   :   00;
	6e52   :   00;
	6e53   :   00;
	6e54   :   13;
	6e55   :   00;
	6e56   :   00;
	6e57   :   00;
	6e58   :   00;
	6e59   :   00;
	6e5a   :   00;
	6e5b   :   00;
	6e5c   :   13;
	6e5d   :   00;
	6e5e   :   00;
	6e5f   :   00;
	6e60   :   00;
	6e61   :   00;
	6e62   :   00;
	6e63   :   00;
	6e64   :   13;
	6e65   :   00;
	6e66   :   00;
	6e67   :   00;
	6e68   :   00;
	6e69   :   00;
	6e6a   :   00;
	6e6b   :   00;
	6e6c   :   13;
	6e6d   :   00;
	6e6e   :   00;
	6e6f   :   00;
	6e70   :   00;
	6e71   :   00;
	6e72   :   00;
	6e73   :   00;
	6e74   :   13;
	6e75   :   00;
	6e76   :   00;
	6e77   :   00;
	6e78   :   00;
	6e79   :   00;
	6e7a   :   00;
	6e7b   :   00;
	6e7c   :   13;
	6e7d   :   00;
	6e7e   :   00;
	6e7f   :   00;
	6e80   :   00;
	6e81   :   00;
	6e82   :   00;
	6e83   :   00;
	6e84   :   13;
	6e85   :   00;
	6e86   :   00;
	6e87   :   00;
	6e88   :   00;
	6e89   :   00;
	6e8a   :   00;
	6e8b   :   00;
	6e8c   :   13;
	6e8d   :   00;
	6e8e   :   00;
	6e8f   :   00;
	6e90   :   00;
	6e91   :   00;
	6e92   :   00;
	6e93   :   00;
	6e94   :   13;
	6e95   :   00;
	6e96   :   00;
	6e97   :   00;
	6e98   :   00;
	6e99   :   00;
	6e9a   :   00;
	6e9b   :   00;
	6e9c   :   13;
	6e9d   :   00;
	6e9e   :   00;
	6e9f   :   00;
	6ea0   :   00;
	6ea1   :   00;
	6ea2   :   00;
	6ea3   :   00;
	6ea4   :   13;
	6ea5   :   00;
	6ea6   :   00;
	6ea7   :   00;
	6ea8   :   00;
	6ea9   :   00;
	6eaa   :   00;
	6eab   :   00;
	6eac   :   13;
	6ead   :   00;
	6eae   :   00;
	6eaf   :   00;
	6eb0   :   00;
	6eb1   :   00;
	6eb2   :   00;
	6eb3   :   00;
	6eb4   :   13;
	6eb5   :   00;
	6eb6   :   00;
	6eb7   :   00;
	6eb8   :   00;
	6eb9   :   00;
	6eba   :   00;
	6ebb   :   00;
	6ebc   :   13;
	6ebd   :   00;
	6ebe   :   00;
	6ebf   :   00;
	6ec0   :   00;
	6ec1   :   00;
	6ec2   :   00;
	6ec3   :   00;
	6ec4   :   13;
	6ec5   :   00;
	6ec6   :   00;
	6ec7   :   00;
	6ec8   :   00;
	6ec9   :   00;
	6eca   :   00;
	6ecb   :   00;
	6ecc   :   13;
	6ecd   :   00;
	6ece   :   00;
	6ecf   :   00;
	6ed0   :   00;
	6ed1   :   00;
	6ed2   :   00;
	6ed3   :   00;
	6ed4   :   13;
	6ed5   :   00;
	6ed6   :   00;
	6ed7   :   00;
	6ed8   :   00;
	6ed9   :   00;
	6eda   :   00;
	6edb   :   00;
	6edc   :   13;
	6edd   :   00;
	6ede   :   00;
	6edf   :   00;
	6ee0   :   00;
	6ee1   :   00;
	6ee2   :   00;
	6ee3   :   00;
	6ee4   :   13;
	6ee5   :   00;
	6ee6   :   00;
	6ee7   :   00;
	6ee8   :   00;
	6ee9   :   00;
	6eea   :   00;
	6eeb   :   00;
	6eec   :   13;
	6eed   :   00;
	6eee   :   00;
	6eef   :   00;
	6ef0   :   00;
	6ef1   :   00;
	6ef2   :   00;
	6ef3   :   00;
	6ef4   :   13;
	6ef5   :   00;
	6ef6   :   00;
	6ef7   :   00;
	6ef8   :   00;
	6ef9   :   00;
	6efa   :   00;
	6efb   :   00;
	6efc   :   13;
	6efd   :   00;
	6efe   :   00;
	6eff   :   00;
	6f00   :   00;
	6f01   :   00;
	6f02   :   00;
	6f03   :   00;
	6f04   :   13;
	6f05   :   00;
	6f06   :   00;
	6f07   :   00;
	6f08   :   00;
	6f09   :   00;
	6f0a   :   00;
	6f0b   :   00;
	6f0c   :   13;
	6f0d   :   00;
	6f0e   :   00;
	6f0f   :   00;
	6f10   :   00;
	6f11   :   00;
	6f12   :   00;
	6f13   :   00;
	6f14   :   13;
	6f15   :   00;
	6f16   :   00;
	6f17   :   00;
	6f18   :   00;
	6f19   :   00;
	6f1a   :   00;
	6f1b   :   00;
	6f1c   :   13;
	6f1d   :   00;
	6f1e   :   00;
	6f1f   :   00;
	6f20   :   00;
	6f21   :   0e;
	6f22   :   0f;
	6f23   :   0f;
	6f24   :   13;
	6f25   :   00;
	6f26   :   00;
	6f27   :   00;
	6f28   :   04;
	6f29   :   0c;
	6f2a   :   0e;
	6f2b   :   05;
	6f2c   :   13;
	6f2d   :   00;
	6f2e   :   00;
	6f2f   :   00;
	6f30   :   0c;
	6f31   :   04;
	6f32   :   0d;
	6f33   :   0e;
	6f34   :   13;
	6f35   :   00;
	6f36   :   00;
	6f37   :   00;
	6f38   :   04;
	6f39   :   03;
	6f3a   :   05;
	6f3b   :   03;
	6f3c   :   13;
	6f3d   :   00;
	6f3e   :   00;
	6f3f   :   00;
	6f40   :   02;
	6f41   :   02;
	6f42   :   02;
	6f43   :   03;
	6f44   :   13;
	6f45   :   00;
	6f46   :   00;
	6f47   :   00;
	6f48   :   02;
	6f49   :   01;
	6f4a   :   02;
	6f4b   :   03;
	6f4c   :   13;
	6f4d   :   00;
	6f4e   :   00;
	6f4f   :   00;
	6f50   :   02;
	6f51   :   02;
	6f52   :   03;
	6f53   :   03;
	6f54   :   13;
	6f55   :   00;
	6f56   :   00;
	6f57   :   00;
	6f58   :   02;
	6f59   :   02;
	6f5a   :   02;
	6f5b   :   00;
	6f5c   :   13;
	6f5d   :   00;
	6f5e   :   00;
	6f5f   :   00;
	6f60   :   00;
	6f61   :   00;
	6f62   :   00;
	6f63   :   00;
	6f64   :   13;
	6f65   :   00;
	6f66   :   00;
	6f67   :   00;
	6f68   :   00;
	6f69   :   00;
	6f6a   :   00;
	6f6b   :   00;
	6f6c   :   13;
	6f6d   :   00;
	6f6e   :   00;
	6f6f   :   00;
	6f70   :   00;
	6f71   :   00;
	6f72   :   00;
	6f73   :   00;
	6f74   :   13;
	6f75   :   00;
	6f76   :   00;
	6f77   :   00;
	6f78   :   00;
	6f79   :   00;
	6f7a   :   00;
	6f7b   :   00;
	6f7c   :   13;
	6f7d   :   00;
	6f7e   :   00;
	6f7f   :   00;
	6f80   :   00;
	6f81   :   00;
	6f82   :   00;
	6f83   :   00;
	6f84   :   13;
	6f85   :   00;
	6f86   :   00;
	6f87   :   00;
	6f88   :   00;
	6f89   :   00;
	6f8a   :   00;
	6f8b   :   00;
	6f8c   :   13;
	6f8d   :   00;
	6f8e   :   00;
	6f8f   :   00;
	6f90   :   00;
	6f91   :   00;
	6f92   :   00;
	6f93   :   00;
	6f94   :   13;
	6f95   :   00;
	6f96   :   00;
	6f97   :   00;
	6f98   :   00;
	6f99   :   00;
	6f9a   :   00;
	6f9b   :   00;
	6f9c   :   13;
	6f9d   :   00;
	6f9e   :   00;
	6f9f   :   00;
	6fa0   :   00;
	6fa1   :   00;
	6fa2   :   00;
	6fa3   :   00;
	6fa4   :   13;
	6fa5   :   00;
	6fa6   :   00;
	6fa7   :   00;
	6fa8   :   00;
	6fa9   :   00;
	6faa   :   00;
	6fab   :   00;
	6fac   :   13;
	6fad   :   00;
	6fae   :   00;
	6faf   :   00;
	6fb0   :   00;
	6fb1   :   00;
	6fb2   :   00;
	6fb3   :   00;
	6fb4   :   13;
	6fb5   :   00;
	6fb6   :   00;
	6fb7   :   00;
	6fb8   :   00;
	6fb9   :   00;
	6fba   :   00;
	6fbb   :   00;
	6fbc   :   13;
	6fbd   :   00;
	6fbe   :   00;
	6fbf   :   00;
	6fc0   :   00;
	6fc1   :   00;
	6fc2   :   00;
	6fc3   :   00;
	6fc4   :   13;
	6fc5   :   00;
	6fc6   :   00;
	6fc7   :   00;
	6fc8   :   00;
	6fc9   :   00;
	6fca   :   00;
	6fcb   :   00;
	6fcc   :   13;
	6fcd   :   00;
	6fce   :   00;
	6fcf   :   00;
	6fd0   :   00;
	6fd1   :   00;
	6fd2   :   00;
	6fd3   :   00;
	6fd4   :   13;
	6fd5   :   00;
	6fd6   :   00;
	6fd7   :   00;
	6fd8   :   00;
	6fd9   :   00;
	6fda   :   00;
	6fdb   :   00;
	6fdc   :   13;
	6fdd   :   00;
	6fde   :   00;
	6fdf   :   00;
	6fe0   :   00;
	6fe1   :   00;
	6fe2   :   00;
	6fe3   :   00;
	6fe4   :   13;
	6fe5   :   00;
	6fe6   :   00;
	6fe7   :   00;
	6fe8   :   00;
	6fe9   :   00;
	6fea   :   00;
	6feb   :   00;
	6fec   :   13;
	6fed   :   00;
	6fee   :   00;
	6fef   :   00;
	6ff0   :   00;
	6ff1   :   00;
	6ff2   :   00;
	6ff3   :   00;
	6ff4   :   13;
	6ff5   :   00;
	6ff6   :   00;
	6ff7   :   00;
	6ff8   :   00;
	6ff9   :   00;
	6ffa   :   00;
	6ffb   :   00;
	6ffc   :   13;
	6ffd   :   00;
	6ffe   :   00;
	6fff   :   00;
	7000   :   00;
	7001   :   00;
	7002   :   00;
	7003   :   00;
	7004   :   13;
	7005   :   00;
	7006   :   00;
	7007   :   00;
	7008   :   00;
	7009   :   00;
	700a   :   00;
	700b   :   00;
	700c   :   13;
	700d   :   00;
	700e   :   00;
	700f   :   00;
	7010   :   00;
	7011   :   00;
	7012   :   00;
	7013   :   00;
	7014   :   13;
	7015   :   00;
	7016   :   00;
	7017   :   00;
	7018   :   00;
	7019   :   00;
	701a   :   00;
	701b   :   00;
	701c   :   13;
	701d   :   00;
	701e   :   00;
	701f   :   00;
	7020   :   00;
	7021   :   00;
	7022   :   00;
	7023   :   00;
	7024   :   13;
	7025   :   00;
	7026   :   00;
	7027   :   00;
	7028   :   00;
	7029   :   00;
	702a   :   00;
	702b   :   00;
	702c   :   13;
	702d   :   00;
	702e   :   00;
	702f   :   00;
	7030   :   00;
	7031   :   00;
	7032   :   00;
	7033   :   00;
	7034   :   13;
	7035   :   00;
	7036   :   00;
	7037   :   00;
	7038   :   00;
	7039   :   00;
	703a   :   00;
	703b   :   00;
	703c   :   13;
	703d   :   00;
	703e   :   00;
	703f   :   00;
	7040   :   00;
	7041   :   00;
	7042   :   00;
	7043   :   00;
	7044   :   13;
	7045   :   00;
	7046   :   00;
	7047   :   00;
	7048   :   00;
	7049   :   00;
	704a   :   00;
	704b   :   00;
	704c   :   13;
	704d   :   00;
	704e   :   00;
	704f   :   00;
	7050   :   00;
	7051   :   00;
	7052   :   00;
	7053   :   00;
	7054   :   13;
	7055   :   00;
	7056   :   00;
	7057   :   00;
	7058   :   00;
	7059   :   00;
	705a   :   00;
	705b   :   00;
	705c   :   13;
	705d   :   00;
	705e   :   00;
	705f   :   00;
	7060   :   00;
	7061   :   0e;
	7062   :   0d;
	7063   :   05;
	7064   :   13;
	7065   :   00;
	7066   :   00;
	7067   :   00;
	7068   :   04;
	7069   :   05;
	706a   :   04;
	706b   :   03;
	706c   :   13;
	706d   :   00;
	706e   :   00;
	706f   :   00;
	7070   :   66;
	7071   :   16;
	7072   :   05;
	7073   :   0e;
	7074   :   13;
	7075   :   00;
	7076   :   00;
	7077   :   00;
	7078   :   05;
	7079   :   03;
	707a   :   04;
	707b   :   05;
	707c   :   13;
	707d   :   00;
	707e   :   00;
	707f   :   00;
	7080   :   02;
	7081   :   03;
	7082   :   03;
	7083   :   02;
	7084   :   13;
	7085   :   00;
	7086   :   00;
	7087   :   00;
	7088   :   02;
	7089   :   02;
	708a   :   02;
	708b   :   02;
	708c   :   13;
	708d   :   00;
	708e   :   00;
	708f   :   00;
	7090   :   03;
	7091   :   03;
	7092   :   02;
	7093   :   01;
	7094   :   13;
	7095   :   00;
	7096   :   00;
	7097   :   00;
	7098   :   01;
	7099   :   02;
	709a   :   04;
	709b   :   00;
	709c   :   13;
	709d   :   00;
	709e   :   00;
	709f   :   00;
	70a0   :   00;
	70a1   :   00;
	70a2   :   00;
	70a3   :   00;
	70a4   :   13;
	70a5   :   00;
	70a6   :   00;
	70a7   :   00;
	70a8   :   00;
	70a9   :   00;
	70aa   :   00;
	70ab   :   00;
	70ac   :   13;
	70ad   :   00;
	70ae   :   00;
	70af   :   00;
	70b0   :   00;
	70b1   :   00;
	70b2   :   00;
	70b3   :   00;
	70b4   :   13;
	70b5   :   00;
	70b6   :   00;
	70b7   :   00;
	70b8   :   00;
	70b9   :   00;
	70ba   :   00;
	70bb   :   00;
	70bc   :   13;
	70bd   :   00;
	70be   :   00;
	70bf   :   00;
	70c0   :   00;
	70c1   :   00;
	70c2   :   00;
	70c3   :   00;
	70c4   :   13;
	70c5   :   00;
	70c6   :   00;
	70c7   :   00;
	70c8   :   00;
	70c9   :   00;
	70ca   :   00;
	70cb   :   00;
	70cc   :   13;
	70cd   :   00;
	70ce   :   00;
	70cf   :   00;
	70d0   :   00;
	70d1   :   00;
	70d2   :   00;
	70d3   :   00;
	70d4   :   13;
	70d5   :   00;
	70d6   :   00;
	70d7   :   00;
	70d8   :   00;
	70d9   :   00;
	70da   :   00;
	70db   :   00;
	70dc   :   13;
	70dd   :   00;
	70de   :   00;
	70df   :   00;
	70e0   :   00;
	70e1   :   00;
	70e2   :   00;
	70e3   :   00;
	70e4   :   13;
	70e5   :   00;
	70e6   :   00;
	70e7   :   00;
	70e8   :   00;
	70e9   :   00;
	70ea   :   00;
	70eb   :   00;
	70ec   :   13;
	70ed   :   00;
	70ee   :   00;
	70ef   :   00;
	70f0   :   00;
	70f1   :   00;
	70f2   :   00;
	70f3   :   00;
	70f4   :   13;
	70f5   :   00;
	70f6   :   00;
	70f7   :   00;
	70f8   :   00;
	70f9   :   00;
	70fa   :   00;
	70fb   :   00;
	70fc   :   13;
	70fd   :   00;
	70fe   :   00;
	70ff   :   00;
	7100   :   00;
	7101   :   00;
	7102   :   00;
	7103   :   00;
	7104   :   13;
	7105   :   00;
	7106   :   00;
	7107   :   00;
	7108   :   00;
	7109   :   00;
	710a   :   00;
	710b   :   00;
	710c   :   13;
	710d   :   00;
	710e   :   00;
	710f   :   00;
	7110   :   00;
	7111   :   00;
	7112   :   00;
	7113   :   00;
	7114   :   13;
	7115   :   00;
	7116   :   00;
	7117   :   00;
	7118   :   00;
	7119   :   00;
	711a   :   00;
	711b   :   00;
	711c   :   13;
	711d   :   00;
	711e   :   00;
	711f   :   00;
	7120   :   00;
	7121   :   00;
	7122   :   00;
	7123   :   00;
	7124   :   13;
	7125   :   00;
	7126   :   00;
	7127   :   00;
	7128   :   00;
	7129   :   00;
	712a   :   00;
	712b   :   00;
	712c   :   13;
	712d   :   00;
	712e   :   00;
	712f   :   00;
	7130   :   00;
	7131   :   00;
	7132   :   00;
	7133   :   00;
	7134   :   13;
	7135   :   00;
	7136   :   00;
	7137   :   00;
	7138   :   00;
	7139   :   00;
	713a   :   00;
	713b   :   00;
	713c   :   13;
	713d   :   00;
	713e   :   00;
	713f   :   00;
	7140   :   00;
	7141   :   00;
	7142   :   00;
	7143   :   00;
	7144   :   13;
	7145   :   00;
	7146   :   00;
	7147   :   00;
	7148   :   00;
	7149   :   00;
	714a   :   00;
	714b   :   00;
	714c   :   13;
	714d   :   00;
	714e   :   00;
	714f   :   00;
	7150   :   00;
	7151   :   00;
	7152   :   00;
	7153   :   00;
	7154   :   13;
	7155   :   00;
	7156   :   00;
	7157   :   00;
	7158   :   00;
	7159   :   00;
	715a   :   00;
	715b   :   00;
	715c   :   13;
	715d   :   00;
	715e   :   00;
	715f   :   00;
	7160   :   00;
	7161   :   00;
	7162   :   00;
	7163   :   00;
	7164   :   13;
	7165   :   00;
	7166   :   00;
	7167   :   00;
	7168   :   00;
	7169   :   00;
	716a   :   00;
	716b   :   00;
	716c   :   13;
	716d   :   00;
	716e   :   00;
	716f   :   00;
	7170   :   00;
	7171   :   00;
	7172   :   00;
	7173   :   00;
	7174   :   13;
	7175   :   00;
	7176   :   00;
	7177   :   00;
	7178   :   00;
	7179   :   00;
	717a   :   00;
	717b   :   00;
	717c   :   13;
	717d   :   00;
	717e   :   00;
	717f   :   00;
	7180   :   00;
	7181   :   00;
	7182   :   00;
	7183   :   00;
	7184   :   13;
	7185   :   00;
	7186   :   00;
	7187   :   00;
	7188   :   00;
	7189   :   00;
	718a   :   00;
	718b   :   00;
	718c   :   13;
	718d   :   00;
	718e   :   00;
	718f   :   00;
	7190   :   00;
	7191   :   00;
	7192   :   00;
	7193   :   00;
	7194   :   13;
	7195   :   00;
	7196   :   00;
	7197   :   00;
	7198   :   00;
	7199   :   00;
	719a   :   00;
	719b   :   00;
	719c   :   13;
	719d   :   00;
	719e   :   00;
	719f   :   00;
	71a0   :   00;
	71a1   :   17;
	71a2   :   17;
	71a3   :   17;
	71a4   :   13;
	71a5   :   00;
	71a6   :   00;
	71a7   :   00;
	71a8   :   1f;
	71a9   :   0d;
	71aa   :   0d;
	71ab   :   0d;
	71ac   :   13;
	71ad   :   00;
	71ae   :   00;
	71af   :   00;
	71b0   :   67;
	71b1   :   67;
	71b2   :   0d;
	71b3   :   0d;
	71b4   :   13;
	71b5   :   00;
	71b6   :   00;
	71b7   :   00;
	71b8   :   0e;
	71b9   :   04;
	71ba   :   03;
	71bb   :   03;
	71bc   :   13;
	71bd   :   00;
	71be   :   00;
	71bf   :   00;
	71c0   :   03;
	71c1   :   03;
	71c2   :   03;
	71c3   :   03;
	71c4   :   13;
	71c5   :   00;
	71c6   :   00;
	71c7   :   00;
	71c8   :   03;
	71c9   :   02;
	71ca   :   02;
	71cb   :   03;
	71cc   :   13;
	71cd   :   00;
	71ce   :   00;
	71cf   :   00;
	71d0   :   03;
	71d1   :   01;
	71d2   :   02;
	71d3   :   02;
	71d4   :   13;
	71d5   :   00;
	71d6   :   00;
	71d7   :   00;
	71d8   :   04;
	71d9   :   04;
	71da   :   03;
	71db   :   00;
	71dc   :   13;
	71dd   :   00;
	71de   :   00;
	71df   :   00;
	71e0   :   00;
	71e1   :   00;
	71e2   :   00;
	71e3   :   00;
	71e4   :   13;
	71e5   :   00;
	71e6   :   00;
	71e7   :   00;
	71e8   :   00;
	71e9   :   00;
	71ea   :   00;
	71eb   :   00;
	71ec   :   13;
	71ed   :   00;
	71ee   :   00;
	71ef   :   00;
	71f0   :   00;
	71f1   :   00;
	71f2   :   00;
	71f3   :   00;
	71f4   :   13;
	71f5   :   00;
	71f6   :   00;
	71f7   :   00;
	71f8   :   00;
	71f9   :   00;
	71fa   :   00;
	71fb   :   00;
	71fc   :   13;
	71fd   :   00;
	71fe   :   00;
	71ff   :   00;
	7200   :   00;
	7201   :   00;
	7202   :   00;
	7203   :   00;
	7204   :   13;
	7205   :   00;
	7206   :   00;
	7207   :   00;
	7208   :   00;
	7209   :   00;
	720a   :   00;
	720b   :   00;
	720c   :   13;
	720d   :   00;
	720e   :   00;
	720f   :   00;
	7210   :   00;
	7211   :   00;
	7212   :   00;
	7213   :   00;
	7214   :   13;
	7215   :   00;
	7216   :   00;
	7217   :   00;
	7218   :   00;
	7219   :   00;
	721a   :   00;
	721b   :   00;
	721c   :   13;
	721d   :   00;
	721e   :   00;
	721f   :   00;
	7220   :   00;
	7221   :   00;
	7222   :   00;
	7223   :   00;
	7224   :   13;
	7225   :   00;
	7226   :   00;
	7227   :   00;
	7228   :   00;
	7229   :   00;
	722a   :   00;
	722b   :   00;
	722c   :   13;
	722d   :   00;
	722e   :   00;
	722f   :   00;
	7230   :   00;
	7231   :   00;
	7232   :   00;
	7233   :   00;
	7234   :   13;
	7235   :   00;
	7236   :   00;
	7237   :   00;
	7238   :   00;
	7239   :   00;
	723a   :   00;
	723b   :   00;
	723c   :   13;
	723d   :   00;
	723e   :   00;
	723f   :   00;
	7240   :   00;
	7241   :   00;
	7242   :   00;
	7243   :   00;
	7244   :   13;
	7245   :   00;
	7246   :   00;
	7247   :   00;
	7248   :   00;
	7249   :   00;
	724a   :   00;
	724b   :   00;
	724c   :   13;
	724d   :   00;
	724e   :   00;
	724f   :   00;
	7250   :   00;
	7251   :   00;
	7252   :   00;
	7253   :   00;
	7254   :   13;
	7255   :   00;
	7256   :   00;
	7257   :   00;
	7258   :   00;
	7259   :   00;
	725a   :   00;
	725b   :   00;
	725c   :   13;
	725d   :   00;
	725e   :   00;
	725f   :   00;
	7260   :   00;
	7261   :   00;
	7262   :   00;
	7263   :   00;
	7264   :   13;
	7265   :   00;
	7266   :   00;
	7267   :   00;
	7268   :   00;
	7269   :   00;
	726a   :   00;
	726b   :   00;
	726c   :   13;
	726d   :   00;
	726e   :   00;
	726f   :   00;
	7270   :   00;
	7271   :   00;
	7272   :   00;
	7273   :   00;
	7274   :   13;
	7275   :   00;
	7276   :   00;
	7277   :   00;
	7278   :   00;
	7279   :   00;
	727a   :   00;
	727b   :   00;
	727c   :   13;
	727d   :   00;
	727e   :   00;
	727f   :   00;
	7280   :   00;
	7281   :   00;
	7282   :   00;
	7283   :   00;
	7284   :   13;
	7285   :   00;
	7286   :   00;
	7287   :   00;
	7288   :   00;
	7289   :   00;
	728a   :   00;
	728b   :   00;
	728c   :   13;
	728d   :   00;
	728e   :   00;
	728f   :   00;
	7290   :   00;
	7291   :   00;
	7292   :   00;
	7293   :   00;
	7294   :   13;
	7295   :   00;
	7296   :   00;
	7297   :   00;
	7298   :   00;
	7299   :   00;
	729a   :   00;
	729b   :   00;
	729c   :   13;
	729d   :   00;
	729e   :   00;
	729f   :   00;
	72a0   :   00;
	72a1   :   00;
	72a2   :   00;
	72a3   :   00;
	72a4   :   13;
	72a5   :   00;
	72a6   :   00;
	72a7   :   00;
	72a8   :   00;
	72a9   :   00;
	72aa   :   00;
	72ab   :   00;
	72ac   :   13;
	72ad   :   00;
	72ae   :   00;
	72af   :   00;
	72b0   :   00;
	72b1   :   00;
	72b2   :   00;
	72b3   :   00;
	72b4   :   13;
	72b5   :   00;
	72b6   :   00;
	72b7   :   00;
	72b8   :   00;
	72b9   :   00;
	72ba   :   00;
	72bb   :   00;
	72bc   :   13;
	72bd   :   00;
	72be   :   00;
	72bf   :   00;
	72c0   :   00;
	72c1   :   00;
	72c2   :   00;
	72c3   :   00;
	72c4   :   13;
	72c5   :   00;
	72c6   :   00;
	72c7   :   00;
	72c8   :   00;
	72c9   :   00;
	72ca   :   00;
	72cb   :   00;
	72cc   :   13;
	72cd   :   00;
	72ce   :   00;
	72cf   :   00;
	72d0   :   00;
	72d1   :   00;
	72d2   :   00;
	72d3   :   00;
	72d4   :   13;
	72d5   :   00;
	72d6   :   00;
	72d7   :   00;
	72d8   :   00;
	72d9   :   00;
	72da   :   00;
	72db   :   00;
	72dc   :   13;
	72dd   :   00;
	72de   :   00;
	72df   :   00;
	72e0   :   00;
	72e1   :   16;
	72e2   :   0e;
	72e3   :   17;
	72e4   :   13;
	72e5   :   00;
	72e6   :   00;
	72e7   :   00;
	72e8   :   0d;
	72e9   :   1e;
	72ea   :   67;
	72eb   :   67;
	72ec   :   13;
	72ed   :   00;
	72ee   :   00;
	72ef   :   00;
	72f0   :   67;
	72f1   :   15;
	72f2   :   0d;
	72f3   :   05;
	72f4   :   13;
	72f5   :   00;
	72f6   :   00;
	72f7   :   00;
	72f8   :   05;
	72f9   :   05;
	72fa   :   04;
	72fb   :   03;
	72fc   :   13;
	72fd   :   00;
	72fe   :   00;
	72ff   :   00;
	7300   :   03;
	7301   :   02;
	7302   :   01;
	7303   :   03;
	7304   :   13;
	7305   :   00;
	7306   :   00;
	7307   :   00;
	7308   :   03;
	7309   :   03;
	730a   :   04;
	730b   :   02;
	730c   :   13;
	730d   :   00;
	730e   :   00;
	730f   :   00;
	7310   :   02;
	7311   :   03;
	7312   :   04;
	7313   :   05;
	7314   :   13;
	7315   :   00;
	7316   :   00;
	7317   :   00;
	7318   :   04;
	7319   :   01;
	731a   :   02;
	731b   :   00;
	731c   :   13;
	731d   :   00;
	731e   :   00;
	731f   :   00;
	7320   :   00;
	7321   :   00;
	7322   :   00;
	7323   :   00;
	7324   :   13;
	7325   :   00;
	7326   :   00;
	7327   :   00;
	7328   :   00;
	7329   :   00;
	732a   :   00;
	732b   :   00;
	732c   :   13;
	732d   :   00;
	732e   :   00;
	732f   :   00;
	7330   :   00;
	7331   :   00;
	7332   :   00;
	7333   :   00;
	7334   :   13;
	7335   :   00;
	7336   :   00;
	7337   :   00;
	7338   :   00;
	7339   :   00;
	733a   :   00;
	733b   :   00;
	733c   :   13;
	733d   :   00;
	733e   :   00;
	733f   :   00;
	7340   :   00;
	7341   :   00;
	7342   :   00;
	7343   :   00;
	7344   :   13;
	7345   :   00;
	7346   :   00;
	7347   :   00;
	7348   :   00;
	7349   :   00;
	734a   :   00;
	734b   :   00;
	734c   :   13;
	734d   :   00;
	734e   :   00;
	734f   :   00;
	7350   :   00;
	7351   :   00;
	7352   :   00;
	7353   :   00;
	7354   :   13;
	7355   :   00;
	7356   :   00;
	7357   :   00;
	7358   :   00;
	7359   :   00;
	735a   :   00;
	735b   :   00;
	735c   :   13;
	735d   :   00;
	735e   :   00;
	735f   :   00;
	7360   :   00;
	7361   :   00;
	7362   :   00;
	7363   :   00;
	7364   :   13;
	7365   :   00;
	7366   :   00;
	7367   :   00;
	7368   :   00;
	7369   :   00;
	736a   :   00;
	736b   :   00;
	736c   :   13;
	736d   :   00;
	736e   :   00;
	736f   :   00;
	7370   :   00;
	7371   :   00;
	7372   :   00;
	7373   :   00;
	7374   :   13;
	7375   :   00;
	7376   :   00;
	7377   :   00;
	7378   :   00;
	7379   :   00;
	737a   :   00;
	737b   :   00;
	737c   :   13;
	737d   :   00;
	737e   :   00;
	737f   :   00;
	7380   :   00;
	7381   :   00;
	7382   :   00;
	7383   :   00;
	7384   :   13;
	7385   :   00;
	7386   :   00;
	7387   :   00;
	7388   :   00;
	7389   :   00;
	738a   :   00;
	738b   :   00;
	738c   :   13;
	738d   :   00;
	738e   :   00;
	738f   :   00;
	7390   :   00;
	7391   :   00;
	7392   :   00;
	7393   :   00;
	7394   :   13;
	7395   :   00;
	7396   :   00;
	7397   :   00;
	7398   :   00;
	7399   :   00;
	739a   :   00;
	739b   :   00;
	739c   :   13;
	739d   :   00;
	739e   :   00;
	739f   :   00;
	73a0   :   00;
	73a1   :   00;
	73a2   :   00;
	73a3   :   00;
	73a4   :   13;
	73a5   :   00;
	73a6   :   00;
	73a7   :   00;
	73a8   :   00;
	73a9   :   00;
	73aa   :   00;
	73ab   :   00;
	73ac   :   13;
	73ad   :   00;
	73ae   :   00;
	73af   :   00;
	73b0   :   00;
	73b1   :   00;
	73b2   :   00;
	73b3   :   00;
	73b4   :   13;
	73b5   :   00;
	73b6   :   00;
	73b7   :   00;
	73b8   :   00;
	73b9   :   00;
	73ba   :   00;
	73bb   :   00;
	73bc   :   13;
	73bd   :   00;
	73be   :   00;
	73bf   :   00;
	73c0   :   00;
	73c1   :   00;
	73c2   :   00;
	73c3   :   00;
	73c4   :   13;
	73c5   :   00;
	73c6   :   00;
	73c7   :   00;
	73c8   :   00;
	73c9   :   00;
	73ca   :   00;
	73cb   :   00;
	73cc   :   13;
	73cd   :   00;
	73ce   :   00;
	73cf   :   00;
	73d0   :   00;
	73d1   :   00;
	73d2   :   00;
	73d3   :   00;
	73d4   :   13;
	73d5   :   00;
	73d6   :   00;
	73d7   :   00;
	73d8   :   00;
	73d9   :   00;
	73da   :   00;
	73db   :   00;
	73dc   :   13;
	73dd   :   00;
	73de   :   00;
	73df   :   00;
	73e0   :   00;
	73e1   :   00;
	73e2   :   00;
	73e3   :   00;
	73e4   :   13;
	73e5   :   00;
	73e6   :   00;
	73e7   :   00;
	73e8   :   00;
	73e9   :   00;
	73ea   :   00;
	73eb   :   00;
	73ec   :   13;
	73ed   :   00;
	73ee   :   00;
	73ef   :   00;
	73f0   :   00;
	73f1   :   00;
	73f2   :   00;
	73f3   :   00;
	73f4   :   13;
	73f5   :   00;
	73f6   :   00;
	73f7   :   00;
	73f8   :   00;
	73f9   :   00;
	73fa   :   00;
	73fb   :   00;
	73fc   :   13;
	73fd   :   00;
	73fe   :   00;
	73ff   :   00;
	7400   :   00;
	7401   :   00;
	7402   :   00;
	7403   :   00;
	7404   :   13;
	7405   :   00;
	7406   :   00;
	7407   :   00;
	7408   :   00;
	7409   :   00;
	740a   :   00;
	740b   :   00;
	740c   :   13;
	740d   :   00;
	740e   :   00;
	740f   :   00;
	7410   :   00;
	7411   :   00;
	7412   :   00;
	7413   :   00;
	7414   :   13;
	7415   :   00;
	7416   :   00;
	7417   :   00;
	7418   :   00;
	7419   :   00;
	741a   :   00;
	741b   :   00;
	741c   :   13;
	741d   :   00;
	741e   :   00;
	741f   :   00;
	7420   :   00;
	7421   :   0e;
	7422   :   05;
	7423   :   03;
	7424   :   13;
	7425   :   00;
	7426   :   00;
	7427   :   00;
	7428   :   03;
	7429   :   15;
	742a   :   15;
	742b   :   15;
	742c   :   13;
	742d   :   00;
	742e   :   00;
	742f   :   00;
	7430   :   15;
	7431   :   0d;
	7432   :   0d;
	7433   :   0e;
	7434   :   13;
	7435   :   00;
	7436   :   00;
	7437   :   00;
	7438   :   0d;
	7439   :   0c;
	743a   :   0e;
	743b   :   05;
	743c   :   13;
	743d   :   00;
	743e   :   00;
	743f   :   00;
	7440   :   02;
	7441   :   02;
	7442   :   03;
	7443   :   03;
	7444   :   13;
	7445   :   00;
	7446   :   00;
	7447   :   00;
	7448   :   04;
	7449   :   04;
	744a   :   02;
	744b   :   03;
	744c   :   13;
	744d   :   00;
	744e   :   00;
	744f   :   00;
	7450   :   05;
	7451   :   04;
	7452   :   01;
	7453   :   01;
	7454   :   13;
	7455   :   00;
	7456   :   00;
	7457   :   00;
	7458   :   01;
	7459   :   02;
	745a   :   03;
	745b   :   00;
	745c   :   13;
	745d   :   00;
	745e   :   00;
	745f   :   00;
	7460   :   00;
	7461   :   00;
	7462   :   00;
	7463   :   00;
	7464   :   13;
	7465   :   00;
	7466   :   00;
	7467   :   00;
	7468   :   00;
	7469   :   00;
	746a   :   00;
	746b   :   00;
	746c   :   13;
	746d   :   00;
	746e   :   00;
	746f   :   00;
	7470   :   00;
	7471   :   00;
	7472   :   00;
	7473   :   00;
	7474   :   13;
	7475   :   00;
	7476   :   00;
	7477   :   00;
	7478   :   00;
	7479   :   00;
	747a   :   00;
	747b   :   00;
	747c   :   13;
	747d   :   00;
	747e   :   00;
	747f   :   00;
	7480   :   00;
	7481   :   00;
	7482   :   00;
	7483   :   00;
	7484   :   13;
	7485   :   00;
	7486   :   00;
	7487   :   00;
	7488   :   00;
	7489   :   00;
	748a   :   00;
	748b   :   00;
	748c   :   13;
	748d   :   00;
	748e   :   00;
	748f   :   00;
	7490   :   00;
	7491   :   00;
	7492   :   00;
	7493   :   00;
	7494   :   13;
	7495   :   00;
	7496   :   00;
	7497   :   00;
	7498   :   00;
	7499   :   00;
	749a   :   00;
	749b   :   00;
	749c   :   13;
	749d   :   00;
	749e   :   00;
	749f   :   00;
	74a0   :   00;
	74a1   :   00;
	74a2   :   00;
	74a3   :   00;
	74a4   :   13;
	74a5   :   00;
	74a6   :   00;
	74a7   :   00;
	74a8   :   00;
	74a9   :   00;
	74aa   :   00;
	74ab   :   00;
	74ac   :   13;
	74ad   :   00;
	74ae   :   00;
	74af   :   00;
	74b0   :   00;
	74b1   :   00;
	74b2   :   00;
	74b3   :   00;
	74b4   :   13;
	74b5   :   00;
	74b6   :   00;
	74b7   :   00;
	74b8   :   00;
	74b9   :   00;
	74ba   :   00;
	74bb   :   00;
	74bc   :   13;
	74bd   :   00;
	74be   :   00;
	74bf   :   00;
	74c0   :   00;
	74c1   :   00;
	74c2   :   00;
	74c3   :   00;
	74c4   :   13;
	74c5   :   00;
	74c6   :   00;
	74c7   :   00;
	74c8   :   00;
	74c9   :   00;
	74ca   :   00;
	74cb   :   00;
	74cc   :   13;
	74cd   :   00;
	74ce   :   00;
	74cf   :   00;
	74d0   :   00;
	74d1   :   00;
	74d2   :   00;
	74d3   :   00;
	74d4   :   13;
	74d5   :   00;
	74d6   :   00;
	74d7   :   00;
	74d8   :   00;
	74d9   :   00;
	74da   :   00;
	74db   :   00;
	74dc   :   13;
	74dd   :   00;
	74de   :   00;
	74df   :   00;
	74e0   :   00;
	74e1   :   00;
	74e2   :   00;
	74e3   :   00;
	74e4   :   13;
	74e5   :   00;
	74e6   :   00;
	74e7   :   00;
	74e8   :   00;
	74e9   :   00;
	74ea   :   00;
	74eb   :   00;
	74ec   :   13;
	74ed   :   00;
	74ee   :   00;
	74ef   :   00;
	74f0   :   00;
	74f1   :   00;
	74f2   :   00;
	74f3   :   00;
	74f4   :   13;
	74f5   :   00;
	74f6   :   00;
	74f7   :   00;
	74f8   :   00;
	74f9   :   00;
	74fa   :   00;
	74fb   :   00;
	74fc   :   13;
	74fd   :   00;
	74fe   :   00;
	74ff   :   00;
	7500   :   00;
	7501   :   00;
	7502   :   00;
	7503   :   00;
	7504   :   13;
	7505   :   00;
	7506   :   00;
	7507   :   00;
	7508   :   00;
	7509   :   00;
	750a   :   00;
	750b   :   00;
	750c   :   13;
	750d   :   00;
	750e   :   00;
	750f   :   00;
	7510   :   00;
	7511   :   00;
	7512   :   00;
	7513   :   00;
	7514   :   13;
	7515   :   00;
	7516   :   00;
	7517   :   00;
	7518   :   00;
	7519   :   00;
	751a   :   00;
	751b   :   00;
	751c   :   13;
	751d   :   00;
	751e   :   00;
	751f   :   00;
	7520   :   00;
	7521   :   00;
	7522   :   00;
	7523   :   00;
	7524   :   13;
	7525   :   00;
	7526   :   00;
	7527   :   00;
	7528   :   00;
	7529   :   00;
	752a   :   00;
	752b   :   00;
	752c   :   13;
	752d   :   00;
	752e   :   00;
	752f   :   00;
	7530   :   00;
	7531   :   00;
	7532   :   00;
	7533   :   00;
	7534   :   13;
	7535   :   00;
	7536   :   00;
	7537   :   00;
	7538   :   00;
	7539   :   00;
	753a   :   00;
	753b   :   00;
	753c   :   13;
	753d   :   00;
	753e   :   00;
	753f   :   00;
	7540   :   00;
	7541   :   00;
	7542   :   00;
	7543   :   00;
	7544   :   13;
	7545   :   00;
	7546   :   00;
	7547   :   00;
	7548   :   00;
	7549   :   00;
	754a   :   00;
	754b   :   00;
	754c   :   13;
	754d   :   00;
	754e   :   00;
	754f   :   00;
	7550   :   00;
	7551   :   00;
	7552   :   00;
	7553   :   00;
	7554   :   13;
	7555   :   00;
	7556   :   00;
	7557   :   00;
	7558   :   00;
	7559   :   00;
	755a   :   00;
	755b   :   00;
	755c   :   13;
	755d   :   00;
	755e   :   00;
	755f   :   00;
	7560   :   00;
	7561   :   05;
	7562   :   03;
	7563   :   02;
	7564   :   13;
	7565   :   00;
	7566   :   00;
	7567   :   00;
	7568   :   03;
	7569   :   0b;
	756a   :   0c;
	756b   :   15;
	756c   :   13;
	756d   :   00;
	756e   :   00;
	756f   :   00;
	7570   :   14;
	7571   :   1c;
	7572   :   0d;
	7573   :   0e;
	7574   :   13;
	7575   :   00;
	7576   :   00;
	7577   :   00;
	7578   :   0d;
	7579   :   04;
	757a   :   03;
	757b   :   05;
	757c   :   13;
	757d   :   00;
	757e   :   00;
	757f   :   00;
	7580   :   02;
	7581   :   03;
	7582   :   04;
	7583   :   03;
	7584   :   13;
	7585   :   00;
	7586   :   00;
	7587   :   00;
	7588   :   03;
	7589   :   02;
	758a   :   03;
	758b   :   05;
	758c   :   13;
	758d   :   00;
	758e   :   00;
	758f   :   00;
	7590   :   05;
	7591   :   01;
	7592   :   00;
	7593   :   02;
	7594   :   13;
	7595   :   00;
	7596   :   00;
	7597   :   00;
	7598   :   03;
	7599   :   03;
	759a   :   04;
	759b   :   00;
	759c   :   13;
	759d   :   00;
	759e   :   00;
	759f   :   00;
	75a0   :   00;
	75a1   :   00;
	75a2   :   00;
	75a3   :   00;
	75a4   :   13;
	75a5   :   00;
	75a6   :   00;
	75a7   :   00;
	75a8   :   00;
	75a9   :   00;
	75aa   :   00;
	75ab   :   00;
	75ac   :   13;
	75ad   :   00;
	75ae   :   00;
	75af   :   00;
	75b0   :   00;
	75b1   :   00;
	75b2   :   00;
	75b3   :   00;
	75b4   :   13;
	75b5   :   00;
	75b6   :   00;
	75b7   :   00;
	75b8   :   00;
	75b9   :   00;
	75ba   :   00;
	75bb   :   00;
	75bc   :   13;
	75bd   :   00;
	75be   :   00;
	75bf   :   00;
	75c0   :   00;
	75c1   :   00;
	75c2   :   00;
	75c3   :   00;
	75c4   :   13;
	75c5   :   00;
	75c6   :   00;
	75c7   :   00;
	75c8   :   00;
	75c9   :   00;
	75ca   :   00;
	75cb   :   00;
	75cc   :   13;
	75cd   :   00;
	75ce   :   00;
	75cf   :   00;
	75d0   :   00;
	75d1   :   00;
	75d2   :   00;
	75d3   :   00;
	75d4   :   13;
	75d5   :   00;
	75d6   :   00;
	75d7   :   00;
	75d8   :   00;
	75d9   :   00;
	75da   :   00;
	75db   :   00;
	75dc   :   13;
	75dd   :   00;
	75de   :   00;
	75df   :   00;
	75e0   :   00;
	75e1   :   00;
	75e2   :   00;
	75e3   :   00;
	75e4   :   13;
	75e5   :   00;
	75e6   :   00;
	75e7   :   00;
	75e8   :   00;
	75e9   :   00;
	75ea   :   00;
	75eb   :   00;
	75ec   :   13;
	75ed   :   00;
	75ee   :   00;
	75ef   :   00;
	75f0   :   00;
	75f1   :   00;
	75f2   :   00;
	75f3   :   00;
	75f4   :   13;
	75f5   :   00;
	75f6   :   00;
	75f7   :   00;
	75f8   :   00;
	75f9   :   00;
	75fa   :   00;
	75fb   :   00;
	75fc   :   13;
	75fd   :   00;
	75fe   :   00;
	75ff   :   00;
	7600   :   00;
	7601   :   00;
	7602   :   00;
	7603   :   00;
	7604   :   13;
	7605   :   00;
	7606   :   00;
	7607   :   00;
	7608   :   00;
	7609   :   00;
	760a   :   00;
	760b   :   00;
	760c   :   13;
	760d   :   00;
	760e   :   00;
	760f   :   00;
	7610   :   00;
	7611   :   00;
	7612   :   00;
	7613   :   00;
	7614   :   13;
	7615   :   00;
	7616   :   00;
	7617   :   00;
	7618   :   00;
	7619   :   00;
	761a   :   00;
	761b   :   00;
	761c   :   13;
	761d   :   00;
	761e   :   00;
	761f   :   00;
	7620   :   00;
	7621   :   00;
	7622   :   00;
	7623   :   00;
	7624   :   13;
	7625   :   00;
	7626   :   00;
	7627   :   00;
	7628   :   00;
	7629   :   00;
	762a   :   00;
	762b   :   00;
	762c   :   13;
	762d   :   00;
	762e   :   00;
	762f   :   00;
	7630   :   00;
	7631   :   00;
	7632   :   00;
	7633   :   00;
	7634   :   13;
	7635   :   00;
	7636   :   00;
	7637   :   00;
	7638   :   00;
	7639   :   00;
	763a   :   00;
	763b   :   00;
	763c   :   13;
	763d   :   00;
	763e   :   00;
	763f   :   00;
	7640   :   00;
	7641   :   00;
	7642   :   00;
	7643   :   00;
	7644   :   13;
	7645   :   00;
	7646   :   00;
	7647   :   00;
	7648   :   00;
	7649   :   00;
	764a   :   00;
	764b   :   00;
	764c   :   13;
	764d   :   00;
	764e   :   00;
	764f   :   00;
	7650   :   00;
	7651   :   00;
	7652   :   00;
	7653   :   00;
	7654   :   13;
	7655   :   00;
	7656   :   00;
	7657   :   00;
	7658   :   00;
	7659   :   00;
	765a   :   00;
	765b   :   00;
	765c   :   13;
	765d   :   00;
	765e   :   00;
	765f   :   00;
	7660   :   00;
	7661   :   00;
	7662   :   00;
	7663   :   00;
	7664   :   13;
	7665   :   00;
	7666   :   00;
	7667   :   00;
	7668   :   00;
	7669   :   00;
	766a   :   00;
	766b   :   00;
	766c   :   13;
	766d   :   00;
	766e   :   00;
	766f   :   00;
	7670   :   00;
	7671   :   00;
	7672   :   00;
	7673   :   00;
	7674   :   13;
	7675   :   00;
	7676   :   00;
	7677   :   00;
	7678   :   00;
	7679   :   00;
	767a   :   00;
	767b   :   00;
	767c   :   13;
	767d   :   00;
	767e   :   00;
	767f   :   00;
	7680   :   00;
	7681   :   00;
	7682   :   00;
	7683   :   00;
	7684   :   13;
	7685   :   00;
	7686   :   00;
	7687   :   00;
	7688   :   00;
	7689   :   00;
	768a   :   00;
	768b   :   00;
	768c   :   13;
	768d   :   00;
	768e   :   00;
	768f   :   00;
	7690   :   00;
	7691   :   00;
	7692   :   00;
	7693   :   00;
	7694   :   13;
	7695   :   00;
	7696   :   00;
	7697   :   00;
	7698   :   00;
	7699   :   00;
	769a   :   00;
	769b   :   00;
	769c   :   13;
	769d   :   00;
	769e   :   00;
	769f   :   00;
	76a0   :   00;
	76a1   :   0c;
	76a2   :   5d;
	76a3   :   a5;
	76a4   :   13;
	76a5   :   00;
	76a6   :   00;
	76a7   :   00;
	76a8   :   76;
	76a9   :   6d;
	76aa   :   6c;
	76ab   :   23;
	76ac   :   13;
	76ad   :   00;
	76ae   :   00;
	76af   :   00;
	76b0   :   1b;
	76b1   :   13;
	76b2   :   15;
	76b3   :   0d;
	76b4   :   13;
	76b5   :   00;
	76b6   :   00;
	76b7   :   00;
	76b8   :   0d;
	76b9   :   04;
	76ba   :   01;
	76bb   :   01;
	76bc   :   13;
	76bd   :   00;
	76be   :   00;
	76bf   :   00;
	76c0   :   04;
	76c1   :   03;
	76c2   :   03;
	76c3   :   02;
	76c4   :   13;
	76c5   :   00;
	76c6   :   00;
	76c7   :   00;
	76c8   :   02;
	76c9   :   04;
	76ca   :   05;
	76cb   :   0d;
	76cc   :   13;
	76cd   :   00;
	76ce   :   00;
	76cf   :   00;
	76d0   :   02;
	76d1   :   02;
	76d2   :   04;
	76d3   :   04;
	76d4   :   13;
	76d5   :   00;
	76d6   :   00;
	76d7   :   00;
	76d8   :   04;
	76d9   :   0d;
	76da   :   0d;
	76db   :   00;
	76dc   :   13;
	76dd   :   00;
	76de   :   00;
	76df   :   00;
	76e0   :   00;
	76e1   :   00;
	76e2   :   00;
	76e3   :   00;
	76e4   :   13;
	76e5   :   00;
	76e6   :   00;
	76e7   :   00;
	76e8   :   00;
	76e9   :   00;
	76ea   :   00;
	76eb   :   00;
	76ec   :   13;
	76ed   :   00;
	76ee   :   00;
	76ef   :   00;
	76f0   :   00;
	76f1   :   00;
	76f2   :   00;
	76f3   :   00;
	76f4   :   13;
	76f5   :   00;
	76f6   :   00;
	76f7   :   00;
	76f8   :   00;
	76f9   :   00;
	76fa   :   00;
	76fb   :   00;
	76fc   :   13;
	76fd   :   00;
	76fe   :   00;
	76ff   :   00;
	7700   :   00;
	7701   :   00;
	7702   :   00;
	7703   :   00;
	7704   :   13;
	7705   :   00;
	7706   :   00;
	7707   :   00;
	7708   :   00;
	7709   :   00;
	770a   :   00;
	770b   :   00;
	770c   :   13;
	770d   :   00;
	770e   :   00;
	770f   :   00;
	7710   :   00;
	7711   :   00;
	7712   :   00;
	7713   :   00;
	7714   :   13;
	7715   :   00;
	7716   :   00;
	7717   :   00;
	7718   :   00;
	7719   :   00;
	771a   :   00;
	771b   :   00;
	771c   :   13;
	771d   :   00;
	771e   :   00;
	771f   :   00;
	7720   :   00;
	7721   :   00;
	7722   :   00;
	7723   :   00;
	7724   :   13;
	7725   :   00;
	7726   :   00;
	7727   :   00;
	7728   :   00;
	7729   :   00;
	772a   :   00;
	772b   :   00;
	772c   :   13;
	772d   :   00;
	772e   :   00;
	772f   :   00;
	7730   :   00;
	7731   :   00;
	7732   :   00;
	7733   :   00;
	7734   :   13;
	7735   :   00;
	7736   :   00;
	7737   :   00;
	7738   :   00;
	7739   :   00;
	773a   :   00;
	773b   :   00;
	773c   :   13;
	773d   :   00;
	773e   :   00;
	773f   :   00;
	7740   :   00;
	7741   :   00;
	7742   :   00;
	7743   :   00;
	7744   :   13;
	7745   :   00;
	7746   :   00;
	7747   :   00;
	7748   :   00;
	7749   :   00;
	774a   :   00;
	774b   :   00;
	774c   :   13;
	774d   :   00;
	774e   :   00;
	774f   :   00;
	7750   :   00;
	7751   :   00;
	7752   :   00;
	7753   :   00;
	7754   :   13;
	7755   :   00;
	7756   :   00;
	7757   :   00;
	7758   :   00;
	7759   :   00;
	775a   :   00;
	775b   :   00;
	775c   :   13;
	775d   :   00;
	775e   :   00;
	775f   :   00;
	7760   :   00;
	7761   :   00;
	7762   :   00;
	7763   :   00;
	7764   :   13;
	7765   :   00;
	7766   :   00;
	7767   :   00;
	7768   :   00;
	7769   :   00;
	776a   :   00;
	776b   :   00;
	776c   :   13;
	776d   :   00;
	776e   :   00;
	776f   :   00;
	7770   :   00;
	7771   :   00;
	7772   :   00;
	7773   :   00;
	7774   :   13;
	7775   :   00;
	7776   :   00;
	7777   :   00;
	7778   :   00;
	7779   :   00;
	777a   :   00;
	777b   :   00;
	777c   :   13;
	777d   :   00;
	777e   :   00;
	777f   :   00;
	7780   :   00;
	7781   :   00;
	7782   :   00;
	7783   :   00;
	7784   :   13;
	7785   :   00;
	7786   :   00;
	7787   :   00;
	7788   :   00;
	7789   :   00;
	778a   :   00;
	778b   :   00;
	778c   :   13;
	778d   :   00;
	778e   :   00;
	778f   :   00;
	7790   :   00;
	7791   :   00;
	7792   :   00;
	7793   :   00;
	7794   :   13;
	7795   :   00;
	7796   :   00;
	7797   :   00;
	7798   :   00;
	7799   :   00;
	779a   :   00;
	779b   :   00;
	779c   :   13;
	779d   :   00;
	779e   :   00;
	779f   :   00;
	77a0   :   00;
	77a1   :   00;
	77a2   :   00;
	77a3   :   00;
	77a4   :   13;
	77a5   :   00;
	77a6   :   00;
	77a7   :   00;
	77a8   :   00;
	77a9   :   00;
	77aa   :   00;
	77ab   :   00;
	77ac   :   13;
	77ad   :   00;
	77ae   :   00;
	77af   :   00;
	77b0   :   00;
	77b1   :   00;
	77b2   :   00;
	77b3   :   00;
	77b4   :   13;
	77b5   :   00;
	77b6   :   00;
	77b7   :   00;
	77b8   :   00;
	77b9   :   00;
	77ba   :   00;
	77bb   :   00;
	77bc   :   13;
	77bd   :   00;
	77be   :   00;
	77bf   :   00;
	77c0   :   00;
	77c1   :   00;
	77c2   :   00;
	77c3   :   00;
	77c4   :   13;
	77c5   :   00;
	77c6   :   00;
	77c7   :   00;
	77c8   :   00;
	77c9   :   00;
	77ca   :   00;
	77cb   :   00;
	77cc   :   13;
	77cd   :   00;
	77ce   :   00;
	77cf   :   00;
	77d0   :   00;
	77d1   :   00;
	77d2   :   00;
	77d3   :   00;
	77d4   :   13;
	77d5   :   00;
	77d6   :   00;
	77d7   :   00;
	77d8   :   00;
	77d9   :   00;
	77da   :   00;
	77db   :   00;
	77dc   :   13;
	77dd   :   00;
	77de   :   00;
	77df   :   00;
	77e0   :   00;
	77e1   :   6c;
	77e2   :   75;
	77e3   :   75;
	77e4   :   13;
	77e5   :   00;
	77e6   :   00;
	77e7   :   00;
	77e8   :   b4;
	77e9   :   ab;
	77ea   :   6a;
	77eb   :   61;
	77ec   :   13;
	77ed   :   00;
	77ee   :   00;
	77ef   :   00;
	77f0   :   61;
	77f1   :   5a;
	77f2   :   1b;
	77f3   :   1b;
	77f4   :   13;
	77f5   :   00;
	77f6   :   00;
	77f7   :   00;
	77f8   :   14;
	77f9   :   0b;
	77fa   :   03;
	77fb   :   02;
	77fc   :   13;
	77fd   :   00;
	77fe   :   00;
	77ff   :   00;
	7800   :   02;
	7801   :   01;
	7802   :   02;
	7803   :   04;
	7804   :   13;
	7805   :   00;
	7806   :   00;
	7807   :   00;
	7808   :   05;
	7809   :   0e;
	780a   :   0d;
	780b   :   03;
	780c   :   13;
	780d   :   00;
	780e   :   00;
	780f   :   00;
	7810   :   03;
	7811   :   04;
	7812   :   0d;
	7813   :   0e;
	7814   :   13;
	7815   :   00;
	7816   :   00;
	7817   :   00;
	7818   :   02;
	7819   :   04;
	781a   :   0e;
	781b   :   0e;
	781c   :   13;
	781d   :   00;
	781e   :   00;
	781f   :   00;
	7820   :   02;
	7821   :   02;
	7822   :   02;
	7823   :   04;
	7824   :   13;
	7825   :   00;
	7826   :   00;
	7827   :   00;
	7828   :   05;
	7829   :   05;
	782a   :   04;
	782b   :   03;
	782c   :   13;
	782d   :   00;
	782e   :   00;
	782f   :   00;
	7830   :   02;
	7831   :   01;
	7832   :   01;
	7833   :   00;
	7834   :   13;
	7835   :   00;
	7836   :   00;
	7837   :   00;
	7838   :   00;
	7839   :   00;
	783a   :   02;
	783b   :   0e;
	783c   :   13;
	783d   :   00;
	783e   :   00;
	783f   :   00;
	7840   :   0e;
	7841   :   0e;
	7842   :   06;
	7843   :   06;
	7844   :   13;
	7845   :   00;
	7846   :   00;
	7847   :   00;
	7848   :   0e;
	7849   :   0e;
	784a   :   05;
	784b   :   05;
	784c   :   13;
	784d   :   00;
	784e   :   00;
	784f   :   00;
	7850   :   06;
	7851   :   0e;
	7852   :   0e;
	7853   :   05;
	7854   :   13;
	7855   :   00;
	7856   :   00;
	7857   :   00;
	7858   :   04;
	7859   :   05;
	785a   :   05;
	785b   :   06;
	785c   :   13;
	785d   :   00;
	785e   :   00;
	785f   :   00;
	7860   :   06;
	7861   :   06;
	7862   :   06;
	7863   :   06;
	7864   :   13;
	7865   :   00;
	7866   :   00;
	7867   :   00;
	7868   :   0d;
	7869   :   0e;
	786a   :   03;
	786b   :   04;
	786c   :   13;
	786d   :   00;
	786e   :   00;
	786f   :   00;
	7870   :   05;
	7871   :   05;
	7872   :   06;
	7873   :   06;
	7874   :   13;
	7875   :   00;
	7876   :   00;
	7877   :   00;
	7878   :   05;
	7879   :   04;
	787a   :   04;
	787b   :   03;
	787c   :   13;
	787d   :   00;
	787e   :   00;
	787f   :   00;
	7880   :   02;
	7881   :   00;
	7882   :   02;
	7883   :   02;
	7884   :   13;
	7885   :   00;
	7886   :   00;
	7887   :   00;
	7888   :   02;
	7889   :   03;
	788a   :   0d;
	788b   :   0e;
	788c   :   13;
	788d   :   00;
	788e   :   00;
	788f   :   00;
	7890   :   0e;
	7891   :   0d;
	7892   :   0b;
	7893   :   02;
	7894   :   13;
	7895   :   00;
	7896   :   00;
	7897   :   00;
	7898   :   03;
	7899   :   05;
	789a   :   04;
	789b   :   01;
	789c   :   13;
	789d   :   00;
	789e   :   00;
	789f   :   00;
	78a0   :   03;
	78a1   :   0c;
	78a2   :   0d;
	78a3   :   0d;
	78a4   :   13;
	78a5   :   00;
	78a6   :   00;
	78a7   :   00;
	78a8   :   0e;
	78a9   :   17;
	78aa   :   17;
	78ab   :   17;
	78ac   :   13;
	78ad   :   00;
	78ae   :   00;
	78af   :   00;
	78b0   :   17;
	78b1   :   17;
	78b2   :   17;
	78b3   :   17;
	78b4   :   13;
	78b5   :   00;
	78b6   :   00;
	78b7   :   00;
	78b8   :   17;
	78b9   :   0f;
	78ba   :   0e;
	78bb   :   05;
	78bc   :   13;
	78bd   :   00;
	78be   :   00;
	78bf   :   00;
	78c0   :   05;
	78c1   :   04;
	78c2   :   0d;
	78c3   :   1e;
	78c4   :   13;
	78c5   :   00;
	78c6   :   00;
	78c7   :   00;
	78c8   :   17;
	78c9   :   16;
	78ca   :   16;
	78cb   :   16;
	78cc   :   13;
	78cd   :   00;
	78ce   :   00;
	78cf   :   00;
	78d0   :   0c;
	78d1   :   02;
	78d2   :   01;
	78d3   :   03;
	78d4   :   13;
	78d5   :   00;
	78d6   :   00;
	78d7   :   00;
	78d8   :   05;
	78d9   :   02;
	78da   :   00;
	78db   :   01;
	78dc   :   13;
	78dd   :   00;
	78de   :   00;
	78df   :   00;
	78e0   :   04;
	78e1   :   04;
	78e2   :   04;
	78e3   :   05;
	78e4   :   13;
	78e5   :   00;
	78e6   :   00;
	78e7   :   00;
	78e8   :   06;
	78e9   :   06;
	78ea   :   05;
	78eb   :   0e;
	78ec   :   13;
	78ed   :   00;
	78ee   :   00;
	78ef   :   00;
	78f0   :   06;
	78f1   :   0e;
	78f2   :   04;
	78f3   :   05;
	78f4   :   13;
	78f5   :   00;
	78f6   :   00;
	78f7   :   00;
	78f8   :   04;
	78f9   :   04;
	78fa   :   05;
	78fb   :   05;
	78fc   :   13;
	78fd   :   00;
	78fe   :   00;
	78ff   :   00;
	7900   :   05;
	7901   :   05;
	7902   :   03;
	7903   :   02;
	7904   :   13;
	7905   :   00;
	7906   :   00;
	7907   :   00;
	7908   :   02;
	7909   :   01;
	790a   :   01;
	790b   :   01;
	790c   :   13;
	790d   :   00;
	790e   :   00;
	790f   :   00;
	7910   :   02;
	7911   :   09;
	7912   :   09;
	7913   :   0a;
	7914   :   13;
	7915   :   00;
	7916   :   00;
	7917   :   00;
	7918   :   02;
	7919   :   03;
	791a   :   0a;
	791b   :   19;
	791c   :   13;
	791d   :   00;
	791e   :   00;
	791f   :   00;
	7920   :   19;
	7921   :   61;
	7922   :   61;
	7923   :   61;
	7924   :   13;
	7925   :   00;
	7926   :   00;
	7927   :   00;
	7928   :   60;
	7929   :   61;
	792a   :   61;
	792b   :   62;
	792c   :   13;
	792d   :   00;
	792e   :   00;
	792f   :   00;
	7930   :   63;
	7931   :   1b;
	7932   :   1c;
	7933   :   5b;
	7934   :   13;
	7935   :   00;
	7936   :   00;
	7937   :   00;
	7938   :   1b;
	7939   :   12;
	793a   :   13;
	793b   :   0b;
	793c   :   13;
	793d   :   00;
	793e   :   00;
	793f   :   00;
	7940   :   02;
	7941   :   04;
	7942   :   05;
	7943   :   05;
	7944   :   13;
	7945   :   00;
	7946   :   00;
	7947   :   00;
	7948   :   04;
	7949   :   03;
	794a   :   02;
	794b   :   04;
	794c   :   13;
	794d   :   00;
	794e   :   00;
	794f   :   00;
	7950   :   04;
	7951   :   0d;
	7952   :   0d;
	7953   :   0e;
	7954   :   13;
	7955   :   00;
	7956   :   00;
	7957   :   00;
	7958   :   05;
	7959   :   02;
	795a   :   0d;
	795b   :   04;
	795c   :   13;
	795d   :   00;
	795e   :   00;
	795f   :   00;
	7960   :   01;
	7961   :   01;
	7962   :   01;
	7963   :   02;
	7964   :   13;
	7965   :   00;
	7966   :   00;
	7967   :   00;
	7968   :   02;
	7969   :   01;
	796a   :   01;
	796b   :   01;
	796c   :   13;
	796d   :   00;
	796e   :   00;
	796f   :   00;
	7970   :   01;
	7971   :   01;
	7972   :   01;
	7973   :   01;
	7974   :   13;
	7975   :   00;
	7976   :   00;
	7977   :   00;
	7978   :   01;
	7979   :   00;
	797a   :   01;
	797b   :   02;
	797c   :   13;
	797d   :   00;
	797e   :   00;
	797f   :   00;
	7980   :   03;
	7981   :   03;
	7982   :   04;
	7983   :   05;
	7984   :   13;
	7985   :   00;
	7986   :   00;
	7987   :   00;
	7988   :   05;
	7989   :   05;
	798a   :   0e;
	798b   :   0e;
	798c   :   13;
	798d   :   00;
	798e   :   00;
	798f   :   00;
	7990   :   0e;
	7991   :   0e;
	7992   :   0e;
	7993   :   05;
	7994   :   13;
	7995   :   00;
	7996   :   00;
	7997   :   00;
	7998   :   05;
	7999   :   05;
	799a   :   0e;
	799b   :   0e;
	799c   :   13;
	799d   :   00;
	799e   :   00;
	799f   :   00;
	79a0   :   0d;
	79a1   :   15;
	79a2   :   16;
	79a3   :   1e;
	79a4   :   13;
	79a5   :   00;
	79a6   :   00;
	79a7   :   00;
	79a8   :   1d;
	79a9   :   5d;
	79aa   :   5d;
	79ab   :   5d;
	79ac   :   13;
	79ad   :   00;
	79ae   :   00;
	79af   :   00;
	79b0   :   55;
	79b1   :   0d;
	79b2   :   04;
	79b3   :   04;
	79b4   :   13;
	79b5   :   00;
	79b6   :   00;
	79b7   :   00;
	79b8   :   05;
	79b9   :   0f;
	79ba   :   0f;
	79bb   :   0e;
	79bc   :   13;
	79bd   :   00;
	79be   :   00;
	79bf   :   00;
	79c0   :   0e;
	79c1   :   02;
	79c2   :   02;
	79c3   :   02;
	79c4   :   13;
	79c5   :   00;
	79c6   :   00;
	79c7   :   00;
	79c8   :   02;
	79c9   :   02;
	79ca   :   02;
	79cb   :   03;
	79cc   :   13;
	79cd   :   00;
	79ce   :   00;
	79cf   :   00;
	79d0   :   04;
	79d1   :   04;
	79d2   :   0d;
	79d3   :   0d;
	79d4   :   13;
	79d5   :   00;
	79d6   :   00;
	79d7   :   00;
	79d8   :   03;
	79d9   :   03;
	79da   :   05;
	79db   :   0e;
	79dc   :   13;
	79dd   :   00;
	79de   :   00;
	79df   :   00;
	79e0   :   0f;
	79e1   :   17;
	79e2   :   17;
	79e3   :   0f;
	79e4   :   13;
	79e5   :   00;
	79e6   :   00;
	79e7   :   00;
	79e8   :   0f;
	79e9   :   0d;
	79ea   :   0f;
	79eb   :   0e;
	79ec   :   13;
	79ed   :   00;
	79ee   :   00;
	79ef   :   00;
	79f0   :   0e;
	79f1   :   0f;
	79f2   :   0f;
	79f3   :   0f;
	79f4   :   13;
	79f5   :   00;
	79f6   :   00;
	79f7   :   00;
	79f8   :   0f;
	79f9   :   0e;
	79fa   :   05;
	79fb   :   04;
	79fc   :   13;
	79fd   :   00;
	79fe   :   00;
	79ff   :   00;
	7a00   :   05;
	7a01   :   0d;
	7a02   :   5f;
	7a03   :   5f;
	7a04   :   13;
	7a05   :   00;
	7a06   :   00;
	7a07   :   00;
	7a08   :   16;
	7a09   :   0e;
	7a0a   :   05;
	7a0b   :   05;
	7a0c   :   13;
	7a0d   :   00;
	7a0e   :   00;
	7a0f   :   00;
	7a10   :   0e;
	7a11   :   05;
	7a12   :   03;
	7a13   :   02;
	7a14   :   13;
	7a15   :   00;
	7a16   :   00;
	7a17   :   00;
	7a18   :   03;
	7a19   :   04;
	7a1a   :   01;
	7a1b   :   01;
	7a1c   :   13;
	7a1d   :   00;
	7a1e   :   00;
	7a1f   :   00;
	7a20   :   03;
	7a21   :   04;
	7a22   :   04;
	7a23   :   04;
	7a24   :   13;
	7a25   :   00;
	7a26   :   00;
	7a27   :   00;
	7a28   :   04;
	7a29   :   05;
	7a2a   :   04;
	7a2b   :   04;
	7a2c   :   13;
	7a2d   :   00;
	7a2e   :   00;
	7a2f   :   00;
	7a30   :   05;
	7a31   :   04;
	7a32   :   05;
	7a33   :   04;
	7a34   :   13;
	7a35   :   00;
	7a36   :   00;
	7a37   :   00;
	7a38   :   04;
	7a39   :   04;
	7a3a   :   03;
	7a3b   :   04;
	7a3c   :   13;
	7a3d   :   00;
	7a3e   :   00;
	7a3f   :   00;
	7a40   :   04;
	7a41   :   04;
	7a42   :   04;
	7a43   :   04;
	7a44   :   13;
	7a45   :   00;
	7a46   :   00;
	7a47   :   00;
	7a48   :   03;
	7a49   :   02;
	7a4a   :   01;
	7a4b   :   02;
	7a4c   :   13;
	7a4d   :   00;
	7a4e   :   00;
	7a4f   :   00;
	7a50   :   02;
	7a51   :   10;
	7a52   :   5a;
	7a53   :   19;
	7a54   :   13;
	7a55   :   00;
	7a56   :   00;
	7a57   :   00;
	7a58   :   11;
	7a59   :   0a;
	7a5a   :   0a;
	7a5b   :   12;
	7a5c   :   13;
	7a5d   :   00;
	7a5e   :   00;
	7a5f   :   00;
	7a60   :   19;
	7a61   :   58;
	7a62   :   19;
	7a63   :   19;
	7a64   :   13;
	7a65   :   00;
	7a66   :   00;
	7a67   :   00;
	7a68   :   18;
	7a69   :   58;
	7a6a   :   10;
	7a6b   :   18;
	7a6c   :   13;
	7a6d   :   00;
	7a6e   :   00;
	7a6f   :   00;
	7a70   :   19;
	7a71   :   1a;
	7a72   :   59;
	7a73   :   1b;
	7a74   :   13;
	7a75   :   00;
	7a76   :   00;
	7a77   :   00;
	7a78   :   1b;
	7a79   :   19;
	7a7a   :   12;
	7a7b   :   12;
	7a7c   :   13;
	7a7d   :   00;
	7a7e   :   00;
	7a7f   :   00;
	7a80   :   05;
	7a81   :   06;
	7a82   :   04;
	7a83   :   01;
	7a84   :   13;
	7a85   :   00;
	7a86   :   00;
	7a87   :   00;
	7a88   :   00;
	7a89   :   01;
	7a8a   :   04;
	7a8b   :   04;
	7a8c   :   13;
	7a8d   :   00;
	7a8e   :   00;
	7a8f   :   00;
	7a90   :   05;
	7a91   :   0e;
	7a92   :   04;
	7a93   :   02;
	7a94   :   13;
	7a95   :   00;
	7a96   :   00;
	7a97   :   00;
	7a98   :   0c;
	7a99   :   04;
	7a9a   :   02;
	7a9b   :   00;
	7a9c   :   13;
	7a9d   :   00;
	7a9e   :   00;
	7a9f   :   00;
	7aa0   :   00;
	7aa1   :   02;
	7aa2   :   02;
	7aa3   :   03;
	7aa4   :   13;
	7aa5   :   00;
	7aa6   :   00;
	7aa7   :   00;
	7aa8   :   03;
	7aa9   :   03;
	7aaa   :   03;
	7aab   :   02;
	7aac   :   13;
	7aad   :   00;
	7aae   :   00;
	7aaf   :   00;
	7ab0   :   02;
	7ab1   :   02;
	7ab2   :   01;
	7ab3   :   01;
	7ab4   :   13;
	7ab5   :   00;
	7ab6   :   00;
	7ab7   :   00;
	7ab8   :   01;
	7ab9   :   01;
	7aba   :   00;
	7abb   :   01;
	7abc   :   13;
	7abd   :   00;
	7abe   :   00;
	7abf   :   00;
	7ac0   :   01;
	7ac1   :   01;
	7ac2   :   01;
	7ac3   :   01;
	7ac4   :   13;
	7ac5   :   00;
	7ac6   :   00;
	7ac7   :   00;
	7ac8   :   03;
	7ac9   :   04;
	7aca   :   0e;
	7acb   :   0e;
	7acc   :   13;
	7acd   :   00;
	7ace   :   00;
	7acf   :   00;
	7ad0   :   0e;
	7ad1   :   05;
	7ad2   :   04;
	7ad3   :   0c;
	7ad4   :   13;
	7ad5   :   00;
	7ad6   :   00;
	7ad7   :   00;
	7ad8   :   15;
	7ad9   :   15;
	7ada   :   1d;
	7adb   :   1e;
	7adc   :   13;
	7add   :   00;
	7ade   :   00;
	7adf   :   00;
	7ae0   :   1e;
	7ae1   :   1e;
	7ae2   :   1e;
	7ae3   :   1e;
	7ae4   :   13;
	7ae5   :   00;
	7ae6   :   00;
	7ae7   :   00;
	7ae8   :   1f;
	7ae9   :   5f;
	7aea   :   67;
	7aeb   :   5f;
	7aec   :   13;
	7aed   :   00;
	7aee   :   00;
	7aef   :   00;
	7af0   :   66;
	7af1   :   a6;
	7af2   :   54;
	7af3   :   05;
	7af4   :   13;
	7af5   :   00;
	7af6   :   00;
	7af7   :   00;
	7af8   :   0e;
	7af9   :   0e;
	7afa   :   0e;
	7afb   :   0d;
	7afc   :   13;
	7afd   :   00;
	7afe   :   00;
	7aff   :   00;
	7b00   :   0c;
	7b01   :   05;
	7b02   :   05;
	7b03   :   05;
	7b04   :   13;
	7b05   :   00;
	7b06   :   00;
	7b07   :   00;
	7b08   :   05;
	7b09   :   04;
	7b0a   :   0c;
	7b0b   :   0c;
	7b0c   :   13;
	7b0d   :   00;
	7b0e   :   00;
	7b0f   :   00;
	7b10   :   03;
	7b11   :   04;
	7b12   :   04;
	7b13   :   05;
	7b14   :   13;
	7b15   :   00;
	7b16   :   00;
	7b17   :   00;
	7b18   :   0e;
	7b19   :   0c;
	7b1a   :   04;
	7b1b   :   04;
	7b1c   :   13;
	7b1d   :   00;
	7b1e   :   00;
	7b1f   :   00;
	7b20   :   04;
	7b21   :   04;
	7b22   :   04;
	7b23   :   05;
	7b24   :   13;
	7b25   :   00;
	7b26   :   00;
	7b27   :   00;
	7b28   :   0c;
	7b29   :   02;
	7b2a   :   05;
	7b2b   :   04;
	7b2c   :   13;
	7b2d   :   00;
	7b2e   :   00;
	7b2f   :   00;
	7b30   :   05;
	7b31   :   06;
	7b32   :   0e;
	7b33   :   06;
	7b34   :   13;
	7b35   :   00;
	7b36   :   00;
	7b37   :   00;
	7b38   :   05;
	7b39   :   04;
	7b3a   :   04;
	7b3b   :   05;
	7b3c   :   13;
	7b3d   :   00;
	7b3e   :   00;
	7b3f   :   00;
	7b40   :   05;
	7b41   :   0d;
	7b42   :   0d;
	7b43   :   0c;
	7b44   :   13;
	7b45   :   00;
	7b46   :   00;
	7b47   :   00;
	7b48   :   0b;
	7b49   :   0c;
	7b4a   :   03;
	7b4b   :   05;
	7b4c   :   13;
	7b4d   :   00;
	7b4e   :   00;
	7b4f   :   00;
	7b50   :   04;
	7b51   :   04;
	7b52   :   03;
	7b53   :   03;
	7b54   :   13;
	7b55   :   00;
	7b56   :   00;
	7b57   :   00;
	7b58   :   02;
	7b59   :   03;
	7b5a   :   03;
	7b5b   :   01;
	7b5c   :   13;
	7b5d   :   00;
	7b5e   :   00;
	7b5f   :   00;
	7b60   :   02;
	7b61   :   02;
	7b62   :   03;
	7b63   :   03;
	7b64   :   13;
	7b65   :   00;
	7b66   :   00;
	7b67   :   00;
	7b68   :   03;
	7b69   :   03;
	7b6a   :   03;
	7b6b   :   04;
	7b6c   :   13;
	7b6d   :   00;
	7b6e   :   00;
	7b6f   :   00;
	7b70   :   05;
	7b71   :   05;
	7b72   :   05;
	7b73   :   04;
	7b74   :   13;
	7b75   :   00;
	7b76   :   00;
	7b77   :   00;
	7b78   :   03;
	7b79   :   05;
	7b7a   :   03;
	7b7b   :   02;
	7b7c   :   13;
	7b7d   :   00;
	7b7e   :   00;
	7b7f   :   00;
	7b80   :   02;
	7b81   :   02;
	7b82   :   02;
	7b83   :   03;
	7b84   :   13;
	7b85   :   00;
	7b86   :   00;
	7b87   :   00;
	7b88   :   03;
	7b89   :   03;
	7b8a   :   02;
	7b8b   :   02;
	7b8c   :   13;
	7b8d   :   00;
	7b8e   :   00;
	7b8f   :   00;
	7b90   :   02;
	7b91   :   01;
	7b92   :   51;
	7b93   :   10;
	7b94   :   13;
	7b95   :   00;
	7b96   :   00;
	7b97   :   00;
	7b98   :   51;
	7b99   :   51;
	7b9a   :   11;
	7b9b   :   12;
	7b9c   :   13;
	7b9d   :   00;
	7b9e   :   00;
	7b9f   :   00;
	7ba0   :   11;
	7ba1   :   09;
	7ba2   :   10;
	7ba3   :   10;
	7ba4   :   13;
	7ba5   :   00;
	7ba6   :   00;
	7ba7   :   00;
	7ba8   :   10;
	7ba9   :   10;
	7baa   :   10;
	7bab   :   10;
	7bac   :   13;
	7bad   :   00;
	7bae   :   00;
	7baf   :   00;
	7bb0   :   10;
	7bb1   :   10;
	7bb2   :   1a;
	7bb3   :   1d;
	7bb4   :   13;
	7bb5   :   00;
	7bb6   :   00;
	7bb7   :   00;
	7bb8   :   14;
	7bb9   :   13;
	7bba   :   0b;
	7bbb   :   03;
	7bbc   :   13;
	7bbd   :   00;
	7bbe   :   00;
	7bbf   :   00;
	7bc0   :   0d;
	7bc1   :   03;
	7bc2   :   01;
	7bc3   :   01;
	7bc4   :   13;
	7bc5   :   00;
	7bc6   :   00;
	7bc7   :   00;
	7bc8   :   02;
	7bc9   :   03;
	7bca   :   05;
	7bcb   :   05;
	7bcc   :   13;
	7bcd   :   00;
	7bce   :   00;
	7bcf   :   00;
	7bd0   :   0d;
	7bd1   :   04;
	7bd2   :   02;
	7bd3   :   02;
	7bd4   :   13;
	7bd5   :   00;
	7bd6   :   00;
	7bd7   :   00;
	7bd8   :   01;
	7bd9   :   02;
	7bda   :   04;
	7bdb   :   02;
	7bdc   :   13;
	7bdd   :   00;
	7bde   :   00;
	7bdf   :   00;
	7be0   :   00;
	7be1   :   03;
	7be2   :   04;
	7be3   :   04;
	7be4   :   13;
	7be5   :   00;
	7be6   :   00;
	7be7   :   00;
	7be8   :   04;
	7be9   :   03;
	7bea   :   03;
	7beb   :   03;
	7bec   :   13;
	7bed   :   00;
	7bee   :   00;
	7bef   :   00;
	7bf0   :   02;
	7bf1   :   02;
	7bf2   :   02;
	7bf3   :   02;
	7bf4   :   13;
	7bf5   :   00;
	7bf6   :   00;
	7bf7   :   00;
	7bf8   :   01;
	7bf9   :   01;
	7bfa   :   01;
	7bfb   :   01;
	7bfc   :   13;
	7bfd   :   00;
	7bfe   :   00;
	7bff   :   00;
	7c00   :   01;
	7c01   :   01;
	7c02   :   01;
	7c03   :   01;
	7c04   :   13;
	7c05   :   00;
	7c06   :   00;
	7c07   :   00;
	7c08   :   01;
	7c09   :   01;
	7c0a   :   04;
	7c0b   :   0c;
	7c0c   :   13;
	7c0d   :   00;
	7c0e   :   00;
	7c0f   :   00;
	7c10   :   02;
	7c11   :   01;
	7c12   :   01;
	7c13   :   02;
	7c14   :   13;
	7c15   :   00;
	7c16   :   00;
	7c17   :   00;
	7c18   :   0b;
	7c19   :   16;
	7c1a   :   1f;
	7c1b   :   1f;
	7c1c   :   13;
	7c1d   :   00;
	7c1e   :   00;
	7c1f   :   00;
	7c20   :   1f;
	7c21   :   1f;
	7c22   :   1f;
	7c23   :   1f;
	7c24   :   13;
	7c25   :   00;
	7c26   :   00;
	7c27   :   00;
	7c28   :   1f;
	7c29   :   1f;
	7c2a   :   1f;
	7c2b   :   1f;
	7c2c   :   13;
	7c2d   :   00;
	7c2e   :   00;
	7c2f   :   00;
	7c30   :   16;
	7c31   :   16;
	7c32   :   65;
	7c33   :   0d;
	7c34   :   13;
	7c35   :   00;
	7c36   :   00;
	7c37   :   00;
	7c38   :   04;
	7c39   :   04;
	7c3a   :   04;
	7c3b   :   03;
	7c3c   :   13;
	7c3d   :   00;
	7c3e   :   00;
	7c3f   :   00;
	7c40   :   02;
	7c41   :   04;
	7c42   :   04;
	7c43   :   03;
	7c44   :   13;
	7c45   :   00;
	7c46   :   00;
	7c47   :   00;
	7c48   :   04;
	7c49   :   05;
	7c4a   :   04;
	7c4b   :   05;
	7c4c   :   13;
	7c4d   :   00;
	7c4e   :   00;
	7c4f   :   00;
	7c50   :   0d;
	7c51   :   0d;
	7c52   :   04;
	7c53   :   03;
	7c54   :   13;
	7c55   :   00;
	7c56   :   00;
	7c57   :   00;
	7c58   :   03;
	7c59   :   05;
	7c5a   :   0e;
	7c5b   :   04;
	7c5c   :   13;
	7c5d   :   00;
	7c5e   :   00;
	7c5f   :   00;
	7c60   :   03;
	7c61   :   03;
	7c62   :   04;
	7c63   :   05;
	7c64   :   13;
	7c65   :   00;
	7c66   :   00;
	7c67   :   00;
	7c68   :   04;
	7c69   :   04;
	7c6a   :   05;
	7c6b   :   04;
	7c6c   :   13;
	7c6d   :   00;
	7c6e   :   00;
	7c6f   :   00;
	7c70   :   03;
	7c71   :   03;
	7c72   :   04;
	7c73   :   03;
	7c74   :   13;
	7c75   :   00;
	7c76   :   00;
	7c77   :   00;
	7c78   :   03;
	7c79   :   04;
	7c7a   :   04;
	7c7b   :   04;
	7c7c   :   13;
	7c7d   :   00;
	7c7e   :   00;
	7c7f   :   00;
	7c80   :   05;
	7c81   :   0d;
	7c82   :   0d;
	7c83   :   03;
	7c84   :   13;
	7c85   :   00;
	7c86   :   00;
	7c87   :   00;
	7c88   :   0d;
	7c89   :   0c;
	7c8a   :   02;
	7c8b   :   05;
	7c8c   :   13;
	7c8d   :   00;
	7c8e   :   00;
	7c8f   :   00;
	7c90   :   04;
	7c91   :   03;
	7c92   :   02;
	7c93   :   02;
	7c94   :   13;
	7c95   :   00;
	7c96   :   00;
	7c97   :   00;
	7c98   :   03;
	7c99   :   04;
	7c9a   :   02;
	7c9b   :   00;
	7c9c   :   13;
	7c9d   :   00;
	7c9e   :   00;
	7c9f   :   00;
	7ca0   :   01;
	7ca1   :   01;
	7ca2   :   01;
	7ca3   :   02;
	7ca4   :   13;
	7ca5   :   00;
	7ca6   :   00;
	7ca7   :   00;
	7ca8   :   03;
	7ca9   :   03;
	7caa   :   03;
	7cab   :   04;
	7cac   :   13;
	7cad   :   00;
	7cae   :   00;
	7caf   :   00;
	7cb0   :   05;
	7cb1   :   05;
	7cb2   :   04;
	7cb3   :   04;
	7cb4   :   13;
	7cb5   :   00;
	7cb6   :   00;
	7cb7   :   00;
	7cb8   :   04;
	7cb9   :   03;
	7cba   :   03;
	7cbb   :   03;
	7cbc   :   13;
	7cbd   :   00;
	7cbe   :   00;
	7cbf   :   00;
	7cc0   :   03;
	7cc1   :   04;
	7cc2   :   04;
	7cc3   :   04;
	7cc4   :   13;
	7cc5   :   00;
	7cc6   :   00;
	7cc7   :   00;
	7cc8   :   04;
	7cc9   :   03;
	7cca   :   02;
	7ccb   :   03;
	7ccc   :   13;
	7ccd   :   00;
	7cce   :   00;
	7ccf   :   00;
	7cd0   :   03;
	7cd1   :   01;
	7cd2   :   09;
	7cd3   :   08;
	7cd4   :   13;
	7cd5   :   00;
	7cd6   :   00;
	7cd7   :   00;
	7cd8   :   09;
	7cd9   :   49;
	7cda   :   08;
	7cdb   :   09;
	7cdc   :   13;
	7cdd   :   00;
	7cde   :   00;
	7cdf   :   00;
	7ce0   :   02;
	7ce1   :   09;
	7ce2   :   08;
	7ce3   :   08;
	7ce4   :   13;
	7ce5   :   00;
	7ce6   :   00;
	7ce7   :   00;
	7ce8   :   08;
	7ce9   :   08;
	7cea   :   08;
	7ceb   :   08;
	7cec   :   13;
	7ced   :   00;
	7cee   :   00;
	7cef   :   00;
	7cf0   :   11;
	7cf1   :   0a;
	7cf2   :   11;
	7cf3   :   1b;
	7cf4   :   13;
	7cf5   :   00;
	7cf6   :   00;
	7cf7   :   00;
	7cf8   :   1b;
	7cf9   :   13;
	7cfa   :   0b;
	7cfb   :   0c;
	7cfc   :   13;
	7cfd   :   00;
	7cfe   :   00;
	7cff   :   00;
	7d00   :   00;
	7d01   :   00;
	7d02   :   00;
	7d03   :   00;
	7d04   :   13;
	7d05   :   00;
	7d06   :   00;
	7d07   :   00;
END;
